"LicenceNumber","ApplicationStatusEn","LicenceStatus","LicenceTypeEn","Latitude","Longitude","PremisesName","StreetAddress","City","Province","PostalCode","AddressID"
"CRSA1107686","Authorized to Open","Active","Cannabis Retail Store Authorization","46.4509339","-81.004715","CANNA CABANA SUDBURY","2019 LONG LAKE RD","SUDBURY","ON","P3E4M8","33370016"
"CRSA1114079","Authorized to Open","Active","Cannabis Retail Store Authorization","42.9378417","-81.2258887","LONDON CANNABIS","1025 WELLINGTON ROAD, UNIT A-2","LONDON","ON","N6E 1W4","33835672"
"CRSA1126112","Authorized to Open","Active","Cannabis Retail Store Authorization","43.8792257","-78.8789117","PURPLE MOOSE","575 LAVAL DR SUITE 400","OSHAWA","ON","L1J0B5","33661682"
"CRSA1152164","Authorized to Open","Active","Cannabis Retail Store Authorization","43.1998941","-79.2540174","THE NIAGARA HERBALIST","33 LAKESHORE RD UNIT 15","ST CATHARINES","ON","L2N7B3","32883111"
"CRSA1159246","Authorized to Open","Active","Cannabis Retail Store Authorization","43.8611438885155","-79.0267664235069","One Plant","20 KINGSTON RD W UNIT 3A","AJAX","ON","L1T4K8","49775356"
"CRSA1161431","Authorized to Open","Active","Cannabis Retail Store Authorization","43.9674272563658","-79.2641397116549","One Plant Stouffville","5779 MAIN ST UNIT 105","STOUFFVILLE","ON","L4A4R2","44268797"
"CRSA1162578","Authorized to Open","Active","Cannabis Retail Store Authorization","43.2501753","-79.8062979","CANNA CABANA","1317 BARTON STREET EAST UNIT H09","HAMILTON","ON","L8H 2V4","34574367"
"CRSA1170449","Authorized to Open","Active","Cannabis Retail Store Authorization","46.339865","-79.573687","Kana Leaf","2 OSPREY MIIKAN RD","NORTH BAY","ON","P1B8G5","43513805"
"CRSA1172363","Authorized to Open","Active","Cannabis Retail Store Authorization","43.2603708157135","-79.8675106572507","The Gym Cannabis","135 JAMES ST N","HAMILTON","ON","L8R2K8","44040509"
"CRSA1172364","Authorized to Open","Active","Cannabis Retail Store Authorization","43.6812341795833","-79.4284759848808","Edition X","764 ST CLAIR AVE W","TORONTO","ON","M6C1B5","64489344"
"CRSA1172368","Authorized to Open","Active","Cannabis Retail Store Authorization","43.7569586","-79.2784465","Your Local Cannabis","1260 KENNEDY RD UNIT 9","SCARBOROUGH","ON","M1P2L3","35871990"
"CRSA1172378","Authorized to Open","Active","Cannabis Retail Store Authorization","43.7836107548909","-79.1701464114204","GOOD COOKIE","371 OLD KINGSTON RD SUITE B","SCARBOROUGH","ON","M1C1B7","64491117"
"CRSA1172379","Authorized to Open","Active","Cannabis Retail Store Authorization","45.3677451897977","-75.7026070184088","SPIRITLEAF 888 MEADOWLANDS DRIVE EAST","888 MEADOWLANDS DR E UNIT 7","OTTAWA","ON","K2C3R2","68287959"
"CRSA1172387","Authorized to Open","Active","Cannabis Retail Store Authorization","43.0893345167353","-79.1026394460154","OFFSIDE CANNABIS","6474 LUNDY'S LANE","NIAGARA FALLS","ON","L2G1T6","44052631"
"CRSA1172387","Authorized to Open","Active","Cannabis Retail Store Authorization","43.0893345167353","-79.1026394460154","OFFSIDE CANNABIS","6474 LUNDY'S LANE","NIAGARA FALLS","ON","L2G1T6","44052631"
"CRSA1172392","Authorized to Open","Active","Cannabis Retail Store Authorization","43.6381282234404","-79.4314765942351","Dutch Love Cannabis","1316 KING ST W","TORONTO","ON","M6K1G8","64492156"
"CRSA1172412","Authorized to Open","Active","Cannabis Retail Store Authorization","43.942662","-79.3789333411341","Gormley Cannabis","12275 WOODBINE AVE.","WHITCHURCH-STOUFFVILLE","ON","L0H 1G0","64493626"
"CRSA1172417","Authorized to Open","Active","Cannabis Retail Store Authorization","44.2868381218764","-78.3261063269662","Sessions Cannabis Peterborough","550 LANSDOWNE ST W UNIT 15","PETERBOROUGH","ON","K9J8J8","64494115"
"CRSA1172422","Authorized to Open","Active","Cannabis Retail Store Authorization","43.6757563716412","-79.4024467264808","Davenport Leaf","139 DUPONT ST","TORONTO","ON","M5R1V4","64494500"
"CRSA1172424","Authorized to Open","Active","Cannabis Retail Store Authorization","43.4374251912974","-80.5115572994978","HIGHLAND CANNABIS","370 HIGHLAND RD W UNIT 15B","KITCHENER","ON","N2M5J9","64494758"
"CRSA1172427","Authorized to Open","Active","Cannabis Retail Store Authorization","43.644909008241","-79.39516677493","BLUNT AND CHERRY","64 SPADINA AVE UNIT 100","TORONTO","ON","M5V2H8","207552604"
"CRSA1172435","Authorized to Open","Active","Cannabis Retail Store Authorization","44.2750270930229","-78.3742964546424","Kasa Kana","1840 LANSDOWNE ST W UNIT 8","PETERBOROUGH","ON","K9K2M9","64495650"
"CRSA1172436","Authorized to Open","Active","Cannabis Retail Store Authorization","43.6628880940908","-79.3673876066999","Canna Cabana","433 PARLIAMENT ST","TORONTO","ON","M5A3A1","45031"
"CRSA1172436","Authorized to Open","Active","Cannabis Retail Store Authorization","43.6628880940908","-79.3673876066999","Canna Cabana","433 PARLIAMENT ST","TORONTO","ON","M5A3A1","45031"
"CRSA1172437","Authorized to Open","Active","Cannabis Retail Store Authorization","43.3745682855232","-79.835568001338","Canna Cabana  Burlington ","2400 GUELPH LINE UNIT 2","BURLINGTON","ON","L7P4M7","64495878"
"CRSA1172441","Authorized to Open","Active","Cannabis Retail Store Authorization","43.092058095216","-79.0761252556407","CANNA CABANA","5731 VICTORIA AVE","NIAGARA FALLS","ON","L2G3L5","44454980"
"CRSA1172441","Authorized to Open","Active","Cannabis Retail Store Authorization","43.092058095216","-79.0761252556407","CANNA CABANA","5731 VICTORIA AVE","NIAGARA FALLS","ON","L2G3L5","44454980"
"CRSA1172445","Authorized to Open","Active","Cannabis Retail Store Authorization","48.431073341393","-89.2277615754805","Rainbow Thunder Bay Cannabis Accessories","264 BAY ST","THUNDER BAY","ON","P7B1R5","24172121"
"CRSA1172446","Authorized to Open","Active","Cannabis Retail Store Authorization","45.2685800033009","-75.9312599599041","Spiritleaf 1250 STITTSVILLE MAIN STREET","1250 STITTSVILLE MAIN ST UNIT C10","STITTSVILLE","ON","K2S1S9","68788606"
"CRSA1172447","Authorized to Open","Active","Cannabis Retail Store Authorization","43.6687462234404","-79.3378459848808","TWO CATS CANNABIS CO.","1014 GERRARD ST E","TORONTO","ON","M4M1Z3","64496739"
"CRSA1172448","Authorized to Open","Active","Cannabis Retail Store Authorization","43.6390952","-79.4448508","Spiritleaf 1698 Queen St W","1698 QUEEN ST W","TORONTO","ON","M6R1B3","34007836"
"CRSA1172449","Authorized to Open","Active","Cannabis Retail Store Authorization","43.3318303225228","-79.8966629229616","SPIRITLEAF 64 HAMILTON STREET NORTH","64 HAMILTON ST N UNIT 2A","WATERDOWN","ON","L8B0E6","64497013"
"CRSA1172455","Authorized to Open","Active","Cannabis Retail Store Authorization","44.3553571218668","-78.7352035884839","Lindsay Cannabis Store","17 KENT ST W","LINDSAY","ON","K9V2X9","24142211"
"CRSA1172459","Authorized to Open","Active","Cannabis Retail Store Authorization","43.2264939758784","-79.8724822693463","SilverLeaf Cannabis","171 MOHAWK RD E, UNIT 1","HAMILTON","ON","L9A 2H4","66660896"
"CRSA1172462","Authorized to Open","Active","Cannabis Retail Store Authorization","44.2631999982426","-76.5741895030902","Calyx + Trichomes","1105 MIDLAND AVE UNITS 4 - 5","KINGSTON","ON","K7P2X8","65193715"
"CRSA1172464","Authorized to Open","Active","Cannabis Retail Store Authorization","43.1560205515573","-79.2620276251204","Garden City Cannabis Co","111 FOURTH AVE UNIT 9","ST CATHARINES","ON","L2S3P5","64498598"
"CRSA1172469","Authorized to Open","Active","Cannabis Retail Store Authorization","43.7989758520115","-79.1956358308614","SPIRITLEAF 875 MILNER AVENUE","875 MILNER AVE UNIT 114","SCARBOROUGH","ON","M1B5N6","64499198"
"CRSA1172471","Authorized to Open","Active","Cannabis Retail Store Authorization","43.7082899192394","-79.3760978840962","Canna Cabana East York","1723 BAYVIEW AVE UNIT A1","EAST YORK","ON","M4G3C1","64499360"
"CRSA1172471","Authorized to Open","Active","Cannabis Retail Store Authorization","43.7082899192394","-79.3760978840962","Canna Cabana East York","1723 BAYVIEW AVE UNIT A1","EAST YORK","ON","M4G3C1","64499360"
"CRSA1172474","Authorized to Open","Active","Cannabis Retail Store Authorization","43.7749930858096","-79.4693253963586","SESSIONS CANNABIS NORTH YORK","4700 DUFFERIN ST UNIT 3","NORTH YORK","ON","M3H5S7","43922239"
"CRSA1172478","Authorized to Open","Active","Cannabis Retail Store Authorization","42.7790475344995","-81.1946436975845","Bob's Bud Emporium","483 TALBOT ST","ST THOMAS","ON","N5P1C3","64499953"
"CRSA1172479","Authorized to Open","Active","Cannabis Retail Store Authorization","48.384065536211","-89.2452502456287","RAINBOW THUNDER BAY CANNABIS ACCESSORIES ","428 VICTORIA AVE E","THUNDER BAY","ON","P7C1A5","64500031"
"CRSA1172484","Authorized to Open","Active","Cannabis Retail Store Authorization","45.4003116751509","-75.7301921726541","Spiritleaf 1200B Wellington Street West","1200B WELLINGTON ST W","OTTAWA","ON","K1Y2Z7","95403"
"CRSA1172485","Authorized to Open","Active","Cannabis Retail Store Authorization","43.5214044979512","-80.2358632648742","Spiritleaf Guelph","492 EDINBURGH RD S UNIT B2B","GUELPH","ON","N1G4Z1","52406653"
"CRSA1172490","Authorized to Open","Active","Cannabis Retail Store Authorization","43.6656635187545","-79.4875082740781","Budders","3466 DUNDAS ST W UNIT 1","YORK","ON","M6S2S1","44195930"
"CRSA1172491","Authorized to Open","Active","Cannabis Retail Store Authorization","43.6564339930751","-79.3569637913035","Northern Helm Cannabis","514 KING ST E UNIT E","TORONTO","ON","M5A1M1","65701653"
"CRSA1172492","Authorized to Open","Active","Cannabis Retail Store Authorization","46.5423099358894","-84.3190664173813","Cannabis Jack's","518 GREAT NORTHERN RD UNIT 1","SAULT STE. MARIE","ON","P6B4Z9","44142923"
"CRSA1172497","Authorized to Open","Active","Cannabis Retail Store Authorization","44.7346238821552","-77.1597490562635","41 Cannabis Company","12278 HIGHWAY 41 RR 1","NORTHBROOK","ON","K0H2G0","53493387"
"CRSA1172497","Authorized to Open","Active","Cannabis Retail Store Authorization","44.7346238821552","-77.1597490562635","41 Cannabis Company","12278 HIGHWAY 41 RR 1","NORTHBROOK","ON","K0H2G0","53493387"
"CRSA1172499","Authorized to Open","Active","Cannabis Retail Store Authorization","43.3157024371572","-79.9136212968721","GRASS STATION","53 DUNDAS ST E SUITE 2","WATERDOWN","ON","L8B0X1","67000218"
"CRSA1172501","Authorized to Open","Active","Cannabis Retail Store Authorization","42.3922089275779","-82.1970547002711","Bud Bank","445 RICHMOND ST","CHATHAM","ON","N7M1R2","53067528"
"CRSA1172508","Authorized to Open","Active","Cannabis Retail Store Authorization","43.6679253933216","-79.4879047455441","SPIRITLEAF","2561 ST CLAIR AVE W UNIT B2","TORONTO","ON","M6N 4Z5","77195686"
"CRSA1172509","Authorized to Open","Active","Cannabis Retail Store Authorization","45.2701046039586","-75.7425000477522","Tokyo Smoke Chapman Mills","80 MARKETPLACE AVE UNIT J009","NEPEAN","ON","K2J5G3","67479040"
"CRSA1172510","Authorized to Open","Active","Cannabis Retail Store Authorization","43.6890036622424","-79.4951611666571","Canvas Cannabis","1285 WESTON RD","YORK","ON","M6M4R2","145877"
"CRSA1172512","Authorized to Open","Active","Cannabis Retail Store Authorization","43.1066385121181","-79.0698410255352","Wonder Buds Cannabis","4635-A  QUEEN ST","NIAGARA FALLS","ON","L2E2L7","64503665"
"CRSA1172518","Authorized to Open","Active","Cannabis Retail Store Authorization","43.6763862642343","-79.449427670771","Insalata","1331 ST CLAIR AVE W","TORONTO","ON","M6E1C2","264101"
"CRSA1172528","Authorized to Open","Active","Cannabis Retail Store Authorization","43.4188300107693","-80.3245200125149","Sessions Cannabis Cambridge","101 HOLIDAY INN DR UNIT B1","CAMBRIDGE","ON","N3C1Z3","68789137"
"CRSA1172536","Authorized to Open","Active","Cannabis Retail Store Authorization","43.7252182811473","-79.290741747475","Tokyo Smoke Eglinton Town Centre","8 LEBOVIC AVE UNIT B5","SCARBOROUGH ","ON","M1L 4V9 ","67930628"
"CRSA1172547","Authorized to Open","Active","Cannabis Retail Store Authorization","42.2834945856367","-83.0554808924061","THE WE STORE","1800 HURON CHURCH RD UNIT B","WINDSOR","ON","N9C2L5","64506755"
"CRSA1172550","Authorized to Open","Active","Cannabis Retail Store Authorization","43.3710110909837","-80.954557671138","Little Leaf","804 ONTARIO ST UNIT 3-5","STRATFORD","ON","N5A3K1","65449206"
"CRSA1172551","Authorized to Open","Active","Cannabis Retail Store Authorization","43.6556931945869","-79.411554218997","Spiritleaf Little Italy","542 COLLEGE ST","TORONTO","ON","M6G1A9","64507363"
"CRSA1172552","Authorized to Open","Active","Cannabis Retail Store Authorization","45.3242263","-75.828808","PURE LEAF CANNABIS","2027 ROBERTSON RD","NEPEAN","ON","K2H5Y7","30567192"
"CRSA1172560","Authorized to Open","Active","Cannabis Retail Store Authorization","45.4894881215879","-75.4779547443306","Unplug Cannabis Co.","1375 TRIM RD UNIT 3","ORLEANS","ON ","K4A3P7","68527287"
"CRSA1172565","Authorized to Open","Active","Cannabis Retail Store Authorization","43.6504132234404","-79.4154477618731","VALUE BUDS","994 DUNDAS ST W","TORONTO","ON","M6J1W6","194182"
"CRSA1172566","Authorized to Open","Active","Cannabis Retail Store Authorization","45.0847347036179","-77.8622177830222","The Underground Ontario","1 FAIRWAY BLVD UNIT 6 RR 2","BANCROFT","ON","K0L1C0","66036353"
"CRSA1172567","Authorized to Open","Active","Cannabis Retail Store Authorization","43.6641151212995","-79.3265562392521","K’S POT SHOP","1342 QUEEN ST E","TORONTO","ON","M4L1C5","44714961"
"CRSA1172574","Authorized to Open","Active","Cannabis Retail Store Authorization","44.3468220138785","-79.6638873319866","Star Buds Cannabis Co.","500 HURONIA RD UNIT 208","BARRIE","ON","L4N8X3","64509626"
"CRSA1172575","Authorized to Open","Active","Cannabis Retail Store Authorization","42.3131648342665","-82.9372855295459","Urbnbud","7405 TECUMSEH ROAD EAST UNIT 200","WINDSOR","ON","N8T 1G2","68435252"
"CRSA1172584","Authorized to Open","Active","Cannabis Retail Store Authorization","42.3069976997001","-82.8638911758202","REGULATORS CANNABIS","35 AMY CROFT DR UNIT 5","LAKESHORE","ON","N9K1C7","65898215"
"CRSA1172585","Authorized to Open","Active","Cannabis Retail Store Authorization","43.8959936780541","-78.872577687172","Sessions Cannabis Oshawa","1 WARREN AVE UNIT 104","OSHAWA","ON","L1J4E9","64510759"
"CRSA1172587","Authorized to Open","Active","Cannabis Retail Store Authorization","44.370536123781","-79.6685853684861","The Den Cannabis Store","190 MINETS POINT UNIT 4","BARRIE","ON","L4N 8J8","64510945"
"CRSA1172589","Authorized to Open","Active","Cannabis Retail Store Authorization","44.4181927168908","-79.6958970201109","Star Buds Cannabis Co.","181 LIVINGSTONE ST E UNIT 3","BARRIE","ON","L4M6Z4","44665729"
"CRSA1172593","Authorized to Open","Active","Cannabis Retail Store Authorization","43.9356199809982","-78.8706300402389","Spiritleaf","250 TAUNTON RD EAST UNIT 12","OSHAWA ","ON ","L1G 7T1","77777366"
"CRSA1172594","Authorized to Open","Active","Cannabis Retail Store Authorization","43.1399294726758","-80.2465347404346","HIGHLIFE CANNABIS BRANTFORD","10 STANLEY ST","BRANTFORD","ON","N3S7N4","24105925"
"CRSA1172596","Authorized to Open","Active","Cannabis Retail Store Authorization","43.643303705811","-79.5337738461248","Em Jay's","5160 DUNDAS ST W","ETOBICOKE","ON","M9A1C2","44770378"
"CRSA1172597","Authorized to Open","Active","Cannabis Retail Store Authorization","43.7449811579432","-79.2968078129435","Growers Retail","2002 LAWRENCE AVE E","SCARBOROUGH","ON","M1R2Z1","44301871"
"CRSA1172601","Authorized to Open","Active","Cannabis Retail Store Authorization","42.7622874","-81.1973555","Green Light Cannabis Shop","188 SUNSET DR SUITE 1","ST THOMAS","ON","N5R3B9","30809549"
"CRSA1172602","Authorized to Open","Active","Cannabis Retail Store Authorization","44.5640234021869","-80.9416464775232","Cannabis Grey Bruce","236 8TH ST E","OWEN SOUND","ON","N4K1L1","266060"
"CRSA1172603","Authorized to Open","Active","Cannabis Retail Store Authorization","43.2189475297324","-79.8425204171952","Sessions Cannabis ","712 MOHAWK RD E UNIT 1","HAMILTON","ON","L8T2P8","67149787"
"CRSA1172604","Authorized to Open","Active","Cannabis Retail Store Authorization","43.6433592772808","-79.3939904462465","VALUE BUDS","49 SPADINA AVE","TORONTO","ON","M5V2J1","3116442"
"CRSA1172605","Authorized to Open","Active","Cannabis Retail Store Authorization","43.1554937082571","-79.2734428454246","Inspired Cannabis Co.","295 FOURTH AVE SUITE 2","ST CATHARINES","ON","L2S0E7","70701347"
"CRSA1172607","Authorized to Open","Active","Cannabis Retail Store Authorization","44.2903166529142","-78.3112172435994","NORTHERN LIGHTS CANNABIS","51 LANSDOWNE ST W","PETERBOROUGH","ON","K9J1X8","24249571"
"CRSA1172610","Authorized to Open","Active","Cannabis Retail Store Authorization","43.6630230940908","-79.3674360484161","THE GREEN CLOSET","439 PARLIAMENT ST","TORONTO","ON","M5A3A1","44356671"
"CRSA1172613","Authorized to Open","Active","Cannabis Retail Store Authorization","42.0355484932193","-82.9176085241789","RC BUD SHOP","6 KING STREET","HARROW","ON","N0R1G0","64513841"
"CRSA1172614","Authorized to Open","Active","Cannabis Retail Store Authorization","43.2212790158404","-79.8515942067633","Hamilton Cannabis Co.","525 MOHAWK RD E","HAMILTON","ON","L8V2J5","24251023"
"CRSA1172615","Authorized to Open","Active","Cannabis Retail Store Authorization","43.709588319176","-79.4440729997402","Eighth Cannabis","610 MARLEE AVE","NORTH YORK","ON","M6B3J5","64514167"
"CRSA1172617","Authorized to Open","Active","Cannabis Retail Store Authorization","43.6488977057823","-79.3727925047032","Canna Cabana","79 FRONT ST E","TORONTO","ON","M5E1B8","24223617"
"CRSA1172618","Authorized to Open","Active","Cannabis Retail Store Authorization","43.2175390283338","-79.9188560458772","HIGHLIFE CANNABIS UP AFFX","919 UPPER PARADISE RD UNIT 5","HAMILTON","ON","L9B2M9","67326547"
"CRSA1172622","Authorized to Open","Active","Cannabis Retail Store Authorization","43.7361638342665","-79.347973922933","SPIRITLEAF 895 LAWRENCE AVENUE","895 LAWRENCE AVE E, UNIT NO. A01001A ","NORTH YORK","ON","M3C 3L2","64514960"
"CRSA1172623","Authorized to Open","Active","Cannabis Retail Store Authorization","42.3340125401062","-81.9978744514111","Higher Limits Cannabis Company","52 CATHERINE ST UNIT 4","BLENHEIM","ON","N0P1A0","67219634"
"CRSA1172625","Authorized to Open","Active","Cannabis Retail Store Authorization","43.3917325997176","-79.7874069072359","Canada Buds","1860 APPLEBY LINE UNIT 11B","BURLINGTON","ON ","L7L7H7","67221154"
"CRSA1172630","Authorized to Open","Active","Cannabis Retail Store Authorization","44.1148699978901","-79.5651800183417","STAR BUDS CANNABIS CO. ","22 BARRIE ST","BRADFORD","ON","L3Z1R6","68985643"
"CRSA1172631","Authorized to Open","Active","Cannabis Retail Store Authorization","43.3708174583064","-80.9465594306077","SPIRITLEAF","1020 ONTARIO ST SUITE 2","STRATFORD","ON","N5A6Z3","64515798"
"CRSA1172635","Authorized to Open","Active","Cannabis Retail Store Authorization","43.4511432722605","-80.4928308048935","The Cannabist Shop - King","201 KING ST W","KITCHENER","ON","N2G1B1","41603647"
"CRSA1172638","Authorized to Open","Active","Cannabis Retail Store Authorization","42.9944835165902","-79.2656180255352","Sessions Cannabis Retail","200 FITCH ST UNIT 12A","WELLAND","ON","L3C4V9","55144918"
"CRSA1172643","Authorized to Open","Active","Cannabis Retail Store Authorization","45.3250310837904","-75.7788281637133","DREAM CANNABIS  ","250 GREENBANK RD UNIT 1B","NEPEAN","ON","K2H8X4","67472034"
"CRSA1172645","Authorized to Open","Active","Cannabis Retail Store Authorization","43.3532660885796","-79.7871564860346","Spiritleaf","3295 FAIRVIEW ST, UNIT 004A","BURLINGTON","ON","L7N 3N9","64517468"
"CRSA1172646","Authorized to Open","Active","Cannabis Retail Store Authorization","44.3507020952588","-78.7574634513308","The 420 Store","370 KENT ST W","LINDSAY","ON","K9V6G8","121899"
"CRSA1172649","Authorized to Open","Active","Cannabis Retail Store Authorization","43.7296176777656","-79.403423802412","Erbn Green","3244 YONGE ST","TORONTO","ON","M4N2L4","64517911"
"CRSA1172651","Authorized to Open","Active","Cannabis Retail Store Authorization","44.0060531504127","-77.1442675840788","ERBN GREEN","126 PICTON MAIN ST","PICTON","ON","K0K2T0","67548185"
"CRSA1172652","Authorized to Open","Active","Cannabis Retail Store Authorization","46.5217031219626","-84.2741045955057","HIGHLIFE SSM","625 TRUNK RD UNIT 9","SAULT STE. MARIE","ON","P6A3T1","79468322"
"CRSA1172653","Authorized to Open","Active","Cannabis Retail Store Authorization","46.0973313187009","-77.4932912759382","Deep River Cannabis","33155 HIGHWAY 17 EAST","DEEP RIVER","ON","K0J1P0","52641134"
"CRSA1172654","Authorized to Open","Active","Cannabis Retail Store Authorization","42.3103383675757","-82.9525005665804","The We Store","6050 TECUMSEH RD E","WINDSOR","ON","N8T1E3","71079116"
"CRSA1172660","Authorized to Open","Active","Cannabis Retail Store Authorization","42.2692099969225","-82.9983600336119","REGULATORS CANNABIS","650 DIVISION RD UNIT 402","WINDSOR","ON","N8X0A8","76423783"
"CRSA1172661","Authorized to Open","Active","Cannabis Retail Store Authorization","43.6721899469495","-79.3773209718501","DAY 'N' NITE CANNABIS","407B BLOOR ST E","TORONTO","ON","M4W1H7","44826834"
"CRSA1172663","Authorized to Open","Active","Cannabis Retail Store Authorization","43.1911999840248","-79.8114099911467","Sessions Cannabis Stoney Creek","1786 STONE CHURCH RD E","STONEY CREEK","ON","L8W0B4","68985626"
"CRSA1172664","Authorized to Open","Active","Cannabis Retail Store Authorization","43.9252580635639","-80.098882945554","Hempire House","59 FIRST ST","ORANGEVILLE","ON","L9W2E3","64519705"
"CRSA1172668","Authorized to Open","Active","Cannabis Retail Store Authorization","43.4690703410759","-80.448991246581","THE CANNABIST SHOP","1283 VICTORIA ST N","KITCHENER","ON","N2B3E3","44213866"
"CRSA1172671","Authorized to Open","Active","Cannabis Retail Store Authorization","43.8969623","-78.862085","The Peace Pipe","31 CELINA ST","OSHAWA","ON","L1H4M9","30398879"
"CRSA1172673","Authorized to Open","Active","Cannabis Retail Store Authorization","44.4959499987289","-81.3709700300223","Cannabis Grey Bruce","17 ALBERT ST N","SOUTHAMPTON","ON","N0H2L0","77193540"
"CRSA1172674","Authorized to Open","Active","Cannabis Retail Store Authorization","43.6459327981997","-79.3926726032374","Rosebud Cannabis","365 KING ST W BASEMENT","TORONTO","ON","M5V 1K1","67446565"
"CRSA1172678","Authorized to Open","Active","Cannabis Retail Store Authorization","45.3447455159273","-75.6664476202899","CANNA NORTH CANNABIS STORE","800 HUNT CLUB RD UNIT 3","OTTAWA","ON","K1V1C3","64520999"
"CRSA1172685","Authorized to Open","Active","Cannabis Retail Store Authorization","44.232619243407","-76.4928851795833","Mary J's Cannabis","154 DIVISION ST","KINGSTON","ON","K7L3M6","64521852"
"CRSA1172690","Authorized to Open","Active","Cannabis Retail Store Authorization","44.9014346455662","-76.0211758860785","T CANNABIS","4 RUSSELL ST E","SMITHS FALLS","ON","K7A1E8","64522418"
"CRSA1172691","Authorized to Open","Active","Cannabis Retail Store Authorization","48.4307199895525","-89.2313299836737","HIGH SOCIETY ","210 ALGOMA ST S SUITE 101A","THUNDER BAY ","ON","P7B 3C2 ","79869746"
"CRSA1172694","Authorized to Open","Active","Cannabis Retail Store Authorization","43.1669950094351","-79.4764567639792","T CANNABIS","4322 ONTARIO STREET UNIT 3","BEAMSVILLE","ON","L0R1B5","67296763"
"CRSA1172699","Authorized to Open","Active","Cannabis Retail Store Authorization","43.6416152588616","-79.4324872630001","Fire & Flower Cannabis Co.","4 BROCK AVE","TORONTO","ON","M6K2K7","64523300"
"CRSA1172701","Authorized to Open","Active","Cannabis Retail Store Authorization","46.3327658695539","-79.4661582385883","Fire & Flower Cannabis Co.","2021 ALGONQUIN AVE SUITE 102","NORTH BAY","ON","P1B4Z3","64523344"
"CRSA1172702","Authorized to Open","Active","Cannabis Retail Store Authorization","43.5188394422504","-80.2351362761003","Fire & Flower Cannabis Co.","314 STONE RD W","GUELPH","ON","N1G3C4","66237213"
"CRSA1172705","Authorized to Open","Active","Cannabis Retail Store Authorization","42.3214775636795","-83.0162702263259","THE WE STORE","1565 WYANDOTTE ST E","WINDSOR","ON","N9A3L3","15684039"
"CRSA1172723","Authorized to Open","Active","Cannabis Retail Store Authorization","44.306150401272","-78.3200298286442","The Peace Pipe","408 GEORGE ST N","PETERBOROUGH","ON","K9H3R5","44125319"
"CRSA1172724","Authorized to Open","Active","Cannabis Retail Store Authorization","45.1389806937609","-76.1448670427252","Olympia Cannabis","101 BRIDGE ST","CARLETON PLACE","ON","K7C2V4","203350"
"CRSA1172728","Authorized to Open","Active","Cannabis Retail Store Authorization","42.4165155903686","-82.2017508298231","The We Store","427 ST CLAIR ST UNIT 5A","CHATHAM","ON","N7L3K4","64526461"
"CRSA1172729","Authorized to Open","Active","Cannabis Retail Store Authorization","44.1085971644081","-79.5896467611803","One Plant Bradford","484 HOLLAND ST W UNIT B-1","BRADFORD","ON","L3Z0A2","64526523"
"CRSA1172731","Authorized to Open","Active","Cannabis Retail Store Authorization","42.2894093631877","-83.0590259613016","SPIRITLEAF 1550 HURON CHURCH ROAD","1440 HURON CHURCH RD UNIT 7","WINDSOR ","ON ","N9C 2L1","76830846"
"CRSA1172737","Authorized to Open","Active","Cannabis Retail Store Authorization","43.6588191179813","-79.3501761992901","CANNA CABANA","698 QUEEN ST E","TORONTO","ON","M4M1G9","64527423"
"CRSA1172739","Authorized to Open","Active","Cannabis Retail Store Authorization","44.4070035063034","-76.0182124364186","VILLAGE BUD ","1136 PRINCE STREET","LANSDOWNE","ON","K0E 1L0","64527742"
"CRSA1172745","Authorized to Open","Active","Cannabis Retail Store Authorization","42.9598351260027","-81.261118641929","Lux Smoke Vape/Cafe","467 WHARNCLIFFE RD S","LONDON","ON","N6J2M8","64528420"
"CRSA1172746","Authorized to Open","Active","Cannabis Retail Store Authorization","43.6539695553696","-79.3693241024293","1922","120 SHERBOURNE ST","TORONTO","ON","M5A2R4","43932789"
"CRSA1172747","Authorized to Open","Active","Cannabis Retail Store Authorization","45.4768924418318","-75.5138649365516","The Oz Store","3022 ST. JOSEPH BLVD UNIT B","ORLEANS","ON","K1E1E2","66506004"
"CRSA1172747","Authorized to Open","Active","Cannabis Retail Store Authorization","45.4768924418318","-75.5138649365516","The Oz Store","3022 ST. JOSEPH BLVD UNIT B","ORLEANS","ON","K1E1E2","66506004"
"CRSA1172749","Authorized to Open","Active","Cannabis Retail Store Authorization","42.2963985870451","-82.7507372249782","The We Store","1303 ESSEX COUNTY ROAD #22, UNIT 180","BELLE RIVER","ON","N0R1A0","64528741"
"CRSA1172754","Authorized to Open","Active","Cannabis Retail Store Authorization","42.9395535104613","-81.2248989851213","VALUE BUDS","979 WELLINGTON RD SUITE 106A","LONDON","ON","N6E3A9","64529232"
"CRSA1172764","Authorized to Open","Active","Cannabis Retail Store Authorization","44.4981031631367","-80.2164201952004","BEST BUDS FOREVER","191 HURONTARIO ST SUITE 1","COLLINGWOOD","ON","L9Y2M1","44544738"
"CRSA1172771","Authorized to Open","Active","Cannabis Retail Store Authorization","45.4264152942177","-75.6913325748167","CANNA CABANA","111 RIDEAU ST","OTTAWA","ON","K1N5X1","24117495"
"CRSA1172789","Authorized to Open","Active","Cannabis Retail Store Authorization","45.4291983269662","-75.6927921884701","CANNA CABANA","87 CLARENCE ST","OTTAWA","ON","K1N5P5","132703"
"CRSA1172792","Authorized to Open","Active","Cannabis Retail Store Authorization","45.3104926739298","-75.9117123158617","Tokyo Smoke Kanata Centrum","300 EARL GREY DR UNIT A18","KANATA","ON","K2T1B8","67620707"
"CRSA1172802","Authorized to Open","Active","Cannabis Retail Store Authorization","42.9880490888194","-81.3266322824925","Cannabis Link","1175 HYDE PARK RD UNIT 2B","LONDON","ON","N6H5K6","67964392"
"CRSA1172804","Authorized to Open","Active","Cannabis Retail Store Authorization","43.0049792338808","-81.3033904038983","CANNABIS LINK ","1225 WONDERLAND RD N UNIT 40A","LONDON","ON","N6G2V9","68089185"
"CRSA1172858","Authorized to Open","Active","Cannabis Retail Store Authorization","43.4490135503411","-80.4898537191117","Sativa Bliss Cannabis Boutique","57 QUEEN ST SOUTH","KITCHENER","ON","N2G1V8","66612716"
"CRSA1172862","Authorized to Open","Active","Cannabis Retail Store Authorization","44.5028310832708","-80.2348012089277","Spiritleaf 10 Balsam Street","10 BALSAM ST UNIT 3","COLLINGWOOD","ON","L9Y4H7","52398601"
"CRSA1172894","Authorized to Open","Active","Cannabis Retail Store Authorization","43.1309317071673","-80.7506078390557","Dundas Cannabis","620 DUNDAS ST","WOODSTOCK","ON","N4S1E2","107541"
"CRSA1172896","Authorized to Open","Active","Cannabis Retail Store Authorization","45.416486186635","-75.696971516915","Cannabis Emporium","243 BANK ST","OTTAWA","ON","K2P1X2","30394307"
"CRSA1172935","Authorized to Open","Active","Cannabis Retail Store Authorization","44.1045304565756","-77.5617070495412","Island Smoke","220 DUNDAS ST E","TRENTON","ON","K8V1L9","64567021"
"CRSA1172936","Authorized to Open","Active","Cannabis Retail Store Authorization","48.3647598018351","-89.2894806086044","Toke House","1500 JAMES ST S SUITE 3","THUNDER BAY","ON","P7E6N7","43993049"
"CRSA1172943","Authorized to Open","Active","Cannabis Retail Store Authorization","43.0737779007501","-79.9512639821601","Lolly","14 CAITHNESS ST E","CALEDONIA","ON","N3W1L4","44527081"
"CRSA1173073","Authorized to Open","Active","Cannabis Retail Store Authorization","43.2570309369843","-79.8765464068901","Giggles Cannabis","163 MAIN ST W","HAMILTON","ON","L8P1J1","59092"
"CRSA1173075","Authorized to Open","Active","Cannabis Retail Store Authorization","43.6187633641869","-79.5102428426624","Tokyo Smoke","164 EVANS AVE UNIT 1","ETOBICOKE","ON","M8Z1J4","64595202"
"CRSA1173089","Authorized to Open","Active","Cannabis Retail Store Authorization","43.6682527765596","-79.3689985691039","Little House Cannabis","307 WELLESLEY ST E","TORONTO","ON","M4X1H2","209746"
"CRSA1173241","Authorized to Open","Active","Cannabis Retail Store Authorization","44.377809262046","-79.7161629732527","The Underground Ontario","408 DUNLOP ST W UNIT 2","BARRIE","ON","L4N1C2","44534225"
"CRSA1173264","Authorized to Open","Active","Cannabis Retail Store Authorization","43.2721242295286","-79.8622891409777","James Street Cannabis Co.","574 JAMES ST N UNIT 7","HAMILTON","ON","L8L1J7","64633398"
"CRSA1173275","Authorized to Open","Active","Cannabis Retail Store Authorization","49.7842495226497","-92.8401691378037","Ideal Buds","27 KING ST","DRYDEN","ON","P8N1B4","53856628"
"CRSA1173571","Authorized to Open","Active","Cannabis Retail Store Authorization","43.8993818820188","-78.855737574788","Old West Cannabis Company","215 KING ST E","OSHAWA","ON","L1H1C5","15793223"
"CRSA1173723","Authorized to Open","Active","Cannabis Retail Store Authorization","42.9881028265335","-81.2507595076461","THE CANNABIST SHOP - RICHMOND","533 RICHMOND ST","LONDON","ON","N6A3E9","41909026"
"CRSA1173741","Authorized to Open","Active","Cannabis Retail Store Authorization","43.5475666738705","-80.2507484725602","THE GREEN ROOM CANNABIS - WYNDHAM N","164 WYNDHAM ST N","GUELPH","ON","N1H4E8","92902"
"CRSA1173750","Authorized to Open","Active","Cannabis Retail Store Authorization","49.4173061760784","-82.4251201338374","OFF THE STEM","24B CIRCLE ST","KAPUSKASING","ON","P5N1T5","68362733"
"CRSA1173756","Authorized to Open","Active","Cannabis Retail Store Authorization","43.6583903","-79.4435121","TOKE CANNABIS","1332 BLOOR ST W","TORONTO","ON","M6H1P2","31220465"
"CRSA1173843","Authorized to Open","Active","Cannabis Retail Store Authorization","44.0887068752352","-79.1344607636478","The 4SSSt","2B WELWOOD DRIVE ","UXBRIDGE","ON","L9P 1Z7 ","69288089"
"CRSA1174193","Authorized to Open","Active","Cannabis Retail Store Authorization","43.1676566183853","-79.2350814754457","TOKE CANNABIS","243 WELLAND AVE","ST CATHARINES","ON","L2R2P6","64815750"
"CRSA1174301","Authorized to Open","Active","Cannabis Retail Store Authorization","44.6499357761966","-79.3497389684825","Rama Cannabis","5988 RAMA RD","RAMA","ON","L3V6H6","67764348"
"CRSA1174310","Authorized to Open","Active","Cannabis Retail Store Authorization","43.4644965154077","-80.5221534890071","CANNA CABANA","32 KING ST S","WATERLOO","ON","N2J1N8","44061491"
"CRSA1174801","Authorized to Open","Active","Cannabis Retail Store Authorization","43.6659761507298","-79.3181975388654","WONDERLAND CANNABIS","1578 QUEEN ST E","TORONTO","ON","M4L1G1","64933947"
"CRSA1175044","Authorized to Open","Active","Cannabis Retail Store Authorization","43.6793701834784","-79.3427939521322","Canvas Cannabis","730 DANFORTH AVE SUITE 1","TORONTO","ON","M4J1L5","44289279"
"CRSA1175406","Authorized to Open","Active","Cannabis Retail Store Authorization","43.2578470119452","-79.855104222171","DA CANNA","281 CANNON ST E","HAMILTON","ON","L8L2B4","106437"
"CRSA1175562","Authorized to Open","Active","Cannabis Retail Store Authorization","43.1633121124127","-79.2590335259393","CANNABIS & MORE","230 ONTARIO ST","ST CATHARINES","ON","L2R5L1","24159851"
"CRSA1175790","Authorized to Open","Active","Cannabis Retail Store Authorization","46.37926414906","-79.574166340555","Cheerful Charlies Cannabis Co.","14 OSPREY MIIKAN RD","NORTH BAY","ON","P1B8G5","186033080"
"CRSA1175880","Authorized to Open","Active","Cannabis Retail Store Authorization","44.2341294291071","-76.4946705009809","710 Kingston ","471 PRINCESS ST","KINGSTON","ON","K7L1C3","204032"
"CRSA1175952","Authorized to Open","Active","Cannabis Retail Store Authorization","44.3513775523399","-78.3002393405849","KAWARTHA LEAFS","1535 WATER ST UNIT 2","PETERBOROUGH","ON","K9H0C6","52596186"
"CRSA1176146","Authorized to Open","Active","Cannabis Retail Store Authorization","43.0264690975483","-80.3675943954428","HIGH-WAY GRASS BAR","230 OAKLAND RD RR 1","SCOTLAND","ON","N0E1R0","65231193"
"CRSA1176503","Authorized to Open","Active","Cannabis Retail Store Authorization","43.9182623716314","-78.5878058802584","Central Plains Cannabis","34 BEAVER ST N","NEWCASTLE","ON","L1B1H6","22692803"
"CRSA1176825","Authorized to Open","Active","Cannabis Retail Store Authorization","44.5019819473201","-80.2254790207287","TREETZ","280 FIRST ST","COLLINGWOOD","ON","L9Y1B1","44366464"
"CRSA1176840","Authorized to Open","Active","Cannabis Retail Store Authorization","43.8233015903399","-79.2476839529689","Pufftastic Cannabis Company","2830 MARKHAM RD","SCARBOROUGH","ON","M1X1E6","67202073"
"CRSA1177487","Authorized to Open","Active","Cannabis Retail Store Authorization","44.3002753760748","-78.3197092331639","GROWERS RETAIL","225 GEORGE ST N","PETERBOROUGH","ON","K9J3G7","44322750"
"CRSA1177498","Authorized to Open","Active","Cannabis Retail Store Authorization","44.3309629858617","-76.1604580355472","CANNABIS BAZAAR","210 KING ST E UNIT B","GANANOQUE","ON","K7G1G5","67312358"
"CRSA1177702","Authorized to Open","Active","Cannabis Retail Store Authorization","44.0124638704193","-79.447111714842","MALIBU ROAD","150 HOLLIDGE BLVD UNIT 5","AURORA","ON","L4G8A3","14574435"
"CRSA1177733","Authorized to Open","Active","Cannabis Retail Store Authorization","42.1017326616655","-83.1088829057936","The Amherstburg Cannabis Company","268 SANDWICH ST S","AMHERSTBURG","ON","N9V2A6","65655351"
"CRSA1177781","Authorized to Open","Active","Cannabis Retail Store Authorization","42.9746914826877","-79.2403914446304","Inspired Cannabis Co","825 ONTARIO RD UNIT 125","WELLAND","ON","L3B5V6","65667233"
"CRSA1177786","Authorized to Open","Active","Cannabis Retail Store Authorization","44.3889514330609","-79.7044718603888","Budtimez","165 WELLINGTON ST W SUITE 2A","BARRIE","ON","L4N1L7","65668855"
"CRSA1177855","Authorized to Open","Active","Cannabis Retail Store Authorization","42.3166470230537","-83.0429652932367","GRASS ROOTS","398 UNIVERSITY AVE W","WINDSOR","ON","N9A5P6","65708601"
"CRSA1177902","Authorized to Open","Active","Cannabis Retail Store Authorization","43.7347040946104","-79.257435779618","CANNAVERSE","2555 EGLINTON AVE E UNIT 8","SCARBOROUGH","ON","M1K5J1","67960005"
"CRSA1177930","Authorized to Open","Active","Cannabis Retail Store Authorization","43.1251446761761","-79.8026974889492","SESSIONS CANNABIS - BINBROOK","2537 RR 56 UNIT B12","BINBROOK","ON","L0R1C0","65747736"
"CRSA1178063","Authorized to Open","Active","Cannabis Retail Store Authorization","44.6046825881975","-79.3729458452452","THE DEN CANNABIS STORE","660 ATHERLEY RD SUITE 5","ORILLIA","ON","L3V1P2","44233501"
"CRSA1178195","Authorized to Open","Active","Cannabis Retail Store Authorization","44.3030904676841","-78.3280613083559","SPARQ RETAIL","340 CHARLOTTE ST","PETERBOROUGH","ON","K9J2V9","44055975"
"CRSA1178292","Authorized to Open","Active","Cannabis Retail Store Authorization","45.3098555187546","-75.9221499446304","BLUEBIRD CANNABIS CO.","499 TERRY FOX DR UNIT 60","KANATA","ON","K2T1H7","53207251"
"CRSA1178444","Authorized to Open","Active","Cannabis Retail Store Authorization","44.1546662600841","-79.8661032844941","Green Grove","70 VICTORIA ST E SUITE 3","ALLISTON","ON","L9R1R2","67186836"
"CRSA1178467","Authorized to Open","Active","Cannabis Retail Store Authorization","43.4670500100902","-80.5224900043209","Uptown Herb","56 KING ST N. UNIT 3","WATERLOO","ON","N2J2X1","75392541"
"CRSA1178469","Authorized to Open","Active","Cannabis Retail Store Authorization","43.2549798995326","-79.8858965989669","CABBAGE BROTHERS","192 LOCKE ST S","HAMILTON","ON","L8P4B4","142496"
"CRSA1178470","Authorized to Open","Active","Cannabis Retail Store Authorization","43.1577821544131","-80.2609283496333","Brant Cannabis Co","168 CHARING CROSS ST","BRANTFORD","ON","N3R2J4","65983374"
"CRSA1178507","Authorized to Open","Active","Cannabis Retail Store Authorization","43.758917392119","-79.569991901317","Club Canapa Cannabis ","2 SATTERLY RD UNIT 2A","NORTH YORK","ON","M9L1E8","80131478"
"CRSA1178796","Authorized to Open","Active","Cannabis Retail Store Authorization","43.7038156311386","-79.397778655029","Fogtown Flower","2152 YONGE ST","TORONTO","ON","M4S2A8","66211522"
"CRSA1178805","Authorized to Open","Active","Cannabis Retail Store Authorization","45.3279799946249","-79.2139800354904","PUFFIN’S CANNABIS","96 MAIN ST E UNIT E","HUNTSVILLE","ON","P1H1H4","76549995"
"CRSA1178849","Authorized to Open","Active","Cannabis Retail Store Authorization","43.5437820632755","-80.2442176101623","Canja ","83 SURREY ST E","GUELPH","ON","N1H3P7","44191247"
"CRSA1178873","Authorized to Open","Active","Cannabis Retail Store Authorization","43.8947668742285","-78.8758435964281","YBH Green","333 KING ST W UNIT 3","OSHAWA","ON","L1J2J8","43995164"
"CRSA1178907","Authorized to Open","Active","Cannabis Retail Store Authorization","42.2931984604707","-82.7093880524554","FRESH CANNABIS","571 NOTRE DAME STREET  SUITE A","BELLE RIVER","ON","N0R1A0","66276203"
"CRSA1178912","Authorized to Open","Active","Cannabis Retail Store Authorization","43.6771652672975","-79.3540769819666","GREEN MERCHANT A CANNABIS BOUTIQUE","294 DANFORTH AVE","TORONTO","ON","M4K1N6","66279337"
"CRSA1178929","Authorized to Open","Active","Cannabis Retail Store Authorization","43.666532402995","-79.3852610069536","GREEN MERCHANT A CANNABIS BOUTIQUE","640 YONGE ST","TORONTO","ON","M4Y1Z8","66291419"
"CRSA1178939","Authorized to Open","Active","Cannabis Retail Store Authorization","43.3865711145771","-80.411248715823","Sessions Cannabis - Homer Watson","2480 HOMER WATSON BLVD","KITCHENER","ON","N2P2R5","24164932"
"CRSA1179045","Authorized to Open","Active","Cannabis Retail Store Authorization","43.6661941834784","-79.4491650359512","HIGH Q SOLUTIONS","1444 DUPONT ST BUILDING C UNIT 20","TORONTO","ON","M6P4H3","67954498"
"CRSA1179076","Authorized to Open","Active","Cannabis Retail Store Authorization","44.2835228486932","-78.3389130993423","Sparq Retail","861 LANSDOWNE ST W UNIT 4","PETERBOROUGH","ON","K9J1Z5","66387448"
"CRSA1179077","Authorized to Open","Active","Cannabis Retail Store Authorization","45.3418859975971","-75.7861870934215","CANNA NORTH CANNABIS STORE","2547A BASELINE RD","OTTAWA","ON","K2H7B3","70842166"
"CRSA1179152","Authorized to Open","Active","Cannabis Retail Store Authorization","46.5375515289778","-84.3609590208669","Sessions Cannabis - Sault Ste Marie","216 SECOND LINE W","SAULT STE. MARIE","ON","P6C2J3","24154946"
"CRSA1179204","Authorized to Open","Active","Cannabis Retail Store Authorization","43.0886685411167","-79.1420172855907","TOKE CANNABIS","8568 LUNDY'S LANE","NIAGARA FALLS","ON","L2H1H4","66569404"
"CRSA1179213","Authorized to Open","Active","Cannabis Retail Store Authorization","43.6429301795833","-79.4252280431646","MANI'S TOKE","1164 QUEEN ST W","TORONTO","ON","M6J1J5","247498"
"CRSA1179227","Authorized to Open","Active","Cannabis Retail Store Authorization","43.8675368134518","-79.0393511871339","The 6ix Cannabis","475 WESTNEY RD N UNIT 13","AJAX","ON","L1T3H4","66578520"
"CRSA1179284","Authorized to Open","Active","Cannabis Retail Store Authorization","48.3850400002603","-89.2417500304253","Cannabis Plus Store","128 SIMPSON ST","THUNDER BAY","ON","P7C3H1","77193082"
"CRSA1179433","Authorized to Open","Active","Cannabis Retail Store Authorization","43.7854399968802","-79.2545799628154","ONE PLANT SCARBOROUGH","43 MILNER AVE UNIT C-1D ","SCARBOROUGH ","ON","M1S3P6","77768845"
"CRSA1179464","Authorized to Open","Active","Cannabis Retail Store Authorization","45.414531100991","-75.69557947487","OLYMPIA CANNABIS BARRYMORE'S OC BARRYMORES","325 BANK ST ","OTTAWA ","ON","K2P1X9","145322396"
"CRSA1179646","Authorized to Open","Active","Cannabis Retail Store Authorization","43.6832243303131","-79.7327909040629","THC Centre Cannabis Inc. ","144 KENNEDY RD S UNIT 4","BRAMPTON","ON","L6W3G4","68203768"
"CRSA1179696","Authorized to Open","Active","Cannabis Retail Store Authorization","42.9773254584631","-82.3666084982871","SESSIONS CANNABIS SARNIA","600 MURPHY RD SUITE 105A","SARNIA","ON","N7S5T7","66980827"
"CRSA1179808","Authorized to Open","Active","Cannabis Retail Store Authorization","42.1728921563676","-82.819859477845","Tony’s Joint ","20 TALBOT ST S UNIT 5","ESSEX","ON","N8M1A7","67335539"
"CRSA1179887","Authorized to Open","Active","Cannabis Retail Store Authorization","43.7106957901783","-79.2912470513302","STOK'D CANNABIS","631 PHARMACY AVE","SCARBOROUGH","ON","M1L3H3","67065644"
"CRSA1179919","Authorized to Open","Active","Cannabis Retail Store Authorization","46.5220404812454","-80.9541315","Grassroots Co","1113 LASALLE BLVD UNIT 2","SUDBURY","ON"," P3A1Y3","68531201"
"CRSA1180027","Authorized to Open","Active","Cannabis Retail Store Authorization","42.8685119475446","-79.0588405028855","VILLAGE CANNABIS CO.","264 RIDGEWAY ROAD, UNIT 2","CRYSTAL BEACH","ON","L0S 1B0","67128297"
"CRSA1185176","Authorized to Open","Active","Cannabis Retail Store Authorization","43.6137032600841","-79.489655449218","Lakeview Cannabis","4 MIMICO AVE","ETOBICOKE","ON","M8V1R1","67162014"
"CRSA1185235","Authorized to Open","Active","Cannabis Retail Store Authorization","43.3949498057302","-80.3565649602978","Canna Havana ","827 KING ST E UNIT A","CAMBRIDGE","ON","N3H3P1","67181613"
"CRSA1185269","Authorized to Open","Active","Cannabis Retail Store Authorization","46.3864474724016","-82.6474203370476","Sessions Cannabis Elliot Lake","26 PRINCE EDWARD WALK","ELLIOT LAKE","ON","P5A1Z7","24174007"
"CRSA1185276","Authorized to Open","Active","Cannabis Retail Store Authorization","43.6390897071673","-79.4441244924982","AROMA CANNABIS EMPORIUM","1605 QUEEN ST W UNIT 1","TORONTO","ON","M6R1A9","67203752"
"CRSA1185319","Authorized to Open","Active","Cannabis Retail Store Authorization","42.276008536211","-82.9775166889028","The Higher Cannabis Company","3407 WALKER RD","WINDSOR","ON","N8W3S2","67224553"
"CRSA1185346","Authorized to Open","Active","Cannabis Retail Store Authorization","43.2655706","-79.9446277","CABBAGE BROTHERS","57 COOTES DR","HAMILTON","ON","L9H1B5","35047824"
"CRSA1185357","Authorized to Open","Active","Cannabis Retail Store Authorization","43.6553899914284","-79.4193300415852","FOREVER BUDS","722 COLLEGE ST UNIT 1","TORONTO","ON","M6G 1C2","76626515"
"CRSA1185374","Authorized to Open","Active","Cannabis Retail Store Authorization","43.6955478126059","-79.4513277383077","THE POT SPOT","1860B EGLINTON AVE W","YORK","ON","M6E2J4","68422848"
"CRSA1185461","Authorized to Open","Active","Cannabis Retail Store Authorization","45.4180305967166","-75.6905656361589","Pakalolo","258 ELGIN ST","OTTAWA","ON","K2P1L9","67269298"
"CRSA1185461","Authorized to Open","Active","Cannabis Retail Store Authorization","45.4180305967166","-75.6905656361589","Pakalolo","258 ELGIN ST","OTTAWA","ON","K2P1L9","67269298"
"CRSA1185511","Authorized to Open","Active","Cannabis Retail Store Authorization","43.2014289586244","-79.8945561766691","Sweet Releafs Inc.","1660 UPPER JAMES ST UNIT 4","HAMILTON","ON","L9B1K5","44798914"
"CRSA1185517","Authorized to Open","Active","Cannabis Retail Store Authorization","45.4388337873298","-75.6539705866368","The Grove","381A MONTREAL RD","VANIER","ON","K1L6A8","67294056"
"CRSA1185567","Authorized to Open","Active","Cannabis Retail Store Authorization","43.1453394368688","-80.2654959162096","BEST BUDZ","140 WEST ST","BRANTFORD","ON","N3T3G3","52553581"
"CRSA1185592","Authorized to Open","Active","Cannabis Retail Store Authorization","43.9171300055073","-78.5896699869026","Your Local Cannabis","45 KING AVE W UNIT 2&3","NEWCASTLE","ON","L1B 1L1","68718670"
"CRSA1185721","Authorized to Open","Active","Cannabis Retail Store Authorization","42.9715600064823","-82.3536800324701","Yield Cannabis Co.","1000 FINCH DR UNIT 9","SARNIA","ON","N7S6G5","68789998"
"CRSA1185812","Authorized to Open","Active","Cannabis Retail Store Authorization","43.6902305","-79.2933057","Premium Cannabis ","2934 DANFORTH AVE","TORONTO","ON","M4C1M5","30567959"
"CRSA1185924","Authorized to Open","Active","Cannabis Retail Store Authorization","42.9849965422706","-82.3771784701656","The We Store","889 EXMOUTH ST UNIT 11","SARNIA","ON","N7T5R3","67444287"
"CRSA1185957","Authorized to Open","Active","Cannabis Retail Store Authorization","43.7084070138785","-79.2501327649315","Stok'd ","2408 KINGSTON RD","SCARBOROUGH","ON","M1N1V2","169869"
"CRSA1185986","Authorized to Open","Active","Cannabis Retail Store Authorization","45.0161700113752","-74.7277500083334","Pot of Gold","44 PITT ST SUITE A","CORNWALL","ON","K6J3P2","69226559"
"CRSA1186000","Authorized to Open","Active","Cannabis Retail Store Authorization","43.7457929030819","-79.6324758338625","Royal Cannabis Supply Company","105 CLAIREPORT CRES","ETOBICOKE","ON","M9W6P7","112245"
"CRSA1186121","Authorized to Open","Active","Cannabis Retail Store Authorization","49.7634845034625","-94.4780133877316","LAKE OF THE WOODS CANNABIS","809 RIVER DR","KENORA","ON","P9N1K1","119097"
"CRSA1186147","Authorized to Open","Active","Cannabis Retail Store Authorization","45.4329879683479","-76.353612788245","ARNPRIOR CANNABIS","8 ELGIN ST W","ARNPRIOR","ON","K7S1N3","67523249"
"CRSA1186245","Authorized to Open","Active","Cannabis Retail Store Authorization","43.6875962672975","-79.3046257589589","BUDSIDE","2430 DANFORTH AVE","TORONTO","ON","M4C1K9","67559226"
"CRSA1186299","Authorized to Open","Active","Cannabis Retail Store Authorization","43.6502501365343","-79.9272309475732","CANNACO THE CANNABIS COMPANY","28 MAIN ST S","GEORGETOWN","ON","L7G3G4","67570873"
"CRSA1186344","Authorized to Open","Active","Cannabis Retail Store Authorization","43.5202499914543","-79.8708400315935","TREETOP","150 NIPISSING RD UNIT 3","MILTON","ON","L9T5B3","71545700"
"CRSA1186384","Authorized to Open","Active","Cannabis Retail Store Authorization","43.1950391218764","-79.8628549726471","Sessions Cannabis - Rymal","675 RYMAL RD E UNIT B103","HAMILTON","ON","L8W1B5","67600431"
"CRSA1186408","Authorized to Open","Active","Cannabis Retail Store Authorization","44.1010488636969","-78.9392731913556","The Cannabis Connoisseur","1874 SCUGOG ST UNIT 2","PORT PERRY","ON","L9L1H6","44585153"
"CRSA1186560","Authorized to Open","Active","Cannabis Retail Store Authorization","46.5372883889604","-84.3660851056522","Matchbox Cannabis","275 SECOND LINE WEST UNIT 120A ","SAULT STE MARIE ","ON ","P6C2J4","68843167"
"CRSA1186705","Authorized to Open","Active","Cannabis Retail Store Authorization","43.7035810130417","-79.4769159373014","Canna Cabana Keele","2318 KEELE ST","NORTH YORK","ON","M6M3Z8","109619"
"CRSA1186707","Authorized to Open","Active","Cannabis Retail Store Authorization","46.1949449111517","-83.0160780500744","Creekside Cannabis","26220 HWY 17","BLIND RIVER","ON","P0R 1B0","55421015"
"CRSA1186850","Authorized to Open","Active","Cannabis Retail Store Authorization","44.0072899889235","-79.47000996185","Nature's Haze","15570 YONGE ST UNIT 8","AURORA","ON","L4G1P2","69134824"
"CRSA1186858","Authorized to Open","Active","Cannabis Retail Store Authorization","43.8434373231083","-79.0205491925422","4K Cannabis","75 BAYLY ST W UNITS 12, 13, 14","AJAX","ON","L1S7L7","75204197"
"CRSA1186953","Authorized to Open","Active","Cannabis Retail Store Authorization","44.0018151945869","-79.457887780195","JANE'S CANNABIS SHOP","160 WELLINGTON ST E UNIT 3","AURORA","ON","L4G1J3","44183340"
"CRSA1186962","Authorized to Open","Active","Cannabis Retail Store Authorization","43.2375858537422","-79.760234872237","TOKE CANNABIS","247 CENTENNIAL PKY N UNIT 2","HAMILTON","ON","L8E2X3","67817948"
"CRSA1187092","Authorized to Open","Active","Cannabis Retail Store Authorization","44.3829973719199","-78.383906639246","FLOWERTOWN CANNABIS","874 WARD ST UNIT 4","BRIDGENORTH","ON","K0L1H0","68199315"
"CRSA1187152","Authorized to Open","Active","Cannabis Retail Store Authorization","45.2837659266889","-75.8658161745365","Athena Cannabis","782 EAGLESON RD UNIT D4","OTTAWA","ON","K2M 0N2","71056848"
"CRSA1187362","Authorized to Open","Active","Cannabis Retail Store Authorization","45.4790201012367","-75.5371753225676","INSPIRED CANNABIS CO","6489 JEANNE D'ARC BLVD N","ORLEANS","ON","K1C2R1","75154097"
"CRSA1187452","Authorized to Open","Active","Cannabis Retail Store Authorization","42.4056753366898","-82.1859033923192","WILLY'S CANNABIS SUPPLY CO.","143 KING ST W","CHATHAM","ON","N7M1E4","68009406"
"CRSA1187475","Authorized to Open","Active","Cannabis Retail Store Authorization","43.2515530047319","-79.8164730319119","Barttowa Tree","1081 BARTON ST E","HAMILTON","ON","L8L3E2","67940723"
"CRSA1187603","Authorized to Open","Active","Cannabis Retail Store Authorization","42.9780937915346","-81.3215407857053","CANNA CABANA LONDON","760 HYDE PARK RD UNIT 7B","LONDON","ON","N6H5W9","64531292"
"CRSA1187690","Authorized to Open","Active","Cannabis Retail Store Authorization","44.6296275148594","-81.2655720313636","Moonfire Cannabis","329 MAIN ST UNIT 3","SAUBLE BEACH","ON","N0H2G0","68087863"
"CRSA1187730","Authorized to Open","Active","Cannabis Retail Store Authorization","43.1454323288995","-80.7382172930925","STELLAR Bud","951 DEVONSHIRE AVE UNIT 3","WOODSTOCK","ON","N4S5S1","233885"
"CRSA1187760","Authorized to Open","Active","Cannabis Retail Store Authorization","43.7728247104855","-79.4798360579953","LEVEL UP","155 MARTIN ROSS AVE UNIT 4","NORTH YORK","ON","M3J2L9","68114498"
"CRSA1187876","Authorized to Open","Active","Cannabis Retail Store Authorization","43.4681200019401","-80.4845700228981","ADOREWEED","277 LANCASTER ST W UNIT 2","KITCHENER","ON","N2H4V2","80244846"
"CRSA1187910","Authorized to Open","Active","Cannabis Retail Store Authorization","45.5408772928044","-75.3046502840397","T CANNABIS ","2865 CHAMBERLAND ST SUITE 1","ROCKLAND","ON","K4K1M7","68170911"
"CRSA1187944","Authorized to Open","Active","Cannabis Retail Store Authorization","44.7082137043974","-75.5163744375326","SHINYBUD CANNABIS CO. 305 KING ST.","305 KING ST WEST","PRESCOTT","ON","K0E 1T0","68191071"
"CRSA1188032","Authorized to Open","Active","Cannabis Retail Store Authorization","43.5624987374917","-80.2808339724446","THE CANNABIST SHOP - WOODLAWN","51 WOODLAWN RD W SUITE 1","GUELPH","ON","N1H1G8","68237870"
"CRSA1188049","Authorized to Open","Active","Cannabis Retail Store Authorization","43.6387007176989","-79.417614325437","Canvas Cannabis","171 EAST LIBERTY ST SUITE 145","TORONTO","ON","M6K3P6","68245169"
"CRSA1188110","Authorized to Open","Active","Cannabis Retail Store Authorization","45.4723425488284","-76.6847473670614","T CANNABIS - Renfrew","164 RAGLAN ST S","RENFREW","ON","K7V1R1","68272837"
"CRSA1188191","Authorized to Open","Active","Cannabis Retail Store Authorization","48.4755785","-81.322965","Sessions Cannabis - Timmins","425 ALGONQUIN BLVD E UNIT 4","TIMMINS","ON","P4N1B5","29554953"
"CRSA1188195","Authorized to Open","Active","Cannabis Retail Store Authorization","45.3294986955392","-79.2112801777943","Kasa Kana Hunstville","6 KING WILLIAM ST","HUNTSVILLE","ON","P1H1G5","68303091"
"CRSA1188229","Authorized to Open","Active","Cannabis Retail Store Authorization","43.5928028748054","-79.5407842934965","HERB N BUD","3759 LAKE SHORE BLVD W","ETOBICOKE","ON","M8W1R1","68319562"
"CRSA1188260","Authorized to Open","Active","Cannabis Retail Store Authorization","45.426911508223","-75.6015865567546","Purple Meadow Cannabis","2059 MEADOWBROOK RD","GLOUCESTER","ON","K1B4W7","44099905"
"CRSA1188305","Authorized to Open","Active","Cannabis Retail Store Authorization","43.6328399896775","-79.7840999904015","THE WOODS CANNABIS","5 MONTPELIER ST UNIT A103","BRAMPTON","ON","L6Y6H4","70923891"
"CRSA1188415","Authorized to Open","Active","Cannabis Retail Store Authorization","42.9853144845637","-82.3895096122684","YOUR HIGHNESS CANNABIS","415 EXMOUTH ST UNIT 104","SARNIA","ON","N7T8A4","68407447"
"CRSA1188433","Authorized to Open","Active","Cannabis Retail Store Authorization","43.5384199877914","-79.8567600268204","THE HUNNY POT CANNABIS CO.","101 JAMES SNOW PKY N UNIT#6 & 7","MILTON","ON","L9E 0H4","69535746"
"CRSA1188481","Authorized to Open","Active","Cannabis Retail Store Authorization","44.3165408603787","-79.540422512205","Star Buds Cannabis Co.","813 INNISFIL BEACH ROAD, UNIT 1","INNISFIL","ON","L9S 2C3","68434204"
"CRSA1188539","Authorized to Open","Active","Cannabis Retail Store Authorization","43.231612509522","-79.8068032173235","SESSIONS CANNABIS - ROSEDALE","1900 KING ST E","HAMILTON","ON","L8K1W1","197250"
"CRSA1188610","Authorized to Open","Active","Cannabis Retail Store Authorization","44.5356229258758","-78.5433336556928","DOCKS","7 KING ST E","BOBCAYGEON","ON","K0M1A0","68511946"
"CRSA1188669","Authorized to Open","Active","Cannabis Retail Store Authorization","42.9590289974325","-81.3305158661201","Tokyo Smoke","1240 COMMISSIONERS RD W UNIT 111","LONDON","ON","N6K1C7","68502178"
"CRSA1188757","Authorized to Open","Active","Cannabis Retail Store Authorization","43.6307450296902","-80.0402596723413","T Cannabis","38 MILL ST E","ACTON","ON","L7J1H2","68550246"
"CRSA1188836","Authorized to Open","Active","Cannabis Retail Store Authorization","43.6522699956094","-79.4721600038336","Seven Point Cannabis","2114 BLOOR ST W UNIT B","TORONTO","ON","M6S 1M8","69923255"
"CRSA1188920","Authorized to Open","Active","Cannabis Retail Store Authorization","45.4474553218299","-75.5935901733525","Wavy","2084 MONTREAL RD","GLOUCESTER","ON","K1J6M9","18614959"
"CRSA1188928","Authorized to Open","Active","Cannabis Retail Store Authorization","43.0761285493309","-79.0971464434868","Honeypot Smoke Shop","6832 DRUMMOND RD","NIAGARA FALLS","ON","L2G4P3","24240864"
"CRSA1188950","Authorized to Open","Active","Cannabis Retail Store Authorization","43.4895299810402","-80.4926299771725","Chamba Cannabis Co","425 UNIVERSITY AVE E UNIT D","WATERLOO","ON","N2K4C9","69648941"
"CRSA1188980","Authorized to Open","Active","Cannabis Retail Store Authorization","43.6887157260661","-79.3485187930638","Plant Republic","1031 PAPE AVE","EAST YORK","ON","M4K3W1","167248"
"CRSA1188995","Authorized to Open","Active","Cannabis Retail Store Authorization","45.6092105985242","-74.6125980153249","CONNOISSEUR CULTURE","30 MAIN ST E SUITE 88","HAWKESBURY","ON","K6A1A3","68610514"
"CRSA1189139","Authorized to Open","Active","Cannabis Retail Store Authorization","43.6611958020949","-79.4291358147326","Tokyo Smoke","979 BLOOR ST W","TORONTO","ON","M6H1L7","45869152"
"CRSA1189180","Authorized to Open","Active","Cannabis Retail Store Authorization","44.6037304138874","-79.4544946479964","EMERALD CANNABIS CO. ORILLIA","975 WEST RIDGE BLVD UNIT 517","ORILLIA","ON","L3V8A3","68758355"
"CRSA1189272","Authorized to Open","Active","Cannabis Retail Store Authorization","43.1254207745174","-79.2032999983623","TAKE OFF CANNABIS","9 PINE ST N UNIT 28","THOROLD","ON","L2V3Z9","70959448"
"CRSA1189330","Authorized to Open","Active","Cannabis Retail Store Authorization","43.7533545550812","-79.2552763228696","Growers Retail","821 BRIMLEY RD","SCARBOROUGH","ON","M1J1C9","43895624"
"CRSA1189331","Authorized to Open","Active","Cannabis Retail Store Authorization","44.5997447431519","-79.3210085109487","SUPREME LEAF CANNABIS COMPANY","5236 HIGHWAY 12 SOUTH, UNIT B","RAMARA","ON","L3V 0L4","68842956"
"CRSA1189343","Authorized to Open","Active","Cannabis Retail Store Authorization","43.6883700143957","-79.3481800050233","Growers Retail","1021 PAPE AVE","EAST YORK","ON","M4K3V8","68845056"
"CRSA1189358","Authorized to Open","Active","Cannabis Retail Store Authorization","42.8844799952975","-82.124470016977","Rose Gold Cannabis","4247 OIL HERITAGE RD UNIT 4","PETROLIA","ON","N0N1R0","68850043"
"CRSA1189430","Authorized to Open","Active","Cannabis Retail Store Authorization","43.7405069431718","-79.5850109480183","SESSIONS CANNABIS - ETOBICOKE ALBION CENTRE","1530 ALBION RD UNIT 100B","ETOBICOKE","ON","M9V1B4","68884626"
"CRSA1189441","Authorized to Open","Active","Cannabis Retail Store Authorization","43.3787399965239","-79.8081999736876","CANNA CABANA","3505 UPPER MIDDLE RD UNIT D003","BURLINGTON","ON","L7M4C6","68891408"
"CRSA1189502","Authorized to Open","Active","Cannabis Retail Store Authorization","43.7406902972474","-79.4348665688727","Scarlet Fire Cannabis","3852 BATHURST ST","NORTH YORK","ON","M3H3N3","24197296"
"CRSA1189609","Authorized to Open","Active","Cannabis Retail Store Authorization","44.011918861066","-79.4453930927782","SESSIONS CANNABIS - AURORA","15480 BAYVIEW AVE UNIT D0103","AURORA","ON","L4G7J1","71897400"
"CRSA1189684","Authorized to Open","Active","Cannabis Retail Store Authorization","43.3246884507472","-79.7956139485255","BUDSSMOKE","2017 LAKESHORE RD","BURLINGTON","ON","L7R1A1","4852951"
"CRSA1189761","Authorized to Open","Active","Cannabis Retail Store Authorization","43.8004350758484","-79.2959142243733","Cannabuds","2776 KENNEDY RD","SCARBOROUGH","ON","M1T3J2","69029617"
"CRSA1189767","Authorized to Open","Active","Cannabis Retail Store Authorization","43.7320020969181","-79.2690478563966","Soul Rebel Cannabis Co.","2416 EGLINTON AVE E","SCARBOROUGH","ON","M1K2P3","24168830"
"CRSA1189778","Authorized to Open","Active","Cannabis Retail Store Authorization","43.4807599957477","-80.4774299824971","The Bridgeport Cannabis Co.","8 BLOOMINGDALE RD N UNIT 4","KITCHENER","ON","N2K1A2","69041145"
"CRSA1189852","Authorized to Open","Active","Cannabis Retail Store Authorization","45.3063291475396","-79.8942938974505","Giggle Leaf","1 HORSESHOE LAKE ROAD","PARRY SOUND","ON","P2A2W8","24107123"
"CRSA1189859","Authorized to Open","Active","Cannabis Retail Store Authorization","43.7847499986108","-79.4762699862366","One Plant North York","2181 STEELES AVE W UNIT B004 ","NORTH YORK ","ON "," M3J 3N2","79060735"
"CRSA1190022","Authorized to Open","Active","Cannabis Retail Store Authorization","43.7006300146229","-79.4280499869157","CanaCulture Cannabis Store","914 EGLINTON AVE W","TORONTO","ON","M6C2C2","70232472"
"CRSA1190059","Authorized to Open","Active","Cannabis Retail Store Authorization","51.0155400079747","-93.8325199921767","West End Cannabis Co.","260 HOWEY STREET","RED LAKE","ON","P0V 2M0","69146872"
"CRSA1190106","Authorized to Open","Active","Cannabis Retail Store Authorization","43.1380100190351","-79.2162699714379","One Plant St. Catharines","343 GLENDALE AVE SUITE 520","ST CATHARINES","ON","L2T0A1","69179530"
"CRSA1190176","Authorized to Open","Active","Cannabis Retail Store Authorization","43.6705600208","-79.3907100331926","Tokyo Smoke","94 CUMBERLAND ST UNIT 2 ","TORONTO ","ON","M5R 1A3","72342259"
"CRSA1190224","Authorized to Open","Active","Cannabis Retail Store Authorization","43.5454143000753","-80.2485995140683","PUR CANNABIS – WYNDHAM N","37A WYNDHAM ST N","GUELPH","ON","N1H4E4","69237390"
"CRSA1190226","Authorized to Open","Active","Cannabis Retail Store Authorization","43.5448499971744","-80.2474899870565","THE CANNABIST SHOP","69 MACDONELL ST","GUELPH","ON","N1H2Z7","69237881"
"CRSA1190256","Authorized to Open","Active","Cannabis Retail Store Authorization","43.959640000928","-78.1650899621496","The Peace Pipe ","1 KING ST E UNIT 1A","COBOURG","ON","K9A1K6","69249305"
"CRSA1190297","Authorized to Open","Active","Cannabis Retail Store Authorization","43.4203447504475","-80.4469772000982","Canna Cabana","569 FAIRWAY RD S UNIT H3","KITCHENER","ON","N2C1X4","52817686"
"CRSA1190297","Authorized to Open","Active","Cannabis Retail Store Authorization","43.4203447504475","-80.4469772000982","Canna Cabana","569 FAIRWAY RD S UNIT H3","KITCHENER","ON","N2C1X4","52817686"
"CRSA1190352","Authorized to Open","Active","Cannabis Retail Store Authorization","44.1521231378871","-81.0278219574274","VIP Cannabis Company","302 10TH ST","HANOVER","ON","N4N1P3","69301343"
"CRSA1190359","Authorized to Open","Active","Cannabis Retail Store Authorization","49.7712699928187","-94.4891300399271","THE REEF STORE BY THE LAKE","201 MARINA ROAD","WAUZHUSHK ONIGUM NATION","ON","P9N 3X8","72341210"
"CRSA1190448","Authorized to Open","Active","Cannabis Retail Store Authorization","43.7328856921539","-79.7645228281566","One Plant Brampton","160 GREAT LAKES DR UNIT 123A","BRAMPTON","ON","L6R2K7","75573355"
"CRSA1190535","Authorized to Open","Active","Cannabis Retail Store Authorization","46.6109459694875","-81.0072694510588","CANNABIS JACKS","3020 OLD HWY 69 N UNIT 1","VAL CARON","ON","P3N1R8","70513490"
"CRSA1190601","Authorized to Open","Active","Cannabis Retail Store Authorization","42.2681892336835","-83.0015203280914","Cannasavvy Cannabis Co.","3395 HOWARD AVE UNIT 4","WINDSOR","ON","N9E3N6","64509509"
"CRSA1190669","Authorized to Open","Active","Cannabis Retail Store Authorization","45.0296800048229","-75.6356100345196","DREAM CANNABIS","202-3000 WELLINGTON ROAD","KEMPTVILLE","ON","KOG1J0","69631974"
"CRSA1190704","Authorized to Open","Active","Cannabis Retail Store Authorization","43.1066364604708","-79.0711515","True North Cannabis Company","4695 QUEEN ST","NIAGARA FALLS","ON","L2E2L9","44081663"
"CRSA1190750","Authorized to Open","Active","Cannabis Retail Store Authorization","42.5946800096867","-82.383039995275","Haight - Ashbury","302 JAMES ST","WALLACEBURG","ON","N8A2N5","69662423"
"CRSA1190752","Authorized to Open","Active","Cannabis Retail Store Authorization","43.6492963652548","-79.4501685016448","Purple Tree Cannabis","337 RONCESVALLES AVE","TORONTO","ON","M6R2M8","2168104"
"CRSA1190768","Authorized to Open","Active","Cannabis Retail Store Authorization","43.6789599869768","-79.3432399627488","EY CANNABIS 715 DANFORTH","715 DANFORTH AVE UNIT A","TORONTO","ON","M4J1L2","69678019"
"CRSA1190771","Authorized to Open","Active","Cannabis Retail Store Authorization","44.0779200122123","-80.2054600232306","Cannabis Stop Inc.","171 MAIN ST W SUITE 101","SHELBURNE","ON","L9V3K3","69680199"
"CRSA1190772","Authorized to Open","Active","Cannabis Retail Store Authorization","43.2509811973282","-79.8162996244448","True North Cannabis Company","326 OTTAWA ST N","HAMILTON","ON","L8H4A1","24189965"
"CRSA1190773","Authorized to Open","Active","Cannabis Retail Store Authorization","42.9753399933574","-79.2526399713255","True North Cannabis Co.","16 STEEL ST","WELLAND","ON","L3B3L9","69680549"
"CRSA1190774","Authorized to Open","Active","Cannabis Retail Store Authorization","43.3587600120151","-80.3141800129387","True North Cannabis Co.","51 MAIN ST","CAMBRIDGE","ON","N1R1V6","69680781"
"CRSA1190776","Authorized to Open","Active","Cannabis Retail Store Authorization","42.3103700030178","-83.0116699929403","TRUE NORTH CANNABIS CO.","1368 OTTAWA ST","WINDSOR","ON","N8X2E8","69681289"
"CRSA1190783","Authorized to Open","Active","Cannabis Retail Store Authorization","42.969671844023","-82.3984626090895","True North Cannabis Company","129 MITTON ST S","SARNIA","ON","N7T3C5","69682402"
"CRSA1190846","Authorized to Open","Active","Cannabis Retail Store Authorization","42.8891200073478","-79.2512599747867","True North Cannabis Company","349 KING ST","PORT COLBORNE","ON","L3K4H2","69719190"
"CRSA1190852","Authorized to Open","Active","Cannabis Retail Store Authorization","43.3935599976189","-80.3544500285548","True North Cannabis Company","960 KING ST E SUITE 3","CAMBRIDGE","ON","N3H3P3","72706208"
"CRSA1190859","Authorized to Open","Active","Cannabis Retail Store Authorization","43.664059980616","-79.4169899818567","CABIN CANNABIS ","688 BLOOR ST W","TORONTO","ON","M6G1L2","69724858"
"CRSA1190871","Authorized to Open","Active","Cannabis Retail Store Authorization","43.5008836041674","-80.5342309551939","Sessions Cannabis-Waterloo","573 KING ST N UNIT 2","WATERLOO","ON","N2L5Z7","104529210"
"CRSA1190947","Authorized to Open","Active","Cannabis Retail Store Authorization","43.6228500183778","-79.5192099732902","ABOVE THE CLOUDS CANNABIS","1126 THE QUEENSWAY UNIT 1 AND 2","ETOBICOKE","ON","M8Z1P7","70946394"
"CRSA1190994","Authorized to Open","Active","Cannabis Retail Store Authorization","43.7088429911543","-79.3102590402636","Kiosk Cannabis","985 O'CONNOR DR","TORONTO","ON","M4B2T1","24275128"
"CRSA1191022","Authorized to Open","Active","Cannabis Retail Store Authorization","43.6323100019397","-79.7689699846175","Hibuzz","7955 FINANCIAL DR UNIT B","BRAMPTON","ON","L6Y0J8","71786208"
"CRSA1191061","Authorized to Open","Active","Cannabis Retail Store Authorization","45.1929800143433","-75.8418699800232","Gather and Grow Recreational Cannabis","6179 PERTH ST UNIT 220","RICHMOND","ON","K0A2Z0","69850925"
"CRSA1191078","Authorized to Open","Active","Cannabis Retail Store Authorization","45.3937799881184","-75.7508399969669","Unplug Cannabis Co.","261 RICHMOND ROAD   ","OTTAWA","ON"," K1Z6X3","70575847"
"CRSA1191155","Authorized to Open","Active","Cannabis Retail Store Authorization","43.7668900069627","-79.3857000020266","Moksha Cannabis","5 KENASTON GDNS UNIT 3","NORTH YORK","ON","M2K1B3","69898351"
"CRSA1191192","Authorized to Open","Active","Cannabis Retail Store Authorization","44.5689616804406","-80.9426319549539","Moonfire Cannabis","1050 2ND AVE E SUITE 5","OWEN SOUND","ON","N4K2H7","69912192"
"CRSA1191247","Authorized to Open","Active","Cannabis Retail Store Authorization","45.2710880110767","-75.7826457072783","One Plant Barrhaven","4335 STRANDHERD DR UNIT 3,4,5","NEPEAN","ON","K2J6E5","44623338"
"CRSA1191375","Authorized to Open","Active","Cannabis Retail Store Authorization","45.0148600037279","-75.6466100251519","Creekside Greens","19 REUBEN CRES","KEMPTVILLE","ON","K0G 1J0","69994375"
"CRSA1191419","Authorized to Open","Active","Cannabis Retail Store Authorization","43.7670799827981","-79.2275899831334","HOLLAND DAZE","793 MARKHAM RD","SCARBOROUGH","ON","M1H2Y2","70592644"
"CRSA1191422","Authorized to Open","Active","Cannabis Retail Store Authorization","42.9502400071129","-79.8548000025818","Forty3Eighty Cannabis Co.","5 TALBOT STREET EAST, UNIT 1","CAYUGA","ON","N0A 1E0","70020781"
"CRSA1191456","Authorized to Open","Active","Cannabis Retail Store Authorization","43.9705200046164","-79.2512400258571","JOLLY GREEN CANNABIS","6134 MAIN ST","STOUFFVILLE","ON","L4A1A5","70038298"
"CRSA1191475","Authorized to Open","Active","Cannabis Retail Store Authorization","43.0085500157478","-79.2512299675733","Garden City Cannabis Co","623 NIAGARA ST","WELLAND","ON","L3C1L9","70060599"
"CRSA1191661","Authorized to Open","Active","Cannabis Retail Store Authorization","45.4774708446233","-76.6558388079973","A High Class Joint","910 O'BRIEN RD UNIT 1004","RENFREW ","ON","K7V 0B4","71449544"
"CRSA1191755","Authorized to Open","Active","Cannabis Retail Store Authorization","43.8952937872978","-79.0422619151761","GREEN WORLD ","1901 HARWOOD AVE N UNIT 34","AJAX","ON","L1T0K8","67522701"
"CRSA1191851","Authorized to Open","Active","Cannabis Retail Store Authorization","42.9991647","-81.197498","Forest City Marijuana","1470 DUNDAS ST","LONDON","ON","N5W3B9","30431962"
"CRSA1191912","Authorized to Open","Active","Cannabis Retail Store Authorization","43.697934225616","-79.8241036141386","Golden Tree Cannabis","10671 CHINGUACOUSY RD UNIT B7","BRAMPTON","ON","L7A0N5","77948437"
"CRSA1191963","Authorized to Open","Active","Cannabis Retail Store Authorization","45.2255400201425","-75.6855199931588","BLUEBIRD CANNABIS CO.","5530 MANOTICK MAIN ST UNIT 1B","OTTAWA","ON","K4M1A2","83229663"
"CRSA1191979","Authorized to Open","Active","Cannabis Retail Store Authorization","42.960799989738","-82.3573300160269","The We Store","450 TRUDEAU DR UNIT 7/8","SARNIA","ON","N7S4V1","70798658"
"CRSA1192185","Authorized to Open","Active","Cannabis Retail Store Authorization","43.784750976398","-79.4457864678857","PURPLE MOOSE","5984 BATHURST ST","NORTH YORK","ON","M2R1Z1","43896448"
"CRSA1192377","Authorized to Open","Active","Cannabis Retail Store Authorization","43.8030999963186","-79.2945599645817","North 80","19 MILLIKEN BLVD SUITE 25C","SCARBOROUGH","ON","M1V4A2","70430328"
"CRSA1192410","Authorized to Open","Active","Cannabis Retail Store Authorization","48.472009998966","-81.3929600368221","Cannabis Jacks","1869 RIVERSIDE DR UNIT 1B","TIMMINS","ON","P4R 0A2","76473210"
"CRSA1192547","Authorized to Open","Active","Cannabis Retail Store Authorization","44.1482172312833","-79.8830646496473","Emerald Cannabis Co. Alliston","86 YOUNG ST UNIT S6B","ALLISTON","ON","L9R1P8","70527567"
"CRSA1192594","Authorized to Open","Active","Cannabis Retail Store Authorization","43.0208111593887","-81.2160629312448","Cannabis Link","1295 HIGHBURY AVE N UNIT A6B","LONDON","ON","N5Y5L3","71260229"
"CRSA1192657","Authorized to Open","Active","Cannabis Retail Store Authorization","43.7685899826552","-79.3814399835567","Paradise AIR ","650 SHEPPARD AVE E UNIT 7","NORTH YORK","ON","M2K3E4","80780518"
"CRSA1192675","Authorized to Open","Active","Cannabis Retail Store Authorization","45.0300999800815","-75.6329099720497","SPIRITLEAF KEMPTVILLE","304 COLONNADE DR UNIT 300","KEMPTVILLE","ON","K0G1J0","70582940"
"CRSA1192716","Authorized to Open","Active","Cannabis Retail Store Authorization","43.5410500194603","-80.2436499857547","Ronin Cannabis","86 GORDON ST UNIT C","GUELPH","ON","N1H4H6","70594302"
"CRSA1192762","Authorized to Open","Active","Cannabis Retail Store Authorization","42.9477699859756","-81.8797200368157","Cauldron Cannabis","5294 NAUVOO ROAD UNIT 101","WATFORD","ON","N0M 2S0","70607514"
"CRSA1192826","Authorized to Open","Active","Cannabis Retail Store Authorization","43.8151065001141","-79.2328553697534","Good Cookie Malvern","5741 FINCH AVE E UNIT 2","SCARBOROUGH","ON","M1B2G5","70639339"
"CRSA1192853","Authorized to Open","Active","Cannabis Retail Store Authorization","44.163566843182","-77.3840904866985","SATIVA BLISS CANNABIS BOUTIQUE","200 FRONT ST UNIT 101","BELLEVILLE","ON","K8N2Y7","44612600"
"CRSA1192872","Authorized to Open","Active","Cannabis Retail Store Authorization","44.7502999821446","-79.8862700256921","TOKE","262 KING ST","MIDLAND","ON","L4R3M3","70657771"
"CRSA1192892","Authorized to Open","Active","Cannabis Retail Store Authorization","42.9579816380921","-81.6252861519706","TRUE NORTH CANNABIS CO.","51 FRONT ST W","STRATHROY","ON","N7G1X6","138812"
"CRSA1192992","Authorized to Open","Active","Cannabis Retail Store Authorization","43.766621408875","-79.475267929712","ASHARIO","1111A FINCH AVE W UNIT 1","NORTH YORK","ON","M3J2P7","164954740"
"CRSA1193094","Authorized to Open","Active","Cannabis Retail Store Authorization","44.5055348003344","-80.3102950555305","Chill Blue Mountain","170 JOZO WEIDER BLVD UNIT 61/P1-11","BLUE MOUNTAIN","ON","L9Y0V2","70742087"
"CRSA1193139","Authorized to Open","Active","Cannabis Retail Store Authorization","43.6461018276301","-79.4092855917249","COSMIC CHARLIES","821 QUEEN ST W","TORONTO","ON","M6J1G1","22055224"
"CRSA1193157","Authorized to Open","Active","Cannabis Retail Store Authorization","48.6119924565519","-93.4000814442685","T CANNABIS ","130 SECOND ST E UNIT 2","FORT FRANCES","ON","P9A1M5","70766797"
"CRSA1193235","Authorized to Open","Active","Cannabis Retail Store Authorization","44.9195700022017","-79.3741100092298","TRUE NORTH CANNABIS CO.","125 MUSKOKA RD S","GRAVENHURST","ON","P1P1X3","70799499"
"CRSA1193238","Authorized to Open","Active","Cannabis Retail Store Authorization","42.0527259782064","-82.5998792183206","TRUE NORTH CANNABIS CO.","11 ERIE ST S SUITE 3","LEAMINGTON","ON","N8H3A6","70800252"
"CRSA1193245","Authorized to Open","Active","Cannabis Retail Store Authorization","45.3265495967452","-79.2180737380113","True North Cannabis Co.","30 MAIN ST E","HUNTSVILLE","ON","P1H2C8","24183795"
"CRSA1193246","Authorized to Open","Active","Cannabis Retail Store Authorization","42.836955987307","-80.304826731004","True North Cannabis Co.","22-26 ROBINSON ST  ","SIMCOE ","ON","N3Y1W4","211374011"
"CRSA1193298","Authorized to Open","Active","Cannabis Retail Store Authorization","43.8633496160186","-79.0169659897738","CANNA CABANA","170 KINGSTON RD E UNIT B4","AJAX","ON","L1Z0C7","70821127"
"CRSA1193299","Authorized to Open","Active","Cannabis Retail Store Authorization","43.5382800100084","-79.8710800054814","CANNA CABANA","1155 MAPLE AVE UNIT F014","MILTON","ON","L9T0A5","70821215"
"CRSA1193309","Authorized to Open","Active","Cannabis Retail Store Authorization","44.3321366436763","-79.6989996352161","BUDS 4 LESS","145 MAPLEVIEW DR W UNIT A","BARRIE","ON","L4N9H7","70822877"
"CRSA1193321","Authorized to Open","Active","Cannabis Retail Store Authorization","43.8947100070746","-78.8781699812404","Tokyo Smoke","400 KING ST W UNIT 7","OSHAWA","ON","L1J2J9","70825487"
"CRSA1193322","Authorized to Open","Active","Cannabis Retail Store Authorization","48.3808125194766","-89.293239","TOKYO SMOKE","572 ARTHUR ST W UNIT 5","THUNDER BAY","ON","P7E5R7","64498255"
"CRSA1193341","Authorized to Open","Active","Cannabis Retail Store Authorization","43.7080000125375","-79.7334599679957","CANNA CABANA","148 WEST DR UNIT C108","BRAMPTON","ON","L6T5P1","70829553"
"CRSA1193342","Authorized to Open","Active","Cannabis Retail Store Authorization","44.3083364036925","-79.5762188542149","CANNA CABANA","1491 INNISFIL BEACH RD SUITE 6","INNISFIL","ON","L9S4B2","70829616"
"CRSA1193459","Authorized to Open","Active","Cannabis Retail Store Authorization","42.2633800060783","-82.4396999843603","The Higher Cannabis Company","30 MILL ST WEST","TILBURY","ON","N0P2L0","70880297"
"CRSA1193491","Authorized to Open","Active","Cannabis Retail Store Authorization","43.4505999802848","-80.4918799644764","PUR CANNABIS-KING W","147 KING ST W","KITCHENER","ON","N2G1A7","70892072"
"CRSA1193501","Authorized to Open","Active","Cannabis Retail Store Authorization","48.4047434186917","-89.2415653956857","CANNA CABANA FORT WILLIAM","949 FORT WILLIAM RD SUITE D10","THUNDER BAY","ON","P7B3A6","70894878"
"CRSA1193502","Authorized to Open","Active","Cannabis Retail Store Authorization","43.6380552159531","-80.027395699911","BUDDERS","372 QUEEN ST E UNIT A4","ACTON","ON","L7J2Y5","76287009"
"CRSA1193539","Authorized to Open","Active","Cannabis Retail Store Authorization","42.8621324193039","-80.7293067688229","HIGHLIFE CANNABIS TILLSONBURG","200 BROADWAY ST UNIT A1052","TILLSONBURG","ON ","N4G5A7","76613714"
"CRSA1193612","Authorized to Open","Active","Cannabis Retail Store Authorization","43.9962862317502","-79.466776217612","ASHARIO","15114 YONGE ST","AURORA","ON","L4G1M2","6216081"
"CRSA1193672","Authorized to Open","Active","Cannabis Retail Store Authorization","45.8899299827823","-77.2623900031961","Prairie and Luna Cannabis Co.","3067 PETAWAWA BLVD SUITE 2","PETAWAWA","ON","K8H1X9","70986232"
"CRSA1193708","Authorized to Open","Active","Cannabis Retail Store Authorization","43.6915999807844","-79.288210002374","Cannabis Place","653 VICTORIA PARK AVE","SCARBOROUGH ","ON","M4C5P1","72298406"
"CRSA1193798","Authorized to Open","Active","Cannabis Retail Store Authorization","43.8271499815523","-79.2911200315184","Kiosk Cannabis","4915 STEELES AVE E UNIT 11","SCARBOROUGH","ON","M1V4Z4","71048262"
"CRSA1193850","Authorized to Open","Active","Cannabis Retail Store Authorization","43.6511699965462","-79.4106700268624","HIMALAYA CANNABIS","871 DUNDAS ST W","TORONTO","ON","M6J1V6","71079823"
"CRSA1193856","Authorized to Open","Active","Cannabis Retail Store Authorization","43.7543099856723","-79.3495800343107","KANAB","865 YORK MILLS RD UNIT 18","NORTH YORK","ON","M3B1Y6","76216180"
"CRSA1193988","Authorized to Open","Active","Cannabis Retail Store Authorization","42.593200017043","-82.3869599599331","True North Cannabis Co.","740 JAMES ST","WALLACEBURG","ON","N8A2P5","71134140"
"CRSA1194020","Authorized to Open","Active","Cannabis Retail Store Authorization","43.0896456332048","-79.0830905299793","POT SPOT","5365 FERRY ST UNIT 2","NIAGARA FALLS","ON","L2G1R9","71145164"
"CRSA1194090","Authorized to Open","Active","Cannabis Retail Store Authorization","45.0273781693086","-74.7022724451757","Groove Cannabis Co. Inc.","1380 SECOND ST E UNIT 26","CORNWALL","ON","K6H2B8","71174464"
"CRSA1194147","Authorized to Open","Active","Cannabis Retail Store Authorization","43.6507719153443","-79.3573345531479","Fika Distillery","49 TANK HOUSE LANE","TORONTO","ON","M5A3C4","15156346"
"CRSA1194211","Authorized to Open","Active","Cannabis Retail Store Authorization","43.1912599984516","-80.2418099903696","CLOUD NINE CANNABIS","26 BRANTWOOD PARK RD UNIT 4","BRANTFORD","ON","N3P1G2","71924895"
"CRSA1194242","Authorized to Open","Active","Cannabis Retail Store Authorization","43.4765000191873","-80.523189977055","BUDDIES CANNABIS","25 UNIVERSITY AVE E","WATERLOO","ON","N2J2V9","71253355"
"CRSA1194382","Authorized to Open","Active","Cannabis Retail Store Authorization","43.4457000035074","-80.5719200151842","Tokyo Smoke","655 ERB STREET WEST, UNIT 665-500","WATERLOO","ON","N2J 3Z4","71305587"
"CRSA1194441","Authorized to Open","Active","Cannabis Retail Store Authorization","43.704759987865","-79.5045599991011","garden of Eden cannabis ","1744 JANE STREET","TORONTO","ON","M9N2S9","72049959"
"CRSA1194650","Authorized to Open","Active","Cannabis Retail Store Authorization","47.5088179694551","-79.6714790494494","T CANNABIS","9 ARMSTRONG ST N","NEW LISKEARD","ON","P0J 1P0","71422698"
"CRSA1194742","Authorized to Open","Active","Cannabis Retail Store Authorization","44.1092766383664","-79.1205286186765","Buzzed Buds","2 BROCK ST W UNITS 3 & 3A","UXBRIDGE","ON","L9P1P2","76547932"
"CRSA1194893","Authorized to Open","Active","Cannabis Retail Store Authorization","44.0391417929401","-79.2974974125051","Plant Republic","15301 HIGHWAY 48 UNIT 7","STOUFFVILLE","ON","L4A 3M1","80274640"
"CRSA1194941","Authorized to Open","Active","Cannabis Retail Store Authorization","43.6659099923754","-79.7320900297407","CROWN LEAF","1 STEELES AVE E UNIT 14","BRAMPTON","ON","L6W 4J4","76486002"
"CRSA1194977","Authorized to Open","Active","Cannabis Retail Store Authorization","43.2386109441977","-79.8427864324254","Sparkle Cannabis Company","778 CONCESSION ST","HAMILTON","ON","L8V1C8","24218255"
"CRSA1195080","Authorized to Open","Active","Cannabis Retail Store Authorization","44.1629160230537","-77.3868213799699","True North Cannabis Co.","20 BRIDGE ST W","BELLEVILLE","ON","K8P1H7","113073"
"CRSA1195084","Authorized to Open","Active","Cannabis Retail Store Authorization","43.7383966280801","-80.9477254346184","True North Cannabis Co.","780 WALLACE AVE N","LISTOWEL","ON","N4W1M2","24224946"
"CRSA1195086","Authorized to Open","Active","Cannabis Retail Store Authorization","43.7445431765259","-81.7077227251131","The Cannabis Guys","46 VICTORIA ST N","GODERICH","ON","N7A2R6","270310"
"CRSA1195088","Authorized to Open","Active","Cannabis Retail Store Authorization","43.1407654257603","-79.2512268973395","True North Cannabis Co.","92 PELHAM RD","ST CATHARINES","ON","L2S1T1","18991200"
"CRSA1195089","Authorized to Open","Active","Cannabis Retail Store Authorization","43.370699991179","-80.9593299873915","True North Cannabis Co.","673 ONTARIO ST","STRATFORD","ON","N5A3J6","71638136"
"CRSA1195095","Authorized to Open","Active","Cannabis Retail Store Authorization","43.1455800091594","-80.2649800014985","True North Cannabis Co","153 WEST ST","BRANTFORD","ON","N3T3G4","71638886"
"CRSA1195197","Authorized to Open","Active","Cannabis Retail Store Authorization","44.6105799845469","-75.6893699689253","True North Cannabis Co.","2107 PARKEDALE AVE","BROCKVILLE","ON","K6V0B4","71680844"
"CRSA1195219","Authorized to Open","Active","Cannabis Retail Store Authorization","43.6931399878548","-79.4626499803097","Kush Klub","2250 EGLINTON AVE W","YORK","ON","M6E2L3","71692432"
"CRSA1195311","Authorized to Open","Active","Cannabis Retail Store Authorization","43.8352300104849","-79.2554199971517","Your Local Cannabis","5981 STEELES AVE E SUITE E104","SCARBOROUGH","ON","M1V5P7","71734020"
"CRSA1195334","Authorized to Open","Active","Cannabis Retail Store Authorization","44.5879500194397","-75.6874299774354","SHINYBUD CANNABIS CO. 182 KING ST WEST","182 KING ST W","BROCKVILLE","ON","K6V3R5","71749220"
"CRSA1195395","Authorized to Open","Active","Cannabis Retail Store Authorization","44.2375599798921","-76.5668200312959","THE HERBARY","1650 BATH RD","KINGSTON","ON","K7M4X6","71773334"
"CRSA1195538","Authorized to Open","Active","Cannabis Retail Store Authorization","43.6016000078999","-79.500880008331","KUSH KORNER CANNABIS","2807 LAKE SHORE BLVD W","ETOBICOKE","ON","M8V1H6","71862290"
"CRSA1195539","Authorized to Open","Active","Cannabis Retail Store Authorization","43.1332232685896","-80.7344692351196","VIP Cannabis Co.","930 DUNDAS ST UNIT 107","WOODSTOCK","ON","N4S 8X6","75225012"
"CRSA1195546","Authorized to Open","Active","Cannabis Retail Store Authorization","43.6238671834784","-79.5138645061168","Growers Retail","970 THE QUEENSWAY","ETOBICOKE","ON","M8Z1P6","44718216"
"CRSA1195579","Authorized to Open","Active","Cannabis Retail Store Authorization","43.702680018592","-79.7857600263254","Chamba Cannabis Co","20 GILLINGHAM DR UNIT 609","BRAMPTON","ON","L6X4X7","76771957"
"CRSA1195698","Authorized to Open","Active","Cannabis Retail Store Authorization","45.3539556128589","-75.6524027610729","Spiritleaf South Keys","1009 DAZE ST UNIT D","OTTAWA","ON","K1V2G3","71952555"
"CRSA1195753","Authorized to Open","Active","Cannabis Retail Store Authorization","48.6090637","-93.3987953","Borderland Cannabis","401B MOWAT AVE","FORT FRANCES","ON","P9A1Y8","31667829"
"CRSA1195781","Authorized to Open","Active","Cannabis Retail Store Authorization","43.6713500151743","-79.2948899601097","Spiritleaf Beaches","2116 QUEEN ST E UNIT J","TORONTO","ON","M4E1E2","75570433"
"CRSA1195836","Authorized to Open","Active","Cannabis Retail Store Authorization","44.1758397413295","-81.6362281511339","SESSIONS CANNABIS - KINCARDINE","728 QUEEN ST","KINCARDINE","ON","N2Z1Z8","179101"
"CRSA1195924","Authorized to Open","Active","Cannabis Retail Store Authorization","43.393770006203","-79.9805400334208","SESSIONS CANNABIS - CARLISLE","278 CARLISLE RD","CARLISLE","ON","L0R1H2","72088911"
"CRSA1195943","Authorized to Open","Active","Cannabis Retail Store Authorization","42.9581377450241","-81.2318338030912","Tokyo Smoke","645 COMMISSIONERS RD E UNIT 103","LONDON","ON","N6C2T9","77194181"
"CRSA1196153","Authorized to Open","Active","Cannabis Retail Store Authorization","43.1678700042739","-80.249970024568","TONIK CANNABIS","560 WEST ST SUITE B","BRANTFORD","ON","N3R6M7","72246882"
"CRSA1196186","Authorized to Open","Active","Cannabis Retail Store Authorization","45.269640020686","-75.6966799943227","OUT & ABOUT CANNABIS","665 EARL ARMSTRONG RD UNIT 8","GLOUCESTER","ON","K1V2G2","75882428"
"CRSA1196265","Authorized to Open","Active","Cannabis Retail Store Authorization","46.3179594884588","-79.4459925","Cannabis Jacks","1881 CASSELLS ST","NORTH BAY","ON","P1B4C8","184457"
"CRSA1196335","Authorized to Open","Active","Cannabis Retail Store Authorization","43.1551599796653","-79.2462500274397","The Hempire","25-27 ONTARIO ST ","ST CATHARINES","ON","L2R5J3","81147989"
"CRSA1196379","Authorized to Open","Active","Cannabis Retail Store Authorization","42.947159992972","-81.6098199885384","One Plant Strathroy","70 CARROLL ST E UNIT A6 & A7","STRATHROY","ON","N7G4G2","77472595"
"CRSA1196422","Authorized to Open","Active","Cannabis Retail Store Authorization","44.2321000081637","-76.4871500416133","Inspired Cannabis Co","246 PRINCESS ST","KINGSTON","ON","K7L1B2","72584373"
"CRSA1196423","Authorized to Open","Active","Cannabis Retail Store Authorization","42.9512358429071","-81.4230554485413","Inspired Cannabis Co","10166 GLENDON DR UNIT 204","KOMOKA","ON","N0L1R0","72584678"
"CRSA1196435","Authorized to Open","Active","Cannabis Retail Store Authorization","44.3511639265813","-78.7547870260765","GreenLeaf Cannabis","351 KENT ST W UNIT 1","LINDSAY","ON","K9V2Z7","72598082"
"CRSA1196458","Authorized to Open","Active","Cannabis Retail Store Authorization","43.6500800138573","-79.5278300063349","Consumers Cannabis","4864 DUNDAS ST W","ETOBICOKE","ON","M9A1B5","72609100"
"CRSA1196463","Authorized to Open","Active","Cannabis Retail Store Authorization","43.6475400038285","-79.3736500103835","Red Rock Cannabis Co.","6 CHURCH ST","TORONTO","ON","M5E1M1","72613314"
"CRSA1196563","Authorized to Open","Active","Cannabis Retail Store Authorization","43.1658800147315","-79.4761799645965","Toke Cannabis","4999 KING STREET","BEAMSVILLE","ON","L0R 1B0","72677662"
"CRSA1196666","Authorized to Open","Active","Cannabis Retail Store Authorization","43.1750432538531","-80.2322895579656","Sessions Cannabis - Brantford","175-181 LYNDEN RD, UNIT F2","BRANTFORD","ON","N3P 1N6","76286899"
"CRSA1196675","Authorized to Open","Active","Cannabis Retail Store Authorization","45.287509986799","-75.6732899582355","Mary J's Cannabis Riverside South","3771 SPRATT RD UNIT 7","GLOUCESTER","ON","K1V2P3","79128292"
"CRSA1196709","Authorized to Open","Active","Cannabis Retail Store Authorization","43.7366261507298","-79.4378095870217","OH CANNABIS","344 WILSON AVE","NORTH YORK","ON","M3H1S9","24194718"
"CRSA1196728","Authorized to Open","Active","Cannabis Retail Store Authorization","43.6891901863822","-79.8541198000622","CANNABIS XPRESS","405 VETERANS DR","BRAMPTON","ON","L7A4Y9","75988887"
"CRSA1196743","Authorized to Open","Active","Cannabis Retail Store Authorization","42.8601399962139","-80.7270299832928","True North Cannabis Co. ","110 BROADWAY ST","TILLSONBURG","ON","N4G3P6","75025649"
"CRSA1196755","Authorized to Open","Active","Cannabis Retail Store Authorization","43.7696000019878","-79.5216999852665","Moksha Cannabis","4720 JANE ST UNIT 6","NORTHYORK","ON","M3N2L2","76674813"
"CRSA1196815","Authorized to Open","Active","Cannabis Retail Store Authorization","43.3719499843996","-79.7612299675873","THE FARMHOUSE CANNABIS CO.","666 APPLEBY LINE SUITE C101","BURLINGTON","ON","L7L5Y3","75061216"
"CRSA1196819","Authorized to Open","Active","Cannabis Retail Store Authorization","43.2613500176283","-79.8893900215111","Sessions Cannabis - Dundurn","50 DUNDURN ST S UNIT 6","HAMILTON","ON","L8P4W3","75062553"
"CRSA1196872","Authorized to Open","Active","Cannabis Retail Store Authorization","45.3635600001382","-77.6229099918264","Bent Bud","39268 COMBERMERE ROAD","COMBERMERE","ON","K0L 1L0","75096820"
"CRSA1196910","Authorized to Open","Active","Cannabis Retail Store Authorization","43.3882200128344","-79.7482299710383","Sweet Releafs Inc","728 BURLOAK DRIVE UNIT C4","BURLINGTON","ON","L7L6P2","76272647"
"CRSA1196927","Authorized to Open","Active","Cannabis Retail Store Authorization","43.6870799975875","-79.5979100091373","Runway Pot","936 DIXON RD UNIT B","ETOBICOKE","ON","M9W1J9","76918869"
"CRSA1196975","Authorized to Open","Active","Cannabis Retail Store Authorization","42.875189996732","-80.7435499600803","Grand Cannabis","523 BROADWAY ST UNIT B","TILLSONBURG","ON","N4G 3S8","76544627"
"CRSA1196976","Authorized to Open","Active","Cannabis Retail Store Authorization","44.0948400153289","-78.9434899850485","Cannaverse","14500 SIMCOE STREET UNITS 6 & 7","PORT PERRY","ON","L9L 1V4","78409918"
"CRSA1196991","Authorized to Open","Active","Cannabis Retail Store Authorization","43.732678296099","-79.5331735689899","SESSIONS CANNABIS - HUMBERLEA","39 ABRAHAM WELSH RD, UNIT C-7","TORONTO","ON","M9M0G6","75178398"
"CRSA1197005","Authorized to Open","Active","Cannabis Retail Store Authorization","42.0376699799847","-82.7214699810005","Tony’s Joint","410 MAIN ST. EAST UNIT 7 ","KINGSVILLE","ON","N9Y0C1","81417258"
"CRSA1197036","Authorized to Open","Active","Cannabis Retail Store Authorization","45.3534899816632","-75.8046700040832","Cannaverse","3090 CARLING AVE UNIT 5A","NEPEAN","ON","K2B7K2","75203022"
"CRSA1197068","Authorized to Open","Active","Cannabis Retail Store Authorization","43.7645196","-79.5730019","Matchbox Cannabis","6115 STEELES AVE W","NORTH YORK","ON","M9L2V1","30375863"
"CRSA1197190","Authorized to Open","Active","Cannabis Retail Store Authorization","43.6165000142607","-79.4881700256319","Jackpot Cannabis ","2348 LAKE SHORE BLVD W","ETOBICOKE","ON","M8V1B6","75257633"
"CRSA1197204","Authorized to Open","Active","Cannabis Retail Store Authorization","43.6532200005153","-79.3566999581441","Fika Canary","430 FRONT ST E UNIT 15A","TORONTO","ON","M5A0J6","76522631"
"CRSA1197214","Authorized to Open","Active","Cannabis Retail Store Authorization","44.3380999864722","-79.6818899734327","SPIRITLEAF PARK PLACE","120 PARK PLACE BOULEVARD UNIT 1 BUILDING 3","BARRIE","ON","L4N6P1","77547597"
"CRSA1197241","Authorized to Open","Active","Cannabis Retail Store Authorization","43.6915200174281","-79.3155400358679","Alphabud Cannabis Company","1186 WOODBINE AVE","EAST YORK","ON","M4C4E2","75283795"
"CRSA1197302","Authorized to Open","Active","Cannabis Retail Store Authorization","43.9685661846323","-79.2594083534824","Your Local Cannabis","5892 MAIN ST UNIT 301","STOUFFVILLE","ON","L4A2S7","22072279"
"CRSA1197308","Authorized to Open","Active","Cannabis Retail Store Authorization","43.6915200174281","-79.4669499804578","Smoke Lab Cannabis","2427 EGLINTON AVE W UNIT 2","YORK","ON","M6M1S8","75321817"
"CRSA1197341","Authorized to Open","Active","Cannabis Retail Store Authorization","45.4544599798762","-75.5046700385887","Tokyo Smoke","2006 MER BLEUE RD UNIT G1","ORLEANS","ON","K4A0G2","77480032"
"CRSA1197362","Authorized to Open","Active","Cannabis Retail Store Authorization","42.9294900190688","-78.9191099623773","True North Cannabis Co. ","201 JARVIS ST","FORT ERIE","ON","L2A2S7","75358911"
"CRSA1197372","Authorized to Open","Active","Cannabis Retail Store Authorization","42.7733100172008","-80.9853100315599","True North Cannabis Company","115 TALBOT ST W","AYLMER","ON","N5H1J6","75361292"
"CRSA1197375","Authorized to Open","Active","Cannabis Retail Store Authorization","45.4751082338999","-76.6882023828109","Cannabis 228","28 RAGLAN ST N SUITE 228","RENFREW","ON","K7V1N6","75369918"
"CRSA1197441","Authorized to Open","Active","Cannabis Retail Store Authorization","44.1938859980668","-79.7025647734439","The Canadian Cannabis Store ","31 KING ST N","COOKSTOWN","ON","L0L1L0","229517"
"CRSA1197443","Authorized to Open","Active","Cannabis Retail Store Authorization","44.102609997663","-77.5799499720242","True North Cannabis Co. ","82 DIVISION ST","TRENTON","ON","K8V4W5","75409549"
"CRSA1197457","Authorized to Open","Active","Cannabis Retail Store Authorization","45.3681000160836","-75.785769985889","The Herbary","1301 RICHMOND RD","OTTAWA","ON","K2B7Y4","77424841"
"CRSA1197481","Authorized to Open","Active","Cannabis Retail Store Authorization","43.7715099862644","-79.2526999857522","Good Cookie Town Center","1595 ELLESMERE RD","SCARBOROUGH","ON","M1P2Y3","75434214"
"CRSA1197489","Authorized to Open","Active","Cannabis Retail Store Authorization","48.4691200025702","-89.1830199627127","TOKE HOUSE","320 ARUNDEL ST UNIT C","THUNDER BAY","ON","P7A1L3","75436236"
"CRSA1197527","Authorized to Open","Active","Cannabis Retail Store Authorization","45.1954800007844","-79.312650039472","The Green Bouquet Cannabis","15 SOUTH MARY LAKE RD UNIT 2","PORT SYDNEY","ON","P0B1L0","75825829"
"CRSA1197547","Authorized to Open","Active","Cannabis Retail Store Authorization","44.2718935218347","-76.5441320886603","Cannabis Bazaar","1126 SYDENHAM RD","KINGSTON","ON","K7M3L9","75459082"
"CRSA1197634","Authorized to Open","Active","Cannabis Retail Store Authorization","43.0030200132183","-79.285940015356","Toke Cannabis","589 SOUTH PELHAM RD UNIT 150","WELLAND","ON","L3C7K1","75500264"
"CRSA1197648","Authorized to Open","Active","Cannabis Retail Store Authorization","42.9544724860292","-81.2893599142973","Cannabis Link","509 COMMISSIONERS RD W UNIT A35","LONDON","ON","N6J1Y5","64532566"
"CRSA1198357","Authorized to Open","Active","Cannabis Retail Store Authorization","43.3249399966211","-79.7970699797371","PLEASANTREES","372 BRANT ST","BURLINGTON","ON","L7R2E8","75841591"
"CRSA1198386","Authorized to Open","Active","Cannabis Retail Store Authorization","44.2593996371851","-76.4568801272906","Northern Helm Cannabis","225 GORE RD UNIT 2","KINGSTON","ON","K7L0C3","75857131"
"CRSA1198418","Authorized to Open","Active","Cannabis Retail Store Authorization","43.7962160304187","-79.4196613049942","ASHARIO","6464 YONGE ST UNIT 187","NORTH YORK","ON","M2M3X4","76204054"
"CRSA1198489","Authorized to Open","Active","Cannabis Retail Store Authorization","43.9726977232961","-78.1985592174104","CIRCA 1818","8 STRATHY RD UNIT 3","COBOURG","ON","K9A5J7","51161703"
"CRSA1198551","Authorized to Open","Active","Cannabis Retail Store Authorization","42.9312000111356","-81.2201999599208","THE HERBARY","1120 WELLINGTON RD UNIT 4","LONDON","ON","N6E1M2","75941608"
"CRSA1198624","Authorized to Open","Active","Cannabis Retail Store Authorization","43.8899300172413","-78.8947099907765","Stash & Co","843 KING ST W","OSHAWA","ON","L1J2L4","75988146"
"CRSA1198649","Authorized to Open","Active","Cannabis Retail Store Authorization","42.9588999799261","-81.2143000220946","Rightpuff Cannabis","919 COMMISSIONERS RD E SUITE 3","LONDON","ON","N5Z3H9","76001384"
"CRSA1198657","Authorized to Open","Active","Cannabis Retail Store Authorization","43.3140099948803","-81.7557100307921","True North Cannabis","31 ONTARIO ST N UNIT 2 & 3","GRAND BEND","ON","N0M 1T0","76550534"
"CRSA1199126","Authorized to Open","Active","Cannabis Retail Store Authorization","44.1783974885701","-81.6341367127699","NUCLEAR LETTUCE","855A QUEEN ST","KINCARDINE","ON","N2Z2Y2","75748549"
"CRSA1199184","Authorized to Open","Active","Cannabis Retail Store Authorization","45.4593100005106","-75.4881000218392","SPIRITLEAF","2026 TENTH LINE RD UNIT B2","ORLEANS","ON","K4A 4X4","76579373"
"CRSA1199274","Authorized to Open","Active","Cannabis Retail Store Authorization","45.4345395558355","-75.6104310033966","Inspired Cannabis","1980 OGILVIE RD UNIT 145","GLOUCESTER","ON","K1J 9L3","77415968"
"CRSA1199354","Authorized to Open","Active","Cannabis Retail Store Authorization","44.1139100185194","-79.565120003915","Olympus Cannabis","12 HOLLAND ST W","BRADFORD","ON","L3Z 2B9","76703758"
"CRSA1199449","Authorized to Open","Active","Cannabis Retail Store Authorization","43.919819800196","-78.8504679646203","Kryptonite Cannabis","555 ROSSLAND RD E UNIT D","OSHAWA","ON","L1K1K8","24259263"
"CRSA1199460","Authorized to Open","Active","Cannabis Retail Store Authorization","43.0541699906132","-79.0458200308708","Happy Hippy Cannabis Store","3464 CATTELL DR UNIT 4","NIAGARA FALLS","ON","L2G7K7","77388281"
"CRSA1199523","Authorized to Open","Active","Cannabis Retail Store Authorization","49.063696934042","-81.0265319109737","T CANNABIS NW - Cochrane","143 FOURTH ST W","COCHRANE","ON","P0L1C0","76417864"
"CRSA1199593","Authorized to Open","Active","Cannabis Retail Store Authorization","44.5421106150384","-79.9999138225228","GROOVY'S","676 RIVER RD E","WASAGA BEACH","ON","L9Z2M3","52306768"
"CRSA1199604","Authorized to Open","Active","Cannabis Retail Store Authorization","44.5241188723864","-80.0055534253643","SESSIONS CANNABIS WASAGA BEACH","3 MARKET LANE UNIT 1","WASAGA BEACH","ON","L9Z0B6","76463355"
"CRSA1199605","Authorized to Open","Active","Cannabis Retail Store Authorization","43.3690981094292","-80.9834528947977","CANNABIS CANNABIS","90 WELLINGTON ST","STRATFORD","ON","N5A2L2","76464273"
"CRSA1199610","Authorized to Open","Active","Cannabis Retail Store Authorization","45.4575911217904","-75.4976437046572","One Plant","4240 INNES RD UNIT J3","ORLEANS","ON","K4A5E6","66995430"
"CRSA1199661","Authorized to Open","Active","Cannabis Retail Store Authorization","43.6717799897282","-79.4138659771192","Minerva Cannabis","1050 BATHURST ST","TORONTO","ON","M5R3G7","36266632"
"CRSA1199692","Authorized to Open","Active","Cannabis Retail Store Authorization","49.7655099908661","-94.4863100324228","T CANNABIS NW - Kenora","400 SECOND ST S ","KENORA","ON","P9N1G6","77834803"
"CRSA1199732","Authorized to Open","Active","Cannabis Retail Store Authorization","43.7588300107787","-79.5703300272908","Go Hi Ltd ","18 SATTERLY RD","NORTH YORK","ON","M9L1E8","76546626"
"CRSA1199738","Authorized to Open","Active","Cannabis Retail Store Authorization","43.2541087532748","-79.8610324720988","VILLAGE CANNABIS CO.","275 KING ST E","HAMILTON","ON","L8N1B9","127979"
"CRSA1199779","Authorized to Open","Active","Cannabis Retail Store Authorization","44.3314929556978","-79.8860453330621","Star Buds Cannabis Co.","285 MILL ST UNIT 106","ANGUS","ON","L0M1B4","76578061"
"CRSA1199820","Authorized to Open","Active","Cannabis Retail Store Authorization","45.2694000048886","-75.3098000098531","ShinyBud Cannabis Co. Embrun","649 NOTRE DAME ST UNIT 108","EMBRUN","ON","K0A1W1","76614451"
"CRSA1199826","Authorized to Open","Active","Cannabis Retail Store Authorization","43.9267399832265","-78.8767999591663","Cannabis Street","1100 SIMCOE ST N UNIT 3","OSHAWA","ON","L1G4W6","77263152"
"CRSA1200190","Authorized to Open","Active","Cannabis Retail Store Authorization","45.3627799802287","-75.7121600283832","The Herbary","1121 MEADOWLANDS DR E UNIT E","NEPEAN","ON","K2E6J5","76780504"
"CRSA1200238","Authorized to Open","Active","Cannabis Retail Store Authorization","44.1539199855895","-81.0252900333262","True North Cannabis Co. ","513 11TH AVE","HANOVER","ON","N4N2S3","76803481"
"CRSA1200239","Authorized to Open","Active","Cannabis Retail Store Authorization","44.5675047008983","-80.9414473959235","True North Cannabis Co.","UNIT #2 - 978 THIRD AVE","OWEN SOUND","ON","N4K 2K9","79240573"
"CRSA1200240","Authorized to Open","Active","Cannabis Retail Store Authorization","45.3993399978612","-75.7332700191686","True North Cannabis Co. ","1262.5 WELLINGTON ST WEST","OTTAWA","ON","K1Y 3A5","76804114"
"CRSA1200241","Authorized to Open","Active","Cannabis Retail Store Authorization","43.7440699822009","-81.7115900394095","True North Cannabis Co. ","4 COURTHOUSE SQ","GODERICH","ON","N7A1M3","76804232"
"CRSA1200265","Authorized to Open","Active","Cannabis Retail Store Authorization","43.2165436798807","-79.7162683908979","CABBAGE BROTHERS","483 HWY 8 UNIT 3","STONEY CREEK","ON","L8G5B9","78339650"
"CRSA1200266","Authorized to Open","Active","Cannabis Retail Store Authorization","43.4170600042758","-80.3089300078847","The Hunny Pot Cannabis Co.","100 JAMIESON PKY SUITE 7","CAMBRIDGE","ON","N3C4B3","76836646"
"CRSA1200282","Authorized to Open","Active","Cannabis Retail Store Authorization","43.7383800110493","-79.702910026397","Spiritleaf Brampton (Imperial Centre)","2456 QUEEN ST E SUITE 2","BRAMPTON","ON","L6S5X9","77953420"
"CRSA1200343","Authorized to Open","Active","Cannabis Retail Store Authorization","43.7053400155647","-79.3892000333356","White Rabbit Cannabis","666 MOUNT PLEASANT RD","TORONTO","ON","M4S2N3","76881277"
"CRSA1200382","Authorized to Open","Active","Cannabis Retail Store Authorization","43.6498090034247","-79.8955330605798","SPIRITLEAF - GEORGETOWN","280 GUELPH ST UNIT 025A & 025B","GEORGETOWN","ON","L7G4B1","81587902"
"CRSA1200506","Authorized to Open","Active","Cannabis Retail Store Authorization","42.784410003938","-80.2006799914877","THE HAZE CO.","7 MAIN ST","PORT DOVER","ON","N0A1N0","76968187"
"CRSA1200535","Authorized to Open","Active","Cannabis Retail Store Authorization","44.2702432189671","-76.449983187689","CALYX + TRICHOMES CANNABIS","1206 HIGHWAY 15 SUITE 6","KINGSTON","ON","K7L0C4","76982468"
"CRSA1200577","Authorized to Open","Active","Cannabis Retail Store Authorization","43.0893000136545","-79.13495997858","Cannaverse","8189 LUNDY'S LANE UNIT 3","NIAGARA FALLS","ON","L2H1H3","68899440"
"CRSA1200577","Authorized to Open","Active","Cannabis Retail Store Authorization","43.0893000136545","-79.13495997858","Cannaverse","8189 LUNDY'S LANE UNIT 3","NIAGARA FALLS","ON","L2H1H3","68899440"
"CRSA1200620","Authorized to Open","Active","Cannabis Retail Store Authorization","44.5227851083664","-80.0141849329376","Cannabis Cove ","113 MAIN ST","WASAGA BEACH","ON","L9Z2K9","77028201"
"CRSA1200623","Authorized to Open","Active","Cannabis Retail Store Authorization","43.6481699876712","-79.3897799772163","Wonderland Cannabis","266 ADELAIDE ST W UNIT 2","TORONTO","ON","M5H1X6","77908071"
"CRSA1200667","Authorized to Open","Active","Cannabis Retail Store Authorization","45.2576500015602","-75.3575699847925","MARY J'S CANNABIS RUSSEL","191 CASTOR ST UNIT 1","RUSSELL","ON","K4R 1C7","96727126"
"CRSA1200668","Authorized to Open","Active","Cannabis Retail Store Authorization","43.8450565786562","-79.0189746494656","Cannaverse","314 HARWOOD AVE S UNIT 16","AJAX","ON","L1S2J1","77096971"
"CRSA1200810","Authorized to Open","Active","Cannabis Retail Store Authorization","43.9093435426147","-78.711616382996","NORTHERN HELM CANNABIS","2377 HIGHWAY 2 UNIT 226","BOWMANVILLE","ON","L1C5A3","77189739"
"CRSA1200815","Authorized to Open","Active","Cannabis Retail Store Authorization","43.1794101441088","-80.3842411241253","Chillin' Buds","1070 REST ACRES RD UNIT D2","PARIS ","ON","N3L0K6","91301132"
"CRSA1200822","Authorized to Open","Active","Cannabis Retail Store Authorization","43.538607642528","-80.2786657161915","Canna Cabana","106 SILVERCREEK PKY N UNIT 1","GUELPH","ON","N1H7B4","77196716"
"CRSA1200866","Authorized to Open","Active","Cannabis Retail Store Authorization","42.8673399053278","-80.7230666355235","The Underground","107F CONCESSION ST E","TILLSONBURG","ON","N4G4W4","77539852"
"CRSA1200931","Authorized to Open","Active","Cannabis Retail Store Authorization","48.4750401670098","-81.3332243329902","CASA BLISS","82 THIRD AVE","TIMMINS","ON","P4N1C3","24221896"
"CRSA1200939","Authorized to Open","Active","Cannabis Retail Store Authorization","43.4179199875416","-80.4539999647318","THE CANNABIST SHOP - MANITOU","5 MANITOU DR SUITE 104","KITCHENER","ON","N2C2J6","77260998"
"CRSA1200943","Authorized to Open","Active","Cannabis Retail Store Authorization","45.3515223141843","-80.0361109986437","Windswept Cannabis ","78 CHURCH ST","PARRY SOUND","ON","P2A1Z1","66809130"
"CRSA1200949","Authorized to Open","Active","Cannabis Retail Store Authorization","43.6772100132318","-79.3038399886823","London Haze","458 KINGSTON RD","TORONTO","ON","M4L1V3","77268597"
"CRSA1200952","Authorized to Open","Active","Cannabis Retail Store Authorization","43.2365299869499","-79.8777300398227","The Hunny Pot Cannabis Co.","659 UPPER JAMES ST","HAMILTON","ON","L9C 5R8","77269696"
"CRSA1200953","Authorized to Open","Active","Cannabis Retail Store Authorization","43.1746300091849","-79.2160999864415","The Hunny Pot Cannabis Co.","495 WELLAND AVE","ST CATHARINES","ON","L2M 5V2","77554932"
"CRSA1200993","Authorized to Open","Active","Cannabis Retail Store Authorization","44.3344470939788","-79.6887407854357","FIKA LOCAL CANNABIS","33 MAPLEVIEW DR W UNIT C007","BARRIE","ON","L4N9H5","77308359"
"CRSA1200994","Authorized to Open","Active","Cannabis Retail Store Authorization","46.4399899898283","-81.0044699725716","FIKA LOCAL CANNABIS","2408 LONG LAKE RD UNIT E006","SUDBURY","ON","P3E5H5","77308382"
"CRSA1200995","Authorized to Open","Active","Cannabis Retail Store Authorization","42.2681677325956","-83.0107620550694","FIKA LOCAL CANNABIS","3222A DOUGALL AVE","WINDSOR","ON","N9E1S6","77308405"
"CRSA1200999","Authorized to Open","Active","Cannabis Retail Store Authorization","42.7788150623226","-81.172049248354","Fika Local Cannabis","1063 TALBOT ST UNIT L0002B","ST THOMAS","ON","N5P1G4","77313595"
"CRSA1201048","Authorized to Open","Active","Cannabis Retail Store Authorization","43.649659895195","-79.3925220192328","Cookies","278A QUEEN ST W","TORONTO","ON","M5V2A1","77351837"
"CRSA1201118","Authorized to Open","Active","Cannabis Retail Store Authorization","43.2289900040389","-79.939310038434","Canna Cabana ","14 MARTINDALE CRES UNIT 4A","ANCASTER","ON","L9K1J9","77724596"
"CRSA1201153","Authorized to Open","Active","Cannabis Retail Store Authorization","43.1774099931016","-79.2403999619374","UpHi Cannabis Emporium","284-286 GENEVA ST UNIT 7","ST CATHARINES","ON","L2N 2E8","77725139"
"CRSA1201213","Authorized to Open","Active","Cannabis Retail Store Authorization","44.4734056315915","-80.0762655684245","Star Buds Cannabis Co.","30 45TH ST S UNIT 6","WASAGA BEACH","ON","L9Z0A6","77470878"
"CRSA1201224","Authorized to Open","Active","Cannabis Retail Store Authorization","43.5437300072721","-79.8681299946588","FIKA LOCAL CANNABIS","1290 STEELES AVENUE EAST UNIT C3.3","MILTON ","ON ","L9T 6R1","78196750"
"CRSA1201261","Authorized to Open","Active","Cannabis Retail Store Authorization","44.270637987308","-79.722301978489","Ashario","239 BARRIE ST","THORNTON","ON","L0L2N0","24169450"
"CRSA1201291","Authorized to Open","Active","Cannabis Retail Store Authorization","43.515040009988","-79.8807099740397","BUD'S CANNABIS STORE","300 MAIN ST E","MILTON","ON","L9T1P3","77528746"
"CRSA1201292","Authorized to Open","Active","Cannabis Retail Store Authorization","46.3674299914238","-79.9279099795632","KING OF QUEENS CANNABIS COMPANY","218 MAIN ST","STURGEON FALLS","ON","P2B1P2","77461013"
"CRSA1201298","Authorized to Open","Active","Cannabis Retail Store Authorization","43.6655145004327","-79.4715920255352","The Bakery Cannabis","3060 DUNDAS ST W","TORONTO","ON","M6P1Z7","22910648"
"CRSA1201352","Authorized to Open","Active","Cannabis Retail Store Authorization","43.7599600170552","-79.7308699599145","CANTOPIA CANNABIS CO.","55 MOUNTAINASH ROAD, D2-A","BRAMPTON","ON","L6R1W4","77650399"
"CRSA1201353","Authorized to Open","Active","Cannabis Retail Store Authorization","43.6872618479706","-79.3557033128847","WEEDJAR","1127B BROADVIEW AVE","EAST YORK","ON","M4K2S6","77664064"
"CRSA1201447","Authorized to Open","Active","Cannabis Retail Store Authorization","43.8614900102194","-79.021319979346","Red Rock Cannabis Co.","65 KINGSTON RD E SUITE 2","AJAX","ON","L1S7J4","77785438"
"CRSA1201500","Authorized to Open","Active","Cannabis Retail Store Authorization","44.429599984749","-79.1555500399114","Flowertown Cannabis","325 SIMCOE ST UNIT 1","BEAVERTON ","ON","L0K1A0","78314517"
"CRSA1201513","Authorized to Open","Active","Cannabis Retail Store Authorization","43.8356400112787","-79.0916699632498","BUZZED BUDS","1278 KINGSTON RD UNIT B 1-2","PICKERING","ON","L1V1B7","79095780"
"CRSA1201516","Authorized to Open","Active","Cannabis Retail Store Authorization","49.7869599935538","-92.8212899774412","TOKE HOUSE","539 GOVERNMENT ST UNIT 16","DRYDEN","ON","P8N2P6","77841952"
"CRSA1201553","Authorized to Open","Active","Cannabis Retail Store Authorization","45.6083399875128","-79.4031799581848","GREEN APPLE CANNABIS","51 COMMERCIAL DR","BURKS FALLS","ON","P0A1C0","77855717"
"CRSA1201626","Authorized to Open","Active","Cannabis Retail Store Authorization","45.4663399865229","-75.4666799844553","Mary J's Cannabis","1968 PORTOBELLO BOULEVARD UNIT 2 ","ORLEANS","ON ","K4A 4A7","78994162"
"CRSA1201730","Authorized to Open","Active","Cannabis Retail Store Authorization","43.8195100025365","-79.1137700244383","One Plant Pickering","705 KINGSTON RD SUITE 1","PICKERING","ON","L1V6K3","77955913"
"CRSA1201781","Authorized to Open","Active","Cannabis Retail Store Authorization","43.2369399877437","-79.84543004066","Cannabis Cupboard","410 UPPER SHERMAN AVE","HAMILTON","ON","L8V3L3","77982570"
"CRSA1201787","Authorized to Open","Active","Cannabis Retail Store Authorization","43.6544000048444","-79.3996100218033","TREES IN THE SIX ","14 SAINT ANDREW ST","TORONTO","ON","M5T1K6","77985165"
"CRSA1201880","Authorized to Open","Active","Cannabis Retail Store Authorization","43.7009600101509","-79.7787499892426","Spiritleaf - Brickyard","110 BRICKYARD WAY UNIT 12","BRAMPTON","ON","L6V4N1","78040837"
"CRSA1201931","Authorized to Open","Active","Cannabis Retail Store Authorization","42.333442513994","-82.9417905","RC BUD SHOP","8061 WYANDOTTE ST E","WINDSOR","ON","N8S1T2","156563"
"CRSA1202043","Authorized to Open","Active","Cannabis Retail Store Authorization","48.1488600131817","-80.0377799663869","T CANNABIS NW - Kirkland Lake","59 GOVERNMENT RD W","KIRKLAND LAKE","ON","P2N2E6","78264901"
"CRSA1202091","Authorized to Open","Active","Cannabis Retail Store Authorization","44.362430011091","-79.6567699963491","BUDS 4 LESS","489 YONGE ST UNIT 2","BARRIE","ON","L4N4E1","78265076"
"CRSA1202168","Authorized to Open","Active","Cannabis Retail Store Authorization","42.7896837133519","-81.1656856345539","STATION HOUSE CANNABIS CO.","150 BURWELL RD","ST THOMAS","ON","N5P3R8","71115978"
"CRSA1202202","Authorized to Open","Active","Cannabis Retail Store Authorization","43.7063699838269","-79.3890800044821","Runway Pot","697 MOUNT PLEASANT RD","TORONTO","ON","M4S2N4","78272672"
"CRSA1202256","Authorized to Open","Active","Cannabis Retail Store Authorization","43.3600143044139","-80.9762329046857","CanDream Cannabis","557 DOWNIE ST","STRATFORD","ON","N5A1Y5","78304431"
"CRSA1202284","Authorized to Open","Active","Cannabis Retail Store Authorization","44.1760599865467","-80.8179800029928","Cannabis Grey Bruce","123 GARAFRAXA ST S","DURHAM","ON","N0G 1R0","78645731"
"CRSA1202322","Authorized to Open","Active","Cannabis Retail Store Authorization","43.6870058098851","-79.4385998768828","WEEDJAR","355 OAKWOOD AVE","YORK","ON","M6E2W1","24191813"
"CRSA1202366","Authorized to Open","Active","Cannabis Retail Store Authorization","43.405787140786","-80.498384237522","Cannaverse","1188 FISCHER HALLMAN RD UNIT 201","KITCHENER","ON","N2E0B7","205094345"
"CRSA1202390","Authorized to Open","Active","Cannabis Retail Store Authorization","43.1540699969763","-79.2699699752359","TOP FINEST CANNABIS","436 VANSICKLE RD SUITE 9","ST CATHARINES","ON","L2S0A4","79906655"
"CRSA1202436","Authorized to Open","Active","Cannabis Retail Store Authorization","43.6718300048596","-79.4195499827245","COSMO CANNA","613 DUPONT ST UNIT 1","TORONTO","ON","M6G1Z3","83342075"
"CRSA1202440","Authorized to Open","Active","Cannabis Retail Store Authorization","44.1042500008383","-79.1100799753843","CANNABIS XPRESS","170 REACH ST UNIT 2","UXBRIDGE","ON","L9P1L3","78405710"
"CRSA1202457","Authorized to Open","Active","Cannabis Retail Store Authorization","43.0202076640328","-79.249907182914","INSALATA (UNITS 1 & 2)","905 NIAGARA ST UNIT 2","WELLAND","ON","L3C1M4","78424324"
"CRSA1202475","Authorized to Open","Active","Cannabis Retail Store Authorization","43.6697902969876","-79.4838509581631","REALCAN CANNABIS","831 RUNNYMEDE RD","TORONTO","ON","M6N3V8","24223903"
"CRSA1202537","Authorized to Open","Active","Cannabis Retail Store Authorization","43.7435099872498","-79.2187299762008","Hidden Leaf Cannabis","195 MARKHAM RD","SCARBOROUGH","ON","M1J3C3","78462964"
"CRSA1202558","Authorized to Open","Active","Cannabis Retail Store Authorization","43.7095098348434","-79.3845554568354","Levicann","393 EGLINTON AVE E","TORONTO","ON","M4P1M6","64649584"
"CRSA1202560","Authorized to Open","Active","Cannabis Retail Store Authorization","44.1151876239592","-79.5543339880365","ATLAS CANNABIS CLUB","78 BRIDGE ST","BRADFORD","ON","L3Z3H2","78485681"
"CRSA1202592","Authorized to Open","Active","Cannabis Retail Store Authorization","43.9881245301229","-80.744623659992","FRATELLI AND CO","514 MAIN ST N","MOUNT FOREST","ON","N0G2L2","1913664"
"CRSA1202698","Authorized to Open","Active","Cannabis Retail Store Authorization","43.2335502109488","-79.7458552920688","INHALE EXHALE CANNABIS","2732 BARTON ST E UNIT 4","HAMILTON","ON","L8E4M6","82027024"
"CRSA1202837","Authorized to Open","Active","Cannabis Retail Store Authorization","44.3173199912148","-78.3308400019681","SPARQ RETAIL","809 CHEMONG RD UNIT 24","PETERBOROUGH","ON","K9H5Z5","78628937"
"CRSA1202890","Authorized to Open","Active","Cannabis Retail Store Authorization","43.2604388413552","-79.9673656161021","Green King Cannabis","236 GOVERNORS RD","DUNDAS","ON","L9H3K2","78663168"
"CRSA1202936","Authorized to Open","Active","Cannabis Retail Store Authorization","43.7294000171727","-79.574149995844","Sativa Bliss Cannabis Boutique","2291 KIPLING AVE UNIT 102","ETOBICOKE","ON","M9W4L6","78678055"
"CRSA1202964","Authorized to Open","Active","Cannabis Retail Store Authorization","48.4377197016274","-89.2163084111606","Cannabis Plus Store","89 CUMBERLAND ST N","THUNDER BAY","ON","P7A4M1","24275415"
"CRSA1203066","Authorized to Open","Active","Cannabis Retail Store Authorization","42.9862648650629","-82.3501573212313","The Hunny Pot Cannabis Co","1440 QUINN DR","SARNIA","ON","N7S6M8","78777678"
"CRSA1203067","Authorized to Open","Active","Cannabis Retail Store Authorization","43.394125100014","-79.7909412062107","The Hunny Pot Cannabis Co","2000 APPLEBY LINE UNIT F3","BURLINGTON","ON","L7L 6M6 ","80861526"
"CRSA1203089","Authorized to Open","Active","Cannabis Retail Store Authorization","43.7258100061332","-79.7151099702879","Cantopia Cannabis Co.","1785 QUEEN ST E UNIT H","BRAMPTON","ON","L6T4S3","78798883"
"CRSA1203183","Authorized to Open","Active","Cannabis Retail Store Authorization","43.7138100125426","-79.2716799673027","COST CANNABIS - ST CLAIR","3443 ST CLAIR AVE E","SCARBOROUGH","ON","M1L1W6","78843707"
"CRSA1203258","Authorized to Open","Active","Cannabis Retail Store Authorization","44.020100009637","-79.8054500388938","T Cannabis - Tottenham","54 QUEEN ST S","TOTTENHAM","ON","L0G1W0","78900981"
"CRSA1203369","Authorized to Open","Active","Cannabis Retail Store Authorization","44.2073000102338","-77.4614099960129","GREENHEART FLOWERS","1601 WALLBRIDGE-LOYALIST RD UNIT 2","BELLEVILLE","ON","K8N4Z5","78956822"
"CRSA1203445","Authorized to Open","Active","Cannabis Retail Store Authorization","44.1055499921113","-77.5574699591647","Your Local Cannabis","266 DUNDAS ST E UNIT 102","TRENTON","ON","K8V5Z9","79005401"
"CRSA1203446","Authorized to Open","Active","Cannabis Retail Store Authorization","43.654721950603","-79.4020472150732","ONE PLANT KENSINGTON MARKET","241 AUGUSTA AVE","TORONTO","ON","M5T2L8","3728543"
"CRSA1203450","Authorized to Open","Active","Cannabis Retail Store Authorization","43.9496575632329","-78.2842774446119","Kryptonite Cannabis","107 PETER ST UNIT F","PORT HOPE","ON","L1A1C5","79006934"
"CRSA1203573","Authorized to Open","Active","Cannabis Retail Store Authorization","43.4346299820741","-80.5148600416793","SESSIONS CANNABIS","525 HIGHLAND RD W UNIT 5","KITCHENER","ON","N2M5K1","79138732"
"CRSA1203589","Authorized to Open","Active","Cannabis Retail Store Authorization","43.6171600053167","-79.4878899862468","MOONROCK CANNABIS","2324 LAKE SHORE BLVD W UNIT 3","ETOBICOKE","ON","M8V1B6","79092607"
"CRSA1203599","Authorized to Open","Active","Cannabis Retail Store Authorization","43.8850100077153","-78.8582300203192","Northern Tokes","474 SIMCOE ST S UNIT 2","OSHAWA","ON","L1H 1G3","80632096"
"CRSA1203628","Authorized to Open","Active","Cannabis Retail Store Authorization","42.9801999884565","-81.2517999863493","HELLO CANNABIS YORK ST ","73 YORK ST","LONDON","ON","N6A1A6","79016520"
"CRSA1203634","Authorized to Open","Active","Cannabis Retail Store Authorization","42.2594100014583","-82.9662900338724","Canna Cabana","4140-4150 WALKER ROAD, UNIT 200-102","WINDSOR","ON","N8W3T5","81388641"
"CRSA1203641","Authorized to Open","Active","Cannabis Retail Store Authorization","46.327030014399","-79.4657999833421","BUDSSMOKE","1236 ALGONQUIN AVE UNIT B","NORTH BAY","ON","P1B4Y2","79117009"
"CRSA1203667","Authorized to Open","Active","Cannabis Retail Store Authorization","45.4259499839628","-75.6366099955684","Canna Cabana","1021 CYRVILLE RD UNIT A006","GLOUCESTER","ON"," K1J7S3","81133096"
"CRSA1203676","Authorized to Open","Active","Cannabis Retail Store Authorization","43.6301694663533","-79.8761036430738","Tokyo Smoke","369 MOUNTAINVIEW RD S UNIT BB03","GEORGETOWN","ON","L7G5X3","79138187"
"CRSA1203684","Authorized to Open","Active","Cannabis Retail Store Authorization","43.7257999897589","-79.4805600119198","GREEN MARKET CANNABIS","2737 KEELE ST SUITE 29","NORTH YORK","ON","M3M2E9","79142354"
"CRSA1203697","Authorized to Open","Active","Cannabis Retail Store Authorization","43.546936812425","-80.2501862954122","HIGHLIFE CANNABIS GUELPH","128 WYNDHAM ST N","GUELPH","ON","N1H4E8","44735604"
"CRSA1203721","Authorized to Open","Active","Cannabis Retail Store Authorization","43.8313299947564","-80.5367700013038","Cannabis Stop Inc ","168 GEORGE STREET SUITE 101","ARTHUR","ON","N0G 1A0","79160004"
"CRSA1203930","Authorized to Open","Active","Cannabis Retail Store Authorization","45.263795906335","-75.553577437789","Mary J's Cannabis","6045 BANK ST. UNITS 302 & 303","GREELY","ON","K4P 1N3","107562423"
"CRSA1204042","Authorized to Open","Active","Cannabis Retail Store Authorization","43.9067526648242","-78.8115638216824","Northern Helm","1414 KING ST E., UNIT 32","COURTICE","ON","L1E 3B4","81770366"
"CRSA1204043","Authorized to Open","Active","Cannabis Retail Store Authorization","43.5178527123901","-80.236481713054","BUD'S CANNABIS STORE","370 STONE RD W UNIT 4B","GUELPH","ON","N1G4V9","43888791"
"CRSA1204219","Authorized to Open","Active","Cannabis Retail Store Authorization","43.6804220224768","-79.3909845137629","The Hunny Pot Cannabis Co","1166 YONGE ST","TORONTO","ON","M4W2L9","98447"
"CRSA1204261","Authorized to Open","Active","Cannabis Retail Store Authorization","43.474980002956","-80.5242500363496","Session7","210-220 KING ST N UNIT G2","WATERLOO ","ON","N2J2Y7","79592087"
"CRSA1204363","Authorized to Open","Active","Cannabis Retail Store Authorization","43.9755600010863","-79.2306200411313","Tokyo Smoke Stouffville","12277 10TH LINE UNIT B1","STOUFFVILLE","ON","L4A7W6","81564219"
"CRSA1204364","Authorized to Open","Active","Cannabis Retail Store Authorization","43.9676031224533","-79.2638071376881","TOKYO SMOKE STOUFFVILLE MAIN ST.","5758 MAIN ST UNIT 1","STOUFFVILLE","ON","L4A2T1","199191"
"CRSA1204370","Authorized to Open","Active","Cannabis Retail Store Authorization","43.9110799897048","-78.6841099796277","RUSTIC CANNABIS","122 KING ST E","BOWMANVILLE","ON","L1C1N5","79569948"
"CRSA1204380","Authorized to Open","Active","Cannabis Retail Store Authorization","44.2369600032628","-76.5022999963268","Giggles Cannabis","652 PRINCESS ST SUITE 108","KINGSTON","ON","K7L1E5","79578299"
"CRSA1204458","Authorized to Open","Active","Cannabis Retail Store Authorization","43.1615599818349","-80.2730899957349","High Supply Cannabis Co., Brantford","20 KING GEORGE RD UNIT 2 & 3","BRANTFORD","ON","N3R5J9","76417965"
"CRSA1204472","Authorized to Open","Active","Cannabis Retail Store Authorization","48.4514799939708","-89.25561001024","Insalata","109 REGINA AVE SUITE 111","THUNDER BAY","ON","P7B5B4","79624683"
"CRSA1204476","Authorized to Open","Active","Cannabis Retail Store Authorization","43.6633532123319","-79.3724585759132","VERTIE","180 CARLTON ST","TORONTO","ON","M5A2K6","194463"
"CRSA1204531","Authorized to Open","Active","Cannabis Retail Store Authorization","43.7433000205752","-79.2826600090054","Canna Vibes","1195 BIRCHMOUNT RD UNIT 1193A","SCARBOROUGH ","ON"," M1P2C1","83774000"
"CRSA1204584","Authorized to Open","Active","Cannabis Retail Store Authorization","44.9182599945545","-78.7227399920685","EIGHTH CANNABIS","10 BOBCAYGEON ROAD","MINDEN","ON","K0M 2K0","79672226"
"CRSA1204599","Authorized to Open","Active","Cannabis Retail Store Authorization","44.3656800102283","-79.6498600391903","BUDS HOUSE","201 HURST DR UNIT 6","BARRIE","ON","L4N8K8","79677832"
"CRSA1204737","Authorized to Open","Active","Cannabis Retail Store Authorization","45.4163775","-75.6938924","The Oz Store","294 SOMERSET ST W","OTTAWA","ON","K2P0J6","30686559"
"CRSA1204796","Authorized to Open","Active","Cannabis Retail Store Authorization","44.5797899852413","-79.7608899975945","CANNABIS XPRESS","4570 PENETANGUISHENE RD","HILLSDALE","ON","L0L1V0","79818645"
"CRSA1204816","Authorized to Open","Active","Cannabis Retail Store Authorization","44.6784398548804","-76.3965337500615","Olympia Cannabis Westport  (OC Westport)","17 CHURCH STREET UNIT 1","WESTPORT","ON","K0G1X0","79833282"
"CRSA1204964","Authorized to Open","Active","Cannabis Retail Store Authorization","44.3185519146999","-80.6480461180733","Cannabis Stop Inc ","2 TORONTO ST S","MARKDALE","ON","N0C 1H0","80298562"
"CRSA1205024","Authorized to Open","Active","Cannabis Retail Store Authorization","43.6707900202231","-79.2956500310896","CERENIBIS CANADA","2225 QUEEN ST E","TORONTO","ON","M4E1E8","80301687"
"CRSA1205104","Authorized to Open","Active","Cannabis Retail Store Authorization","43.6568871468347","-79.3754272975359","PLUG CANNA6IS","152 DUNDAS ST E","TORONTO","ON","M5B1E5","100263"
"CRSA1205295","Authorized to Open","Active","Cannabis Retail Store Authorization","43.8982799853656","-80.3148600367433","Cannabis stop Inc ","25 MAIN ST S","GRAND VALLEY","ON","L9W5S8","80140711"
"CRSA1205301","Authorized to Open","Active","Cannabis Retail Store Authorization","42.9348699855315","-80.2924999689183","Northern Leaf Cannabis Company","29 ALICE STREET","WATERFORD","ON","N0E1Y0","80142467"
"CRSA1205304","Authorized to Open","Active","Cannabis Retail Store Authorization","44.5374299839779","-78.7379499612087","High Supply Cannabis Co","21 FRANCIS STREET WEST","FENELON FALLS","ON","K0M 1N0","80144888"
"CRSA1205329","Authorized to Open","Active","Cannabis Retail Store Authorization","43.0105923107349","-81.2422455414925","HOLY CANNABIS","1080 ADELAIDE ST N SUITE 9","LONDON","ON","N5Y2N1","80157407"
"CRSA1205373","Authorized to Open","Active","Cannabis Retail Store Authorization","42.2397399797289","-83.1012700233149","The LaSalle Cannabis Company","791 FRONT RD UNIT B2","LASALLE","ON","N9J2A3","81887150"
"CRSA1205396","Authorized to Open","Active","Cannabis Retail Store Authorization","43.9427300141858","-78.8500999933342","FIKA LOCAL CANNABIS","1445 HARMONY RD N UNIT 100","OSHAWA ","ON","L1H 7K5","84144911"
"CRSA1205488","Authorized to Open","Active","Cannabis Retail Store Authorization","44.6836227800001","-79.4782093269999","Sessions Cannabis Orillia","30 DIANA DR","ORILLIA","ON","L3V8K8","44567450"
"CRSA1205510","Authorized to Open","Active","Cannabis Retail Store Authorization","45.3346500198053","-75.7268300353209","SPIRITLEAF - CROSS ROADS","529 WEST HUNT CLUB RD","NEPEAN","ON","K2G5W5","80265646"
"CRSA1205581","Authorized to Open","Active","Cannabis Retail Store Authorization","46.4384744068976","-80.2917550021535","Enroute Cannabis","9154 HWY 17","WARREN","ON","P0H2N0","80288886"
"CRSA1205597","Authorized to Open","Active","Cannabis Retail Store Authorization","45.1367599913556","-74.4931800172167","Groove Cannabis Co.","6327 COUNTY RD 2 UNIT 3","SOUTH LANCASTER ","ON","K0C2C0","81477337"
"CRSA1205615","Authorized to Open","Active","Cannabis Retail Store Authorization","44.7432292667205","-81.1409425323732","Cannabis Grey Bruce","600 BERFORD ST","WIARTON","ON","N0H2T0","24232269"
"CRSA1205665","Authorized to Open","Active","Cannabis Retail Store Authorization","45.357322461467","-75.9350692123127","Canna Cabana","836 MARCH ROAD UNIT B1","KANATA","ON","K2W 0C9","80353435"
"CRSA1205696","Authorized to Open","Active","Cannabis Retail Store Authorization","45.0242391083458","-74.7493771297999","CANNA CABANA","960 BROOKDALE AVE UNIT 8","CORNWALL","ON","K6J4P5","80365644"
"CRSA1205699","Authorized to Open","Active","Cannabis Retail Store Authorization","43.002369996627","-81.1742900131151","FIKA LOCAL CANNABIS","340 CLARKE RD UNIT 3","LONDON","ON","N5W5G1","80367519"
"CRSA1205700","Authorized to Open","Active","Cannabis Retail Store Authorization","43.7274800165219","-79.2938699663123","FIKA LOCAL CANNABIS","1900 EGLINTON AVE E UNIT F0002","SCARBOROUGH","ON","M1L2L9","80367542"
"CRSA1205701","Authorized to Open","Active","Cannabis Retail Store Authorization","44.0137399891455","-79.4147800092654","FIKA LOCAL CANNABIS","91 FIRST COMMERCE DR UNIT 13","AURORA","ON","L4G0G2","80367565"
"CRSA1205708","Authorized to Open","Active","Cannabis Retail Store Authorization","45.4002499791795","-75.6872200107608","ONE PLANT CANNABIS SUPERSTORE","900 BANK ST UNIT 150","OTTAWA","ON","K1S3W6","81208089"
"CRSA1205709","Authorized to Open","Active","Cannabis Retail Store Authorization","43.735137513715","-79.602304892429","COSMIC GARDENS","6620 FINCH AVE W UNIT 16","ETOBICOKE","ON","M9V5H7","208308669"
"CRSA1205729","Authorized to Open","Active","Cannabis Retail Store Authorization","43.8697600149874","-78.8498600194463","Northern Helm Cannabis","199 WENTWORTH ST W UNIT 9","OSHAWA","ON","L1J6P4","80384640"
"CRSA1205774","Authorized to Open","Active","Cannabis Retail Store Authorization","43.1699592048301","-79.2509359629236","BUDSSMOKE","186 LAKE ST","ST CATHARINES","ON","L2R5Y9","97373"
"CRSA1205822","Authorized to Open","Active","Cannabis Retail Store Authorization","43.6548258348434","-79.4593464313002","PLUG CANNA6IS","1719 BLOOR ST W","TORONTO","ON","M6P1B2","68543317"
"CRSA1205832","Authorized to Open","Active","Cannabis Retail Store Authorization","45.1024899934896","-75.2286500275268","Olympia Cannabis Chesterville (OC Chesterville)","3 KING ST","CHESTERVILLE","ON","K0C 1H0","80695353"
"CRSA1206042","Authorized to Open","Active","Cannabis Retail Store Authorization","43.1390500036716","-80.2637300082779","GANJA GARDEN","18 MARKET ST UNIT A","BRANTFORD","ON","N3T 2Z5","80703407"
"CRSA1206043","Authorized to Open","Active","Cannabis Retail Store Authorization","43.4331882533617","-80.4483527616133","GANJA GARDEN","2399 KINGSWAY DR UNIT 5","KITCHENER","ON","N2C1A5","214188"
"CRSA1206086","Authorized to Open","Active","Cannabis Retail Store Authorization","43.2545205642564","-79.8775033759592","QUEEN GEORGE CANNABIS","140 CAROLINE ST S","HAMILTON","ON","L8P3K8","24133195"
"CRSA1206092","Authorized to Open","Active","Cannabis Retail Store Authorization","43.6630300123538","-79.4031900164686","CANVAS CANNABIS ","94 HARBORD ST","TORONTO","ON","M5S1G6","80569300"
"CRSA1206211","Authorized to Open","Active","Cannabis Retail Store Authorization","43.6544300120577","-79.9340700078449","BODEGA BOYZ","68-78 MAIN ST N UNIT 2 & 3","GEORGETOWN","ON","L7G 3H5","80804209"
"CRSA1206280","Authorized to Open","Active","Cannabis Retail Store Authorization","44.1997540128892","-78.468651584533","Lost Cannabis Company","1521 COUNTY RD 10","CAVAN","ON","L0A1C0","3977925"
"CRSA1206313","Authorized to Open","Active","Cannabis Retail Store Authorization","44.3385525299693","-79.7091760574958","Tokyo Smoke Barrie Essa Road","555 ESSA RD","BARRIE","ON","L4N6A9","127728"
"CRSA1206409","Authorized to Open","Active","Cannabis Retail Store Authorization","43.47713000303","-80.5338499976945","Phoenix Cannabis","288 ALBERT ST UNIT 101","WATERLOO","ON","N2L0G9","82295340"
"CRSA1206438","Authorized to Open","Active","Cannabis Retail Store Authorization","50.0979759622169","-91.922691186787","Ideal Buds (Sioux Lookout)","90 FRONT STREET","SIOUX LOOKOUT","ON","P8T 1B1","80711448"
"CRSA1206449","Authorized to Open","Active","Cannabis Retail Store Authorization","43.8479171720651","-79.0738145290107","The Hunny Pot Cannabis Co","1899 BROCK RD UNIT H3","PICKERING ","ON"," L1V4H7","82650436"
"CRSA1206486","Authorized to Open","Active","Cannabis Retail Store Authorization","44.2493168157646","-76.5682158390312","One Plant Kingston","770 GARDINERS RD UNIT A005","KINGSTON","ON","K7M 3X9","67102748"
"CRSA1206499","Authorized to Open","Active","Cannabis Retail Store Authorization","45.0461227419337","-78.5097451291996","GreenLeaf Cannabis","195 HIGHLAND STREET, FRONT LEVEL UNIT","HALIBURTON","ON","K0M1S0","80751174"
"CRSA1206578","Authorized to Open","Active","Cannabis Retail Store Authorization","48.4015767485429","-89.2455829116507","HAPPY LIFE","1170 MEMORIAL AVE","THUNDER BAY","ON","P7B5K5","203777"
"CRSA1206593","Authorized to Open","Active","Cannabis Retail Store Authorization","43.2550850096949","-79.8306475957642","CANNABIS HOUSE CO.","800 BARTON ST E","HAMILTON","ON","L8L3B3","24226434"
"CRSA1206682","Authorized to Open","Active","Cannabis Retail Store Authorization","44.2968736270653","-77.5469847625756","PARADISE CANNABIS","28 MILL STREET","STIRLING","ON","K0K 3E0","80840769"
"CRSA1206722","Authorized to Open","Active","Cannabis Retail Store Authorization","43.7639237943046","-79.4889137525536","Highlife on Finch Retail","1295 FINCH AVE W UNIT 1","NORTH YORK","ON","M3J2G5","68274464"
"CRSA1206734","Authorized to Open","Active","Cannabis Retail Store Authorization","45.31015001019","-74.6356100098396","HIGHTIES CANNABIS STORE","25 MAIN ST S","ALEXANDRIA","ON","K0C1A0","80872924"
"CRSA1206747","Authorized to Open","Active","Cannabis Retail Store Authorization","42.906530016524","-78.9301800257201","Canna Cabana ","450 GARRISON RD UNIT 100","FORT ERIE","ON","L2A1N2","80880341"
"CRSA1206749","Authorized to Open","Active","Cannabis Retail Store Authorization","43.6720091579432","-79.470536594235","FIRE & FLOWER CANNABIS CO.","1980 ST CLAIR AVE W F108","TORONTO","ON","M6N0A3","67365373"
"CRSA1206750","Authorized to Open","Active","Cannabis Retail Store Authorization","44.6089227395544","-79.4179545500139","HAPPY DAYZ","69 MISSISSAGA ST E","ORILLIA","ON","L3V1V4","44470939"
"CRSA1206751","Authorized to Open","Active","Cannabis Retail Store Authorization","43.3548773989245","-80.2873874001195","FRIENDLY STRANGER ","200 FRANKLIN BLVD UNIT F39","CAMBRIDGE","ON","N1R8N8","64494364"
"CRSA1206763","Authorized to Open","Active","Cannabis Retail Store Authorization","44.3880757096775","-79.6928206805356","Friendly Stranger","79 DUNLOP ST W UNIT B","BARRIE","ON","L4N1A5","43999491"
"CRSA1206764","Authorized to Open","Active","Cannabis Retail Store Authorization","44.7509933905633","-79.8883427530376","Friendly Stranger","542 BAY ST","MIDLAND","ON","L4R1L3","44323014"
"CRSA1206766","Authorized to Open","Active","Cannabis Retail Store Authorization","43.2598125145423","-79.9430461371398","Friendly Stranger ","112-101 OSLER DR","DUNDAS","ON","L9H4H4","48248486"
"CRSA1206767","Authorized to Open","Active","Cannabis Retail Store Authorization","43.3262253517569","-79.8276848141802","Friendly Stranger","1025 & 1059 PLAINS RD E UNIT 3 ","BURLINGTON ","ON ","L7T4K1 ","50821154"
"CRSA1206769","Authorized to Open","Active","Cannabis Retail Store Authorization","43.9052206296463","-78.8562621955825","FRIENDLY STRANGER","204 RITSON RD N SUITE C5.5","OSHAWA","ON","L1G0B2","48250262"
"CRSA1206770","Authorized to Open","Active","Cannabis Retail Store Authorization","43.6655768412488","-79.3808376567894","FRIENDLY STRANGER","501 CHURCH ST UNIT 4B","TORONTO","ON","M4Y2C6","44024121"
"CRSA1206771","Authorized to Open","Active","Cannabis Retail Store Authorization","43.7214528348434","-79.5103159823706","FIRE & FLOWER CANNABIS CO.","1616 WILSON AVE UNIT 1","NORTH YORK","ON","M3L1A3","64510504"
"CRSA1206772","Authorized to Open","Active","Cannabis Retail Store Authorization","43.6977393424895","-79.5024570837035","FIRE & FLOWER CANNABIS CO.","1542 JANE ST UNIT 4","NORTH YORK","ON","M9N2R5","44723878"
"CRSA1206774","Authorized to Open","Active","Cannabis Retail Store Authorization","42.4330099869673","-82.2211300405772","FIRE & FLOWER CANNABIS CO.","877 ST CLAIR ST UNIT D8","CHATHAM","ON","N7L0E9","79482243"
"CRSA1206776","Authorized to Open","Active","Cannabis Retail Store Authorization","45.429451301431","-75.6902013305729","FIRE & FLOWER CANNABIS CO.","129 YORK ST","OTTAWA","ON","K1N5T4","54511"
"CRSA1206777","Authorized to Open","Active","Cannabis Retail Store Authorization","44.2307076","-76.4822692","FIRE & FLOWER CANNABIS CO.","75 BROCK ST","KINGSTON","ON","K7L1R8","32847933"
"CRSA1206879","Authorized to Open","Active","Cannabis Retail Store Authorization","48.7639599846508","-91.6204700300565","Ideal Buds (Atikokan)","100 MERCURY AVENUE WEST","ATIKOKAN","ON","P0T 1C0","80935402"
"CRSA1206931","Authorized to Open","Active","Cannabis Retail Store Authorization","43.7095499940727","-79.4743299947466","PURPLE MOOSE","1305 LAWRENCE AVE W UNIT 1383","NORTH YORK","ON","M6L1A4","80962362"
"CRSA1206947","Authorized to Open","Active","Cannabis Retail Store Authorization","43.6179300088519","-79.5566899886153","FIKA LOCAL CANNABIS","171 NORTH QUEEN ST UNIT G4A","ETOBICOKE","ON","M9C1A7","80970794"
"CRSA1206979","Authorized to Open","Active","Cannabis Retail Store Authorization","43.1874399879889","-79.2070799689773","Canada Buds","595 CARLTON ST UNIT 28","ST CATHARINES","ON","L2M4Y2","80980462"
"CRSA1207037","Authorized to Open","Active","Cannabis Retail Store Authorization","44.477250014654","-77.3123199945839","OLYMPIA CANNABIS TWEED (O/C TWEED)","233 VICTORIA ST N UNIT 1","TWEED","ON","K0K 3J0","81070269"
"CRSA1207052","Authorized to Open","Active","Cannabis Retail Store Authorization","45.4058800197234","-75.702239962156","Twist Cannabis","565 BRONSON AVE","OTTAWA","ON","K1R6K2","81019773"
"CRSA1207112","Authorized to Open","Active","Cannabis Retail Store Authorization","44.137190000218","-77.5855899870329","Paradise Cannabis","255 GLEN MILLER RD UNIT 4","TRENTON","ON","K8V5P8","81072834"
"CRSA1207127","Authorized to Open","Active","Cannabis Retail Store Authorization","45.3534600163593","-75.6488700377051","Purple Meadow Cannabis ","2430 BANK ST UNIT 6","OTTAWA","ON","K1V0T7","81060667"
"CRSA1207198","Authorized to Open","Active","Cannabis Retail Store Authorization","43.9711145875857","-78.2003235761372","Inspired Cannabis Co","1111 ELGIN ST W UNIT F","COBOURG","ON","K9A5H7","81105300"
"CRSA1207206","Authorized to Open","Active","Cannabis Retail Store Authorization","43.7803600187322","-79.2980500214259","Cannabis Hut Ltd.","2254 BIRCHMOUNT RD","SCARBOROUGH","ON","M1T2M2","82043083"
"CRSA1207212","Authorized to Open","Active","Cannabis Retail Store Authorization","44.2184545671219","-76.6443275566185","Star Buds Cannabis Co.","4507 BATH RD SUITE 5","AMHERSTVIEW","ON","K7N1A6","86895"
"CRSA1207214","Authorized to Open","Active","Cannabis Retail Store Authorization","43.2524700198567","-79.9388900212659","In Bloom Cannabis","1831 MAIN ST W UNIT A","HAMILTON","ON","L8S1H6","81789085"
"CRSA1207229","Authorized to Open","Active","Cannabis Retail Store Authorization","43.3527491638547","-81.4820383528414","Chill Cannabis","8A WELLINGTON ST W SS 2","EXETER","ON","N0M1S2","81119063"
"CRSA1207246","Authorized to Open","Active","Cannabis Retail Store Authorization","45.6101758453199","-74.6072830681934","Bonjour High Cannabis Co.","299 MAIN ST E","HAWKESBURY","ON","K6A1A6","80928191"
"CRSA1207260","Authorized to Open","Active","Cannabis Retail Store Authorization","43.2446100158825","-79.8083899914326","Mystic's Cannabis","135 KENILWORTH AVE N","HAMILTON","ON","L8H4R7","81135648"
"CRSA1207261","Authorized to Open","Active","Cannabis Retail Store Authorization","43.2311855","-79.8018208","Mystic's Cannabis","2141 KING ST E","HAMILTON","ON","L8K1W5","32026343"
"CRSA1207459","Authorized to Open","Active","Cannabis Retail Store Authorization","43.6849600047269","-79.7461599762301","Crown Leaf","75 CLARENCE ST","BRAMPTON","ON","L6W1S5","81219084"
"CRSA1207580","Authorized to Open","Active","Cannabis Retail Store Authorization","43.3343799893439","-79.8938500321907","ROYAL LEAFS WATERDOWN","40 MAIN ST N","WATERDOWN","ON","L0R 2H0","82849976"
"CRSA1207587","Authorized to Open","Active","Cannabis Retail Store Authorization","44.5363299849147","-78.7353700114113","EIGHTH CANNABIS","14 FRANCIS ST E UNIT 4","FENELON FALLS","ON","K0M1N0","81610876"
"CRSA1207608","Authorized to Open","Active","Cannabis Retail Store Authorization","43.7129422498236","-79.306946086368","Sensations Cannabis","1391 O'CONNOR DR","EAST YORK","ON","M4B 2V5","89723646"
"CRSA1207650","Authorized to Open","Active","Cannabis Retail Store Authorization","42.9778999942252","-81.1918999725915","FAMOUS FLOWER CANNABIS CO.","972 HAMILTON RD SUITE 14","LONDON","ON","N5W1V6","81321792"
"CRSA1207667","Authorized to Open","Active","Cannabis Retail Store Authorization","44.2989730289345","-78.5597207094604","KAWARTHA SMOKE","1 KING ST E","OMEMEE","ON","K0L 2W0","81324789"
"CRSA1207751","Authorized to Open","Active","Cannabis Retail Store Authorization","46.2703149339453","-79.0354174704013","BUDSSMOKE","1442 HWY 17 E RR 1 UNIT D&E","RUTHERGLEN","ON","P0H2E0","81639035"
"CRSA1207874","Authorized to Open","Active","Cannabis Retail Store Authorization","43.5664572770432","-80.2154988225405","The Potery ","115 STARWOOD DR","GUELPH","ON","N1E7J9","81434437"
"CRSA1207914","Authorized to Open","Active","Cannabis Retail Store Authorization","43.6975061579432","-79.4419778129435","TOKE CANNABIS","1554 EGLINTON AVE W","YORK","ON","M6E2G8","44204639"
"CRSA1207927","Authorized to Open","Active","Cannabis Retail Store Authorization","45.2242300124952","-75.6833899839238","Natural Mystic Cannabis & CBD","5556 MANOTICK MAIN ST UNIT 4","OTTAWA","ON","K4M1A4","81916745"
"CRSA1208007","Authorized to Open","Active","Cannabis Retail Store Authorization","44.746357273389","-78.0993755309965","The Underground","10020 HWY 28","APSLEY","ON","K0L1A0","81498431"
"CRSA1208043","Authorized to Open","Active","Cannabis Retail Store Authorization","48.4054590452777","-89.2412210133822","ONE PLANT THUNDER BAY","911 FORT WILLIAM RD SUITE 4","THUNDER BAY","ON","P7B3A6","81518207"
"CRSA1208064","Authorized to Open","Active","Cannabis Retail Store Authorization","43.091500011781","-79.084620028308","Stok'd Cannabis ","5736 STANLEY AVE","NIAGARA FALLS","ON","L2G3X7","81531188"
"CRSA1208128","Authorized to Open","Active","Cannabis Retail Store Authorization","44.9013399914379","-76.2533999682653","PARADISE CANNABIS","23 WILSON ST W SUITE B","PERTH","ON","K7H2M8","81555959"
"CRSA1208160","Authorized to Open","Active","Cannabis Retail Store Authorization","42.0477219441977","-82.6217436484795","Tony’s Joint","256 TALBOT ST W","LEAMINGTON","ON","N8H1P1","24174948"
"CRSA1208233","Authorized to Open","Active","Cannabis Retail Store Authorization","42.9951204885706","-81.2527457164846","Your Highness Cannabis","744 RICHMOND ST","LONDON","ON","N6A3H3","100978550"
"CRSA1208276","Authorized to Open","Active","Cannabis Retail Store Authorization","46.3290860422277","-79.4644253906063","GOLDEN HARVEST","71 17 HWY W","NORTH BAY","ON","P1B8G5","24243775"
"CRSA1208363","Authorized to Open","Active","Cannabis Retail Store Authorization","43.1584600187645","-79.2464999757924","Greener Grass Cannabis","75 KING ST","ST CATHARINES","ON","L2R3H6","81700187"
"CRSA1208376","Authorized to Open","Active","Cannabis Retail Store Authorization","45.8233823597148","-77.0839898115299","OVCS","1035 PEMBROKE ST E","PEMBROKE","ON","K8A6Z3","52787908"
"CRSA1208378","Authorized to Open","Active","Cannabis Retail Store Authorization","43.7686199898685","-79.5525400245341","Red Star Cannabis Co.","5235 STEELES AVE W UNIT 4","NORTH YORK","ON","M9L2W2","81707837"
"CRSA1208505","Authorized to Open","Active","Cannabis Retail Store Authorization","44.4051899967739","-79.6568399852406","Star Buds Cannabis Co.","477 GROVE ST E UNIT 11","BARRIE","ON","L4M6M3","82003305"
"CRSA1208517","Authorized to Open","Active","Cannabis Retail Store Authorization","43.6615680807606","-79.3832225320847","Tokyo Smoke 450 Yonge","450 YONGE ST","TORONTO","ON","M4Y1W9","44540165"
"CRSA1208573","Authorized to Open","Active","Cannabis Retail Store Authorization","43.7263491022776","-79.7959882346433","Spiritleaf - Sandalwood","170 SANDALWOOD PKY E UNIT 12A","BRAMPTON","ON","L6Z1Y5","87177025"
"CRSA1208607","Authorized to Open","Active","Cannabis Retail Store Authorization","44.2292600098202","-79.4646799934398","YOUR LOCAL CANNABIS","213 THE QUEENSWAY S UNIT 12","KESWICK","ON","L4P2A7","81815568"
"CRSA1208648","Authorized to Open","Active","Cannabis Retail Store Authorization","44.6136400078487","-75.686690023023","One Plant Brockville","1958 PARKEDALE AVE UNIT D","BROCKVILLE","ON","K6V7N4","81841852"
"CRSA1208760","Authorized to Open","Active","Cannabis Retail Store Authorization","43.1806200105607","-79.477530037741","SUPERBUD","5001 GREENLANE RD UNIT 4","BEAMSVILLE","ON","L0R1B3","81901187"
"CRSA1208786","Authorized to Open","Active","Cannabis Retail Store Authorization","43.0021200063648","-81.1821199679664","FAMOUS FLOWER CANNABIS CO.","1777 DUNDAS ST UNIT A2","LONDON","ON","N5W3E6","82320859"
"CRSA1208787","Authorized to Open","Active","Cannabis Retail Store Authorization","42.9425999861875","-81.241699960661","FAMOUS FLOWER CANNABIS CO.","458 SOUTHDALE RD E UNIT 3","LONDON","ON","N6E1A3","83071610"
"CRSA1208839","Authorized to Open","Active","Cannabis Retail Store Authorization","45.4047679078424","-75.7236462193723","Secret Garden Cannabis","1018 WELLINGTON ST W","OTTAWA","ON","K1Y2X9","48782797"
"CRSA1209078","Authorized to Open","Active","Cannabis Retail Store Authorization","46.5021461886628","-80.9442936836091","HIGHLIFE CANNABIS SUDBURY","1299 MARCUS DR","SUDBURY","ON","P3B4K6","173515"
"CRSA1209084","Authorized to Open","Active","Cannabis Retail Store Authorization","46.4227850561877","-81.1415061124229","HIGHLIFE CANNABIS LIVELY EXPRESS","135 REGIONAL RD 24 UNIT 16","LIVELY","ON","P3Y1J1","82077565"
"CRSA1209085","Authorized to Open","Active","Cannabis Retail Store Authorization","46.6519500066768","-80.9890099712596","HIGHLIFE CANNABIS HANMER EXPRESS","5085 OLD HWY 69","HANMER ","ON","P3P1P7","87011721"
"CRSA1209325","Authorized to Open","Active","Cannabis Retail Store Authorization","43.7587500055128","-79.4098699742043","FOGTOWN FLOWER","4687 YONGE ST","NORTH YORK","ON","M2N5M3","82209148"
"CRSA1209408","Authorized to Open","Active","Cannabis Retail Store Authorization","43.6663800075959","-79.4309799649897","THE POT SPOT","959 DOVERCOURT RD","TORONTO","ON","M6H2X6","82284976"
"CRSA1209597","Authorized to Open","Active","Cannabis Retail Store Authorization","45.2989100037603","-76.7295700203299","Big River Cannabis","4983 CALABOGIE RD. UNIT 1","CALABOGIE ","ON ","K0J 1H0","87251881"
"CRSA1209756","Authorized to Open","Active","Cannabis Retail Store Authorization","43.5064416394314","-79.8853858295749","Piffingtons Cannabis Co","100 BRONTE ST S UNIT 4","MILTON","ON","L9T9B1","47816389"
"CRSA1209760","Authorized to Open","Active","Cannabis Retail Store Authorization","43.7712373201453","-79.1860792610177","Fire & Flower Cannabis Co.","4525 KINGSTON RD UNIT F01004E","SCARBOROUGH","ON","M1E2P1","85073285"
"CRSA1209763","Authorized to Open","Active","Cannabis Retail Store Authorization","43.773609988286","-79.4920999647547","Fire & Flower Cannabis Co.","4205 KEELE ST UNIT 20","NORTH YORK","ON","M3J3T8","82464570"
"CRSA1209768","Authorized to Open","Active","Cannabis Retail Store Authorization","43.6329600185309","-79.8785600158752","Fire & Flower Cannabis Co.","333 MOUNTAINVIEW RD S UNIT 7 & 8","GEORGETOWN","ON","L7G6E8","82606558"
"CRSA1209771","Authorized to Open","Active","Cannabis Retail Store Authorization","43.6260400030883","-79.5048100312729","Fire & Flower Cannabis Co.","764 THE QUEENSWAY","ETOBICOKE","ON","M8Z0E8","82465016"
"CRSA1209840","Authorized to Open","Active","Cannabis Retail Store Authorization","49.6910181433533","-83.6811413482291","T CANNABIS NW","3 15TH ST UNIT 5","HEARST","ON","P0L1N0","82625215"
"CRSA1209902","Authorized to Open","Active","Cannabis Retail Store Authorization","42.3123073176891","-82.8686824045906","On the Cannabis Side","13300 TECUMSEH RD E UNIT 155","TECUMSEH","ON","N8N4R8","82543784"
"CRSA1210014","Authorized to Open","Active","Cannabis Retail Store Authorization","42.3062199970271","-82.8837700294721","URBNBUD","1614 LESPERANCE RD BUILDING F3 UNIT D","TECUMSEH","ON","N8N1Y3","84312736"
"CRSA1210017","Authorized to Open","Active","Cannabis Retail Store Authorization","44.2315191","-76.4796873","Spiritleaf Kingston","27 PRINCESS ST SUITE 101","KINGSTON","ON","K7L1A3","32795644"
"CRSA1210018","Authorized to Open","Active","Cannabis Retail Store Authorization","43.2189633766205","-79.7258762067987","Sessions Cannabis","369 HIGHWAY 8 UNIT B2","STONEY CREEK","ON","L8G1E7","83179311"
"CRSA1210165","Authorized to Open","Active","Cannabis Retail Store Authorization","44.3214599808312","-79.3708600100925","Haze Buds Cannabis","2100 METRO RD N UNIT 5","JACKSONS POINT","ON","L0E1L0","83562003"
"CRSA1210261","Authorized to Open","Active","Cannabis Retail Store Authorization","43.476279994229","-80.5362199808174","Happy Leaf Cannabis ","308 LESTER ST UNIT 112","WATERLOO","ON","N2L0H9","85953171"
"CRSA1210269","Authorized to Open","Active","Cannabis Retail Store Authorization","42.3067999828173","-83.0326000242646","Discounted Cannabis","1115 OUELLETTE AVE SUITE 1103","WINDSOR","ON","N9A4K1","82814160"
"CRSA1210314","Authorized to Open","Active","Cannabis Retail Store Authorization","43.7359622473022","-79.3072676716201","Cannabis Hut Ltd","1715 VICTORIA PARK AVE","SCARBOROUGH","ON","M1R1R7","24138752"
"CRSA1210329","Authorized to Open","Active","Cannabis Retail Store Authorization","43.6763999861089","-79.7693900017857","Piffingtons Cannabis Co","345 QUEEN ST W UNIT 10","BRAMPTON","ON","L6Y3A9","82857798"
"CRSA1210351","Authorized to Open","Active","Cannabis Retail Store Authorization","43.18924142879","-79.2281313713429","Spiritleaf St. Catharines","400 SCOTT ST UNIT C2","ST CATHARINES","ON","L2M3W4","64749021"
"CRSA1210370","Authorized to Open","Active","Cannabis Retail Store Authorization","49.7219684703107","-86.9494813707624","Greenstone Cannabis Shop","506 MAIN ST","GERALDTON","ON","P0T 1M0","83176705"
"CRSA1210421","Authorized to Open","Active","Cannabis Retail Store Authorization","42.9465899816466","-81.2586899945786","Forest City Marijuana","100 BELMONT DR UNIT 4B","LONDON","ON","N6J3T4","82912118"
"CRSA1210574","Authorized to Open","Active","Cannabis Retail Store Authorization","45.3945420876406","-75.6050715514655","PAKALOLO","2786A LANCASTER RD","OTTAWA","ON","K1B4S4","53767101"
"CRSA1210605","Authorized to Open","Active","Cannabis Retail Store Authorization","43.2567499872561","-79.934630002796","Bongbaba Cannabis Culture","1685 MAIN ST W SUITE 80","HAMILTON","ON","L8S1G5","83060016"
"CRSA1210642","Authorized to Open","Active","Cannabis Retail Store Authorization","45.0594099867434","-77.8559099686592","PARADISE CANNABIS","7 STATION ST RR 1","BANCROFT","ON","K0L1C0","83182373"
"CRSA1210647","Authorized to Open","Active","Cannabis Retail Store Authorization","44.2146000192569","-79.4630200413349","SESSIONS CANNABIS KESWICK","443 THE QUEENSWAY S UNIT 27","KESWICK","ON","L4P2C9","94783995"
"CRSA1210648","Authorized to Open","Active","Cannabis Retail Store Authorization","42.8338999873185","-80.3025300057151","Rolling Cannabis ","6 VICTORIA ST","SIMCOE","ON","N3Y1L3","83093440"
"CRSA1210869","Authorized to Open","Active","Cannabis Retail Store Authorization","44.5051400011895","-77.4722199689002","Olympia Cannabis Madoc (O/C Madoc)","15 DURHAM ST S UNIT 1","MADOC","ON","K0K 2K0","87068828"
"CRSA1210887","Authorized to Open","Active","Cannabis Retail Store Authorization","42.4396500049344","-81.8861600206635","CANNABIS XPRESS","39 MAIN ST E","RIDGETOWN","ON","N0P2C0","83230409"
"CRSA1210892","Authorized to Open","Active","Cannabis Retail Store Authorization","44.2451316999187","-79.3372792342342","Bud's Cannabis Store","23721 HIGHWAY 48 SUITE 7","BALDWIN","ON","L0E1A0","83232877"
"CRSA1210919","Authorized to Open","Active","Cannabis Retail Store Authorization","43.197632085425","-80.0192543823062","HIGHLIFE ANCASTER","1142 WILSON ST W UNIT 9","ANCASTER","ON","L9G3K9","44382675"
"CRSA1210934","Authorized to Open","Active","Cannabis Retail Store Authorization","43.3940300128395","-80.4316900206877","Four20 Premium Market","123 PIONEER DR UNIT F2","KITCHENER","ON","N2P2A3","83254345"
"CRSA1210967","Authorized to Open","Active","Cannabis Retail Store Authorization","43.739428615944","-79.2174185074599","7th Heaven Cannabis ","114 MARKHAM RD","SCARBOROUGH","ON","M1M2Z7","83283685"
"CRSA1210969","Authorized to Open","Active","Cannabis Retail Store Authorization","43.6817119042358","-79.4250942279993","Wychwood Cannabis","673 ST CLAIR AVE W","TORONTO","ON","M6C1A7","15372231"
"CRSA1210986","Authorized to Open","Active","Cannabis Retail Store Authorization","43.9197825508303","-80.0953260649686","Fire & Flower Cannabis Co.","121 BROADWAY","ORANGEVILLE","ON","L9W1K2","64493848"
"CRSA1211051","Authorized to Open","Active","Cannabis Retail Store Authorization","42.8455100128639","-80.311279958259","HIGHLIFE SIMCOE","95 QUEENSWAY W SUITE 4","SIMCOE","ON","N3Y2M8","68682709"
"CRSA1211053","Authorized to Open","Active","Cannabis Retail Store Authorization","42.9895000033963","-82.3655099991548","HIGHLIFE BLUEWATER","940 MURPHY RD UNIT 1","SARNIA","ON","N7S5C4","68618223"
"CRSA1211136","Authorized to Open","Active","Cannabis Retail Store Authorization","44.0832175605924","-80.1891270113683","Golden Tree Cannabis","735 INDUSTRIAL RD","SHELBURNE","ON","L9V2Z4","28966376"
"CRSA1211175","Authorized to Open","Active","Cannabis Retail Store Authorization","42.983705593731","-81.263442114584","THE CANNABIST SHOP - WHARNCLIFFE N","60 WHARNCLIFFE RD N UNIT B","LONDON","ON","N6H2A3","152102243"
"CRSA1211313","Authorized to Open","Active","Cannabis Retail Store Authorization","43.7740800035066","-79.6595999783183","BUDSSMOKE","170 DAVENFIELD CIR","BRAMPTON","ON","L6P4L9","83542531"
"CRSA1211485","Authorized to Open","Active","Cannabis Retail Store Authorization","43.251460000524","-79.8358099627475","Bud Xpress ","963 KING ST E","HAMILTON","ON","L8M1C3","83670039"
"CRSA1211499","Authorized to Open","Active","Cannabis Retail Store Authorization","43.1933700168474","-79.8525499644934","Canna Cabana","905 RYMAL RD E UNIT 110","HAMILTON","ON","L8W3M2","83679278"
"CRSA1211648","Authorized to Open","Active","Cannabis Retail Store Authorization","43.9671200113218","-78.2882300104425","Best Cannabis","68 WELLINGTON ST UNIT 3","PORT HOPE","ON","L1A4H7","77203793"
"CRSA1211680","Authorized to Open","Active","Cannabis Retail Store Authorization","43.7874506516798","-79.4689018567744","Baker and Blazer Cannabis Co.","1881 STEELES AVE W SUITE 9","NORTH YORK","ON","M3H5Y4","83794344"
"CRSA1211778","Authorized to Open","Active","Cannabis Retail Store Authorization","43.782422187993","-79.2922888213954","The Hunny Pot Cannabis Co.","3850 SHEPPARD AVE E UNIT 395","SCARBOROUGH","ON","M1T 3L3","86384107"
"CRSA1212011","Authorized to Open","Active","Cannabis Retail Store Authorization","43.4231600181307","-80.2859200072875","Ronin Cannabis","900 JAMIESON PKY UNIT J","CAMBRIDGE","ON","N3C4N6","84008882"
"CRSA1212013","Authorized to Open","Active","Cannabis Retail Store Authorization","43.6499914649184","-79.8967229912612","One Plant Recreational Cannabis Store","235 GUELPH ST UNIT 5B","GEORGETOWN","ON","L7G4A8","84009965"
"CRSA1212137","Authorized to Open","Active","Cannabis Retail Store Authorization","43.3790500012129","-80.711850021366","VIP Cannabis Company","179 UNION ST UNIT 5","NEW HAMBURG","ON","N3A1R4","84068364"
"CRSA1212214","Authorized to Open","Active","Cannabis Retail Store Authorization","46.4919100126679","-81.0000699763187","Lost Lake","42 LORNE ST. UNIT 4","SUDBURY ","ON ","P3C4N8","96048877"
"CRSA1212311","Authorized to Open","Active","Cannabis Retail Store Authorization","43.7714200065338","-79.7788400108827","Tokyo Smoke Brampton Northeast","11795 BRAMALEA RD UNIT E5","BRAMPTON","ON","L6R3S9","84157531"
"CRSA1212676","Authorized to Open","Active","Cannabis Retail Store Authorization","42.748200014582","-81.7106800161818","Cauldron Cannabis ","219 MAIN ST","GLENCOE","ON","N0L1M0","84382962"
"CRSA1212732","Authorized to Open","Active","Cannabis Retail Store Authorization","44.4272400180005","-81.3972600369701","Tokyo Smoke - Port Elgin","216 GODERICH ST UNIT 3","PORT ELGIN","ON","N0H2C1","84425731"
"CRSA1213514","Authorized to Open","Active","Cannabis Retail Store Authorization","43.6607270681417","-79.3826858062954","Canna Cabana","435B YONGE ST","TORONTO","ON","M5B1T3","84831932"
"CRSA1213845","Authorized to Open","Active","Cannabis Retail Store Authorization","43.6583500186253","-79.3288899768744","FIKA LOCAL CANNABIS","1025 LAKE SHORE BLVD E UNIT 11","TORONTO","ON","M4M 1B4","86432216"
"CRSA1215128","Authorized to Open","Active","Cannabis Retail Store Authorization","45.8935699918743","-77.2723499672824","Petawawa Cannabis Store","3241 PETAWAWA BLVD","PETAWAWA","ON","K8H1X8","85606157"
"CRSA1215279","Authorized to Open","Active","Cannabis Retail Store Authorization","45.4421400071318","-75.6718999872319","Munchies Cannabis","131 BEECHWOOD AVE SUITE B","OTTAWA","ON","K1M1L5","85681251"
"CRSA1215600","Authorized to Open","Active","Cannabis Retail Store Authorization","49.0182232218386","-88.2524081742119","Gram's Smokey Dreams","2 FRONT STREET","NIPIGON","ON","P0T2J0","85830528"
"CRSA1215782","Authorized to Open","Active","Cannabis Retail Store Authorization","45.3762699828373","-75.6668000182448","Planet Earth Cannabis","1666 BANK ST SUITE 600","OTTAWA","ON","K1V7Y6","85904528"
"CRSA1215979","Authorized to Open","Active","Cannabis Retail Store Authorization","44.3501799853287","-79.0393900214878","THE CHEEBA SHACK","17 CAMERON ST W.","CANNINGTON","ON","L0E 1E0","85990134"
"CRSA1216528","Authorized to Open","Active","Cannabis Retail Store Authorization","44.4335000004775","-77.8857600213428","THE CANNABIS FOREST","2 OTTAWA STREET WEST UNIT B","HAVELOCK","ON","K0L 1Z0","95843348"
"CRSA1216838","Authorized to Open","Active","Cannabis Retail Store Authorization","43.7082300119606","-79.694970017157","Bodega Boyz","69 BRAMALEA RD SUITE 3","BRAMPTON","ON","L6T2W9","86373866"
"CRSA1217449","Authorized to Open","Active","Cannabis Retail Store Authorization","43.2514294565756","-79.8418029970858","Blue Sage Cannabis","835 KING ST E","HAMILTON","ON","L8M1B1","105113"
"CRSA1217508","Authorized to Open","Active","Cannabis Retail Store Authorization","43.6367061844267","-79.4000806656667","The Hunny Pot Cannabis Co.","600 FLEET ST. UNIT 18","TORONTO","ON","M5V1B7","100642749"
"CRSA1217511","Authorized to Open","Active","Cannabis Retail Store Authorization","46.5158084135552","-84.3385040847713","Matchbox Cannabis","146 QUEEN ST E","SAULT STE. MARIE","ON","P6A1Y5","24132236"
"CRSA1217609","Authorized to Open","Active","Cannabis Retail Store Authorization","45.0926299835987","-75.3533999879627","BlueBird Cannabis Co - Winchester","507 ST LAWRENCE ST LOWER LEVEL","WINCHESTER","ON","K0C2K0","88164578"
"CRSA1217882","Authorized to Open","Active","Cannabis Retail Store Authorization","43.7755406708782","-79.3451804463601","Fika Local Fairview Mall","1800 SHEPPARD AVE E UNIT 1047","TORONTO","ON","M2J5A7","90350348"
"CRSA1217883","Authorized to Open","Active","Cannabis Retail Store Authorization","43.4233499939662","-80.4406800309386","Fika Local Fairview Park","2960 KINGSWAY DR UNIT G007","KITCHENER","ON","N2C1X1","86823512"
"CRSA1218145","Authorized to Open","Active","Cannabis Retail Store Authorization","43.7056599947185","-79.3618900325903","NULEEF CANNABIS","86 LAIRD DR","EAST YORK","ON","M4G3V1","86930746"
"CRSA1218453","Authorized to Open","Active","Cannabis Retail Store Authorization","44.2111799932137","-79.4661200044053","Levicann","488 THE QUEENSWAY S","KESWICK","ON","L4P2E3","87053054"
"CRSA1219105","Authorized to Open","Active","Cannabis Retail Store Authorization","45.4019990188701","-75.7103996980494","Capital Cannabis","352 PRESTON ST","OTTAWA","ON","K1S4M6","164739"
"CRSA1219303","Authorized to Open","Active","Cannabis Retail Store Authorization","44.2967694133955","-78.3194464654251","Highlife Cannabis Peterborough","119 GEORGE ST N","PETERBOROUGH","ON","K9J3G3","24112873"
"CRSA1219313","Authorized to Open","Active","Cannabis Retail Store Authorization","43.4320199831538","-80.4414000364213","Canna Cabana","1375 WEBER ST E UNIT 111","KITCHENER","ON","N2A3Y7","87466212"
"CRSA1219314","Authorized to Open","Active","Cannabis Retail Store Authorization","43.4521000110826","-80.5546936284237","Canna Cabana","440 ERB ST W UNIT B2","WATERLOO","ON","N2T 1H4","93820236"
"CRSA1219518","Authorized to Open","Active","Cannabis Retail Store Authorization","43.4677599991987","-81.1979600047683","Leaf & Embers","24 ONTARIO RD","MITCHELL","ON","N0K 1N0","87550781"
"CRSA1219916","Authorized to Open","Active","Cannabis Retail Store Authorization","44.308329980964","-77.8004599911163","Spiritleaf","15 BRIDGE STREET WEST","CAMPBELLFORD","ON","K0L1L0","87735430"
"CRSA1219931","Authorized to Open","Active","Cannabis Retail Store Authorization","43.2167600110251","-79.7837099804467","WE'D","205 QUIGLEY RD SUITE 5","HAMILTON","ON","L8K5M8","87744477"
"CRSA1219941","Authorized to Open","Active","Cannabis Retail Store Authorization","42.9048999878135","-78.9264000388451","Garden City Cannabis Co","310 GARRISON RD UNIT E-02","FORT ERIE","ON","L2A1M7","89905518"
"CRSA1219974","Authorized to Open","Active","Cannabis Retail Store Authorization","46.5229699930749","-80.9611300010984","SESSIONS CANNABIS - NICKLE CITY","900 LASALLE BLVD UNIT Q","SUDBURY","ON","P3A5W8","87765327"
"CRSA1220616","Authorized to Open","Active","Cannabis Retail Store Authorization","43.0190999819986","-81.3091000175612","Canna Cabana ","595 FANSHAWE PARK RD W UNIT C01102A","LONDON","ON","N6G 5B3","88049179"
"CRSA1220840","Authorized to Open","Active","Cannabis Retail Store Authorization","48.4768609371076","-81.3555201598148","True North Cannabis Co. ","211 CRAIG ST","TIMMINS","ON","P4N4A2","24156423"
"CRSA1220846","Authorized to Open","Active","Cannabis Retail Store Authorization","44.3084200026041","-77.7971199703389","True North Cannabis Co.","52 BRIDGE ST E","CAMPBELLFORD","ON","K0L 1L0","77031371"
"CRSA1220848","Authorized to Open","Active","Cannabis Retail Store Authorization","46.4828000154732","-81.0064800367721","True North Cannabis Co. ","372 RIVERSIDE DR","SUDBURY","ON","P3E1H7","77251354"
"CRSA1220850","Authorized to Open","Active","Cannabis Retail Store Authorization","46.3053399959138","-79.4589600150748","True North Cannabis Co. ","496 MAIN ST E","NORTH BAY","ON","P1B1B5","77155960"
"CRSA1220851","Authorized to Open","Active","Cannabis Retail Store Authorization","46.5059699846925","-84.3218499721595","True North Cannabis Co. ","898 QUEEN ST E UNIT 2","SAULT STE. MARIE","ON","P6A2B4","90162573"
"CRSA1220852","Authorized to Open","Active","Cannabis Retail Store Authorization","48.475036461028","-81.3290910773912","True North Cannabis Co. ","214 THIRD AVE","TIMMINS","ON","P4N1E1","76901640"
"CRSA1220853","Authorized to Open","Active","Cannabis Retail Store Authorization","44.248389985528","-76.951170022111","True North Cannabis Co. ","7 MARKET SQ","NAPANEE","ON","K7R1J4","76984100"
"CRSA1221054","Authorized to Open","Active","Cannabis Retail Store Authorization","43.3434699956996","-79.8257999586993","Mont Kailash Cannabis","1220 BRANT ST UNIT 3B","BURLINGTON","ON","L7P1X8","91994580"
"CRSA1221302","Authorized to Open","Active","Cannabis Retail Store Authorization","43.4156399841493","-80.5134300051785","Spiritleaf Sunrise","1400 OTTAWA ST S UNIT B7","KITCHENER","ON","N2E4E2","88381968"
"CRSA1221384","Authorized to Open","Active","Cannabis Retail Store Authorization","42.3117199923432","-82.9941600295688","Greentown Cannabis Discount Hut","1519 DROUILLARD RD","WINDSOR","ON","N8Y2S1","88420679"
"CRSA1221679","Authorized to Open","Active","Cannabis Retail Store Authorization","45.270610016431","-75.3117700085564","Highties Cannabis Store","1044 ST. GUILLAUME RD UNIT A102","EMBRUN","ON","K0A1W1","88552490"
"CRSA1221859","Authorized to Open","Active","Cannabis Retail Store Authorization","43.4675100089365","-81.197360028139","VIP Cannabis Company","46 ONTARIO RD","MITCHELL","ON","N0K1N0","89944918"
"CRSA1222495","Authorized to Open","Active","Cannabis Retail Store Authorization","47.4486600036959","-79.6333500368676","King of Queens Cannabis Company","462 FERGUSON AVE","HAILEYBURY","ON","P0J1K0","89946323"
"CRSA1222722","Authorized to Open","Active","Cannabis Retail Store Authorization","44.2463199907198","-76.4870399872246","KINGSTON CANNABIS INC.","545 MONTREAL ST UNIT 1","KINGSTON","ON","K7K3J1","86477966"
"CRSA1222787","Authorized to Open","Active","Cannabis Retail Store Authorization","43.8333067019797","-79.0895877157993","Spiritleaf Cannabis","1792 LIVERPOOL RD UNIT 107","PICKERING","ON","L1V4G6","89069392"
"CRSA1222879","Authorized to Open","Active","Cannabis Retail Store Authorization","44.010364670646","-79.6817358675751","Emerald Cannabis Co. New Tecumseth","6048 HIGHWAY 9 UNIT 10","SCHOMBERG","ON","L0G1T0","89113643"
"CRSA1223008","Authorized to Open","Active","Cannabis Retail Store Authorization","43.910999984439","-78.6752900381923","Spot 420","237 KING ST E UNIT 3","BOWMANVILLE","ON","L1C1P8","89176080"
"CRSA1223325","Authorized to Open","Active","Cannabis Retail Store Authorization","43.7601100112126","-79.5706799717483","Cannabis Masters","195 MILLWICK DR","NORTH YORK","ON","M9L2X2","89355607"
"CRSA1223594","Authorized to Open","Active","Cannabis Retail Store Authorization","44.9035822370701","-75.1780896442464","HIGH CANNABIS 12467","12467 COUNTY RD 2, UNIT B","MORRISBURG","ON","K0C1X0","89544419"
"CRSA1223703","Authorized to Open","Active","Cannabis Retail Store Authorization","43.1397200111019","-80.2627100144805","Hypnotic Cannabis ","116 DALHOUSIE ST","BRANTFORD","ON","N3T2J3","81173503"
"CRSA1223704","Authorized to Open","Active","Cannabis Retail Store Authorization","44.5681900179797","-76.669110011621","FOREST PLANT","4916 ROAD 38 SUITE 4","HARROWSMITH","ON","K0H1V0","89595172"
"CRSA1223864","Authorized to Open","Active","Cannabis Retail Store Authorization","44.4376321195171","-79.7322538546142","Budtimez","1179 BAYFIELD ST N","MIDHURST","ON","L9X0N5","24114349"
"CRSA1223939","Authorized to Open","Active","Cannabis Retail Store Authorization","43.7617357584606","-79.2259837233038","BREAKING BUD CANNABIS","685W MARKHAM RD","SCARBOROUGH","ON","M1H2A4","77915926"
"CRSA1224022","Authorized to Open","Active","Cannabis Retail Store Authorization","44.1329700053358","-81.1494000354546","Discounted Cannabis","229 DURHAM ST E","WALKERTON","ON","N0G2V0","94683056"
"CRSA1224023","Authorized to Open","Active","Cannabis Retail Store Authorization","42.3984099935733","-82.1872099871688","Discounted Cannabis","122 RICHMOND ST UNIT 2","CHATHAM","ON","N7M1N9","91275792"
"CRSA1224097","Authorized to Open","Active","Cannabis Retail Store Authorization","43.7362418486932","-79.250155843586","Breaking Bud Cannabis","2683 EGLINTON AVE E","SCARBOROUGH","ON","M1K2S2","65520593"
"CRSA1224238","Authorized to Open","Active","Cannabis Retail Store Authorization","45.3901999934531","-75.7570600396754","KANA LEAF CANNABIS","418 RICHMOND RD","OTTAWA","ON","K2A0G2","90876462"
"CRSA1224388","Authorized to Open","Active","Cannabis Retail Store Authorization","43.8058505593438","-79.384231445531","Fogtown Flower","1529-1531 STEELES AVE E","NORTH YORK","ON","M2M3Y7","91640133"
"CRSA1224990","Authorized to Open","Active","Cannabis Retail Store Authorization","45.3244199907986","-75.587330020772","PAKALOLO CANNABIS CO.","111 SHUTTLEWORTH DR SUITE 3","GLOUCESTER","ON","K1T0W7","90366285"
"CRSA1225008","Authorized to Open","Active","Cannabis Retail Store Authorization","43.0096264197536","-81.3346022094295","FIKA LOCAL CANNABIS","1965 HYDE PARK RD UNIT 104A","LONDON","ON","N6H0A3","105153645"
"CRSA1225916","Authorized to Open","Active","Cannabis Retail Store Authorization","43.3450600008224","-79.7952999732435","Sparkle Cannabis Company","730 GUELPH LINE UNIT 1","BURLINGTON","ON","L7R3N5","90863437"
"CRSA1225919","Authorized to Open","Active","Cannabis Retail Store Authorization","43.5090699994513","-79.8871000017445","Taste Buds Cannabis","26 MAIN ST E UNIT B","MILTON","ON","L9T1N3","90864382"
"CRSA1225970","Authorized to Open","Active","Cannabis Retail Store Authorization","44.0222313047379","-79.8067163370006","Hempire House","18 MILL ST W","TOTTENHAM","ON","L0G1W0","90885519"
"CRSA1226193","Authorized to Open","Active","Cannabis Retail Store Authorization","43.91289400119","-80.8703590188503","VIP Cannabis Company","29 ELORA ST S","HARRISTON","ON","N0G 1Z0","102206162"
"CRSA1226327","Authorized to Open","Active","Cannabis Retail Store Authorization","45.5441648257125","-75.2974165228297","Big River Cannabis - Laurier","2613 LAURIER ST","ROCKLAND","ON","K4K 1K6","91099348"
"CRSA1226368","Authorized to Open","Active","Cannabis Retail Store Authorization","43.7308100209249","-79.8218400123631","CANNABIS XPRESS","11670 HURONTARIO ST UNIT 6","BRAMPTON","ON","L7A1R2","91121045"
"CRSA1226805","Authorized to Open","Active","Cannabis Retail Store Authorization","43.4687499857828","-81.1966100154429","HIGH HOPES CANNABIS","53 MONTREAL ST","MITCHELL","ON","N0K1N0","91330167"
"CRSA1226812","Authorized to Open","Active","Cannabis Retail Store Authorization","43.885500013775","-81.3124699617328","Naturally Bongins ","11 VETERANS ROAD, UNIT B","WINGHAM","ON","N0G2W0","91335958"
"CRSA1227203","Authorized to Open","Active","Cannabis Retail Store Authorization","43.2614597","-79.906399","Offside Cannabis","1033 KING ST W","HAMILTON","ON","L8S1L6","33521396"
"CRSA1227269","Authorized to Open","Active","Cannabis Retail Store Authorization","44.1845940079279","-76.7677006860328","Baths Bud N Boutique","220 MAIN ST UNIT 6","BATH","ON","K0H1G0","96383659"
"CRSA1227512","Authorized to Open","Active","Cannabis Retail Store Authorization","44.6616339932733","-78.8007632556212","EIGHTH CANNABIS","6694 HWY 35 NORTH UNIT 3","COBOCONK","ON","K0M1K0","92244843"
"CRSA1227580","Authorized to Open","Active","Cannabis Retail Store Authorization","43.3359199964143","-79.8133499826367","PEPE","892 BRANT ST UNIT 3","BURLINGTON","ON","L7R2J5","91739446"
"CRSA1227757","Authorized to Open","Active","Cannabis Retail Store Authorization","43.1752900002409","-80.227090027289","SWEET RELEAFS INC","248 LYNDEN RD UNIT 3","BRANTFORD","ON","N3R8A3","91820627"
"CRSA1228975","Authorized to Open","Active","Cannabis Retail Store Authorization","47.9882516204325","-84.7774919249769","T CANNABIS NW","152 MISSION RD","WAWA","ON","P0S1K0","63887"
"CRSA1228975","Authorized to Open","Active","Cannabis Retail Store Authorization","47.9882516204325","-84.7774919249769","T CANNABIS NW","152 MISSION RD","WAWA","ON","P0S1K0","63887"
"CRSA1228982","Authorized to Open","Active","Cannabis Retail Store Authorization","43.7812099856237","-80.0772599876287","Green Grove","2 THOMPSON CRES UNIT 6 SS 1","ERIN","ON","N0B1T0","94046573"
"CRSA1229262","Authorized to Open","Active","Cannabis Retail Store Authorization","43.6439100111108","-79.4041700285879","CANNA CABANA","720 KING ST W UNIT 155","TORONTO","ON","M5V 3S5","68620325"
"CRSA1229263","Authorized to Open","Active","Cannabis Retail Store Authorization","43.7583288184273","-79.3129778221095","CANNA CABANA","85 ELLESMERE RD, UNIT A01003B","SCARBOROUGH","ON","M1R4B9","64525433"
"CRSA1229264","Authorized to Open","Active","Cannabis Retail Store Authorization","43.5643743037674","-80.2783492709319","Canna Cabana","3 WOODLAWN RD W","GUELPH","ON","N1H1G8","44635942"
"CRSA1229265","Authorized to Open","Active","Cannabis Retail Store Authorization","45.4002202360406","-75.623837547705","Canna Cabana","1910 ST. LAURENT BLVD UNIT C003","OTTAWA","ON","K1G1A4","72171771"
"CRSA1229680","Authorized to Open","Active","Cannabis Retail Store Authorization","43.681618810483","-79.474513306969","Matchbox Cannabis 605 Rogers","605 ROGERS RD UNIT D7B","YORK","ON","M6M1B9","145714966"
"CRSA1229723","Authorized to Open","Active","Cannabis Retail Store Authorization","43.6455281794283","-79.3803484083062","FIKA Cannabis","65 FRONT ST W UNIT 405","TORONTO","ON","M5J2N1","101792616"
"CRSA1229723","Authorized to Open","Active","Cannabis Retail Store Authorization","43.6455281794283","-79.3803484083062","FIKA Cannabis","65 FRONT ST W UNIT 405","TORONTO","ON","M5J2N1","101792616"
"CRSA1229896","Authorized to Open","Active","Cannabis Retail Store Authorization","43.4008499902677","-80.3613100295706","VIP Cannabis Company","336 EAGLE ST N SUITE 102","CAMBRIDGE","ON","N3H1C2","92739046"
"CRSA1230344","Authorized to Open","Active","Cannabis Retail Store Authorization","43.6493665434244","-79.4228135245543","The Nug Co","1213 DUNDAS ST W","TORONTO","ON","M6J1X3","211820"
"CRSA1230391","Authorized to Open","Active","Cannabis Retail Store Authorization","43.316526044128","-79.9124988433165","Tokyo Smoke Waterdown","52-90 DUNDAS ST E UNIT C4.5","WATERDOWN","ON","L9H 7K6","93614743"
"CRSA1230398","Authorized to Open","Active","Cannabis Retail Store Authorization","45.3793699878172","-75.6674200276227","Highlife Ottawa","1581 BANK ST UNIT B","OTTAWA","ON","K1H7Z3","91523259"
"CRSA1230611","Authorized to Open","Active","Cannabis Retail Store Authorization","43.3588924421489","-80.3119402456287","Caribbean Oxygen","124 MAIN ST","CAMBRIDGE","ON","N1R1V7","24121582"
"CRSA1230649","Authorized to Open","Active","Cannabis Retail Store Authorization","44.6075899920462","-79.4219700058093","Buds 4 Less Cannabis Company","64 MISSISSAGA ST W SUITE 1","ORILLIA","ON","L3V3A8","93112569"
"CRSA1230867","Authorized to Open","Active","Cannabis Retail Store Authorization","43.7354499910658","-79.6057800294858","Purple Pineapple Cannabis Co","25 WOODBINE DOWNS BLVD UNIT 8","ETOBICOKE","ON","M9W6N5","93205047"
"CRSA1230890","Authorized to Open","Active","Cannabis Retail Store Authorization","44.3123600000108","-79.3657700155702","Flowertown Cannabis","20945 DALTON RD UNIT 4","GEORGINA","ON","L0E 1R0","93783546"
"CRSA1230906","Authorized to Open","Active","Cannabis Retail Store Authorization","45.5194100064782","-74.6525299710466","Ingram & Sons Cannabis Co.","16 HIGH STREET","VANKLEEK HILL","ON","K0B1R0","93222189"
"CRSA1230906","Authorized to Open","Active","Cannabis Retail Store Authorization","45.5194100064782","-74.6525299710466","Ingram & Sons Cannabis Co.","16 HIGH STREET","VANKLEEK HILL","ON","K0B1R0","93222189"
"CRSA1230979","Authorized to Open","Active","Cannabis Retail Store Authorization","45.4088799866889","-75.7121900355966","Cheech & Chung Cannabis","838 SOMERSET ST W SUITE 60","OTTAWA","ON","K1R6R7","93252287"
"CRSA1230987","Authorized to Open","Active","Cannabis Retail Store Authorization","43.2170390930631","-80.3935025859169","Chillin' Buds","1 HARTLEY AVE BUILDING A UNIT A6","PARIS","ON","N3L 0M3","126579331"
"CRSA1231344","Authorized to Open","Active","Cannabis Retail Store Authorization","42.774713683927","-81.1624734933861","BOB'S BUD EMPORIUM (ELGIN CENTRE)","417 WELLINGTON ST UNIT 141","ST THOMAS","ON","N5R5J5","94568742"
"CRSA1231498","Authorized to Open","Active","Cannabis Retail Store Authorization","43.3815037373348","-81.0046048813661","Canna Cabana","618 HURON ST","STRATFORD","ON","N5A6S6","64489961"
"CRSA1231574","Authorized to Open","Active","Cannabis Retail Store Authorization","43.5586199972586","-80.269679986066","Kraft Cannabis Company","666 WOOLWICH ST UNIT 30","GUELPH","ON","N1H7G5","93557490"
"CRSA1231587","Authorized to Open","Active","Cannabis Retail Store Authorization","43.1472061779008","-80.7364009613933","Canna Cabana ","385 SPRINGBANK AVE UNIT 143","WOODSTOCK","ON","N4T 1R3","79243237"
"CRSA1231597","Authorized to Open","Active","Cannabis Retail Store Authorization","44.1555129262676","-81.0063868938506","Canna Cabana","880 10TH ST UNIT 105","HANOVER","ON","N4N1S3","82871501"
"CRSA1231601","Authorized to Open","Active","Cannabis Retail Store Authorization","44.3214073106063","-80.6526359297423","Canna Cabana","155 TORONTO ST N","MARKDALE","ON","N0C1H0","24137648"
"CRSA1231893","Authorized to Open","Active","Cannabis Retail Store Authorization","49.7396760000001","-94.3670015","REDDEN’S JUNCTION CANNABIS","4433 HIGHWAY, 17 EAST","LONGBOW LAKE","ON","P0X 1H0","64566456"
"CRSA1232145","Authorized to Open","Active","Cannabis Retail Store Authorization","43.087200011633","-79.1205700110274","Buds 4 Less Cannabis Outlet","7500 LUNDY'S LANE UNIT C14-E","NIAGARA FALLS","ON","L2H 1G8","94583460"
"CRSA1232383","Authorized to Open","Active","Cannabis Retail Store Authorization","43.769190001194","-80.0627000350797","Spot420 The Cannabis Store","76 MAIN STREET","ERIN","ON","N0B 1T0","93914823"
"CRSA1232433","Authorized to Open","Active","Cannabis Retail Store Authorization","42.9884659702684","-81.0579361819506","CREW'S DECK CANNABIS","4063 HAMILTON RD SUITE B","DORCHESTER","ON","N0L1G2","84202672"
"CRSA1232524","Authorized to Open","Active","Cannabis Retail Store Authorization","44.4887999838631","-80.0527799688525","Holland Daze","1288 MOSLEY ST UNIT 5","WASAGA BEACH","ON","L9Z2C9","76690108"
"CRSA1232649","Authorized to Open","Active","Cannabis Retail Store Authorization","45.4336799846187","-75.1636600192467","Big River Cannabis - Bourget","2115 LAVAL ST","BOURGET","ON","K0A 1E0","94070791"
"CRSA1233249","Authorized to Open","Active","Cannabis Retail Store Authorization","43.3206000147949","-79.8334600123733","Uncle Louie's Cannabis Shop","574 PLAINS RD E UNIT B","BURLINGTON","ON","L7T2E5","94543747"
"CRSA1233294","Authorized to Open","Active","Cannabis Retail Store Authorization","45.0718699121823","-78.6890327508463","EIGHTH CANNABIS","9996 HIGHWAY 118, UNIT B","ALGONQUIN HIGHLANDS","ON","K0M1J0","94594929"
"CRSA1233378","Authorized to Open","Active","Cannabis Retail Store Authorization","43.8323900121415","-79.0667199711626","HOLLAND DAZE","981 BROCK RD UNIT 2","PICKERING","ON","L1W3A4","78010186"
"CRSA1233480","Authorized to Open","Active","Cannabis Retail Store Authorization","45.2429900109968","-75.7302999755974","Go Green Cannabis Co","3802-3812 GREENBANK RD UNIT 4","NEPEAN","ON","K2J 5T9","95457224"
"CRSA1233592","Authorized to Open","Active","Cannabis Retail Store Authorization","43.0657724678274","-79.1192533913669","HUNNY POT CANNABIS","7481 OAKWOOD DR","NIAGARA FALLS","ON","L2G0J5","9390694"
"CRSA1233672","Authorized to Open","Active","Cannabis Retail Store Authorization","45.0184944965375","-74.7091204941716","HIGH CANNABIS 410","410 MONTREAL RD","CORNWALL","ON","K6H1B7","64506287"
"CRSA1233684","Authorized to Open","Active","Cannabis Retail Store Authorization","45.0609304396387","-74.7691407654798","HIGH CANNABIS 17305","17305 CORNWALL CENTRE RD UNIT 3","CORNWALL","ON","K6K1K5","24139011"
"CRSA1233885","Authorized to Open","Active","Cannabis Retail Store Authorization","44.0791899962719","-79.7848599775624","CANNABIS XPRESS","8 MAIN ST W","BEETON","ON","L0G1A0","95199786"
"CRSA1233909","Authorized to Open","Active","Cannabis Retail Store Authorization","43.8862600009359","-78.848029998526","The Nug Co.","514 RITSON RD S","OSHAWA","ON","L1H5K4","95214352"
"CRSA1234453","Authorized to Open","Active","Cannabis Retail Store Authorization","42.9803999806663","-81.2195999832915","Da Canna","423 HAMILTON RD UNIT A","LONDON","ON","N5Z1S1","97356811"
"CRSA1234627","Authorized to Open","Active","Cannabis Retail Store Authorization","45.5168000075579","-79.3726600237995","BUDSSMOKE","10425 HWY 124 UNIT B","SUNDRIDGE","ON","P0A1Z0","95902163"
"CRSA1234923","Authorized to Open","Active","Cannabis Retail Store Authorization","43.641949190591","-79.375030677475","Harbourfront Cannabis","8 YONGE ST","TORONTO","ON","M5E0E9","153431291"
"CRSA1235004","Authorized to Open","Active","Cannabis Retail Store Authorization","50.0978200138071","-91.9141399822729","T CANNABIS NW","37 FRONT ST","SIOUX LOOKOUT","ON","P8T1H4","96226976"
"CRSA1235200","Authorized to Open","Active","Cannabis Retail Store Authorization","45.1483200188486","-79.1156100198234","Groovy's Baysville","14 BRIDGE STREET","BAYSVILLE","ON","P0B1A0","96127796"
"CRSA1235430","Authorized to Open","Active","Cannabis Retail Store Authorization","43.9499200107296","-78.8059000385953","CANNABIS XPRESS","1648 TAUNTON RD E UNIT 2","HAMPTON","ON","L0B1J0","96678879"
"CRSA1235855","Authorized to Open","Active","Cannabis Retail Store Authorization","45.2339899843717","-75.6773100028175","Blue Haven Cannabis","990 RIVER RD UNIT 8","MANOTICK","ON","K4M1B9","96490328"
"CRSA1235855","Authorized to Open","Active","Cannabis Retail Store Authorization","45.2339899843717","-75.6773100028175","Blue Haven Cannabis","990 RIVER RD UNIT 8","MANOTICK","ON","K4M1B9","96490328"
"CRSA1235998","Authorized to Open","Active","Cannabis Retail Store Authorization","43.1615747582378","-79.2246067589589","My Cannabis Shoppe","216 QUEENSTON ST","ST CATHARINES","ON","L2P2W8","199236"
"CRSA1235998","Authorized to Open","Active","Cannabis Retail Store Authorization","43.1615747582378","-79.2246067589589","My Cannabis Shoppe","216 QUEENSTON ST","ST CATHARINES","ON","L2P2W8","199236"
"CRSA1236363","Authorized to Open","Active","Cannabis Retail Store Authorization","42.3339814406416","-81.9988551109411","SHINYBUD CANNABIS CO BLENHEIM","63B TALBOT ST W","BLENHEIM","ON","N0P1A0","67577698"
"CRSA1236364","Authorized to Open","Active","Cannabis Retail Store Authorization","43.9135399944678","-78.6917500005531","SHINYBUD CANNABIS CO. 191 BOWMANVILLE","191 CHURCH ST, LOWER FLOOR ","BOWMANVILLE","ON","L1C1T8","71880434"
"CRSA1236365","Authorized to Open","Active","Cannabis Retail Store Authorization","42.2603299991509","-82.4326199583861","SHINYBUD CANNABIS CO. TILBURY","5 PROSPECT ST.","TILBURY","ON","N0P 2L0","70733625"
"CRSA1236368","Authorized to Open","Active","Cannabis Retail Store Authorization","43.7763600068988","-79.655120018709","SHINYBUD CANNABIS CO. SEACHART","23 SEACHART PL, UNIT #2","BRAMPTON","ON","L6P 3E1","78887174"
"CRSA1236369","Authorized to Open","Active","Cannabis Retail Store Authorization","43.903024159674","-78.8402351599051","BUDGET BUD OSHAWA","650 KING ST E UNIT 7","OSHAWA","ON","L1H1G5","67323552"
"CRSA1236388","Authorized to Open","Active","Cannabis Retail Store Authorization","45.4153258","-75.6967715","BYTOWN BUDZZ","373 SOMERSET ST W","OTTAWA","ON","K2P0K1","35697528"
"CRSA1236544","Authorized to Open","Active","Cannabis Retail Store Authorization","43.7400856792157","-79.233152529394","STOK'D CANNABIS","2978 EGLINTON AVE E UNIT 1","SCARBOROUGH","ON","M1J2E7","96888380"
"CRSA1236764","Authorized to Open","Active","Cannabis Retail Store Authorization","45.8266839400015","-77.1102580655138","Kushys","100 PEMBROKE ST E SUITE A","PEMBROKE","ON","K8A8A3","68079675"
"CRSA1236765","Authorized to Open","Active","Cannabis Retail Store Authorization","45.8883330428922","-77.2609969822528","Kushys","3025 PETAWAWA BLVD UNIT 11","PETAWAWA","ON","K8H1X9","70593843"
"CRSA1237170","Authorized to Open","Active","Cannabis Retail Store Authorization","45.3744500202008","-75.5979400014495","BlueBird Cannabis Express ","3500 HAWTHORNE RD UNIT C","OTTAWA","ON","K1G3W9","89945949"
"CRSA1237414","Authorized to Open","Active","Cannabis Retail Store Authorization","44.3820426309594","-77.9792941783995","Sparq Retail","2367 COUNTY ROAD 45","NORWOOD","ON","K0L2V0","97241258"
"CRSA1237717","Authorized to Open","Active","Cannabis Retail Store Authorization","46.3275999838149","-79.4664800071467","Happy Life","1307 ALGONQUIN AVE SUITE 1","NORTH BAY","ON","P1B4Y4","81945365"
"CRSA1238399","Authorized to Open","Active","Cannabis Retail Store Authorization","45.3683157091006","-75.7746681727453","CHRONTACT CANNABIS","2280 CARLING AVE SUITE 1","OTTAWA","ON","K2B7G1","54609667"
"CRSA1238457","Authorized to Open","Active","Cannabis Retail Store Authorization","48.4192309567794","-89.7306323283029","Green Mantle Cannabis","4744 HIGHWAY 11/17 BUILDING THREE","KAKABEKA FALLS","ON","P0T1W0","116912718"
"CRSA1238838","Authorized to Open","Active","Cannabis Retail Store Authorization","42.3113099915494","-82.9424300244741","Canna Cabana","6711 TECUMSEH RD E UNIT 8A","WINDSOR","ON","N8T3K7","97807014"
"CRSA1239005","Authorized to Open","Active","Cannabis Retail Store Authorization","44.1847000104304","-77.394280004033","Tokyo Smoke Belleville ","305 NORTH FRONT ST UNIT 4","BELLEVILLE","ON","K8P3C3","90598550"
"CRSA1239095","Authorized to Open","Active","Cannabis Retail Store Authorization","44.901138280938","-75.182275220371","The Oz Store","89 MAIN ST","MORRISBURG","ON","K0C 1X0","104990911"
"CRSA1239099","Authorized to Open","Active","Cannabis Retail Store Authorization","44.9082590111835","-76.267069435335","The Cannabis Shop","95 DUFFERIN ST UNIT A","PERTH","ON","K7H3A5","81865339"
"CRSA1239100","Authorized to Open","Active","Cannabis Retail Store Authorization","45.1315673803216","-76.1191460987976","The Cannabis Shop","545 MCNEELY AVE UNIT 2B","CARLETON PLACE","ON","K7C0A8","67379334"
"CRSA1239248","Authorized to Open","Active","Cannabis Retail Store Authorization","44.0971400095602","-78.959869984053","Offside Cannabis","693 QUEEN ST","PORT PERRY","ON","L9L1K6","97963124"
"CRSA1239680","Authorized to Open","Active","Cannabis Retail Store Authorization","43.7273306508454","-79.4316597103986","Dope Cannabis","3430 BATHURST ST","NORTH YORK","ON","M6A2C2","50419"
"CRSA1241123","Authorized to Open","Active","Cannabis Retail Store Authorization","45.4110314116865","-75.7069716303176","Electrical Banana","693 SOMERSET ST W","OTTAWA","ON","K1R6P5","98618773"
"CRSA1241367","Authorized to Open","Active","Cannabis Retail Store Authorization","43.6884970741242","-79.3004272903225","Growers Retail","2620 DANFORTH AVE","TORONTO","ON","M4C1L7","204224"
"CRSA1241595","Authorized to Open","Active","Cannabis Retail Store Authorization","42.3057819168576","-82.913177601487","Regulators Cannabis","3099 FOREST GLADE DR","WINDSOR","ON","N8R1W6","98800499"
"CRSA1241646","Authorized to Open","Active","Cannabis Retail Store Authorization","43.6773400165501","-79.5059600283885","Above The Clouds Cannabis","259 SCARLETT RD","YORK","ON","M6N4K9","92836226"
"CRSA1241903","Authorized to Open","Active","Cannabis Retail Store Authorization","45.0184760824863","-79.3145631250528","Mary Jane Muskoka","440 ECCLESTONE DR UNIT 13 ","BRACEBRIDGE","ON","P1L1Z6","100776638"
"CRSA1241906","Authorized to Open","Active","Cannabis Retail Store Authorization","44.2585589942795","-76.521836117153","HIGH CANNABIS 83","83 ABERFOYLE RD UNIT 3","KINGSTON","ON","K7M7B5","98899067"
"CRSA1242116","Authorized to Open","Active","Cannabis Retail Store Authorization","48.7595607008597","-80.6855419933263","Blazeco Cannabis","231 AMBRIDGE DRIVE","IROQUOIS FALLS","ON","P0K 1G0","98972216"
"CRSA1242930","Authorized to Open","Active","Cannabis Retail Store Authorization","43.3024074711383","-79.8587850946275","Hidden Leaf Cannabis","181 PLAINS RD W UNIT 2","BURLINGTON","ON","L7T0B1","101978050"
"CRSA1243246","Authorized to Open","Active","Cannabis Retail Store Authorization","44.1463931660001","-80.193992329","One Plant","804 OJIBWAY RD, BUILDING D UNIT 3","SHELBURNE","ON","L9V3X9","100089941"
"CRSA1243246","Authorized to Open","Active","Cannabis Retail Store Authorization","44.1463931660001","-80.193992329","One Plant","804 OJIBWAY RD, BUILDING D UNIT 3","SHELBURNE","ON","L9V3X9","100089941"
"CRSA1243307","Authorized to Open","Active","Cannabis Retail Store Authorization","45.6071430098299","-74.5848920357343","BONJOUR HIGH CANNABIS CO. 1500 MAIN","1500 MAIN ST E","HAWKESBURY","ON","K6A1C7","99721563"
"CRSA1243316","Authorized to Open","Active","Cannabis Retail Store Authorization","44.2344658841539","-79.4507905931449","One Plant Keswick","76 ARLINGTON DR UNIT 8","KESWICK","ON","L4P0A9","99390372"
"CRSA1243376","Authorized to Open","Active","Cannabis Retail Store Authorization","43.5827843116516","-80.5603530726211","One Plant","315 ARTHUR ST S UNIT 105","ELMIRA","ON","N3B 3L5","99727057"
"CRSA1243915","Authorized to Open","Active","Cannabis Retail Store Authorization","48.1497376822632","-80.0372333824808","Rozbudz","54 GOVERNMENT RD W UNIT A","KIRKLAND LAKE","ON","P2N2E4","99727620"
"CRSA1243915","Authorized to Open","Active","Cannabis Retail Store Authorization","48.1497376822632","-80.0372333824808","Rozbudz","54 GOVERNMENT RD W UNIT A","KIRKLAND LAKE","ON","P2N2E4","99727620"
"CRSA1244071","Authorized to Open","Active","Cannabis Retail Store Authorization","44.2979036058755","-78.3200103316084","LOST CANNABIS COMPANY","139 GEORGE ST N UNIT 2","PETERBOROUGH","ON","K9J3G6","99642871"
"CRSA1244158","Authorized to Open","Active","Cannabis Retail Store Authorization","45.0440200162325","-79.3265400265001","CANNA CABANA","125 MUSKOKA RD 118 W UNIT 6","BRACEBRIDGE ","ON","P1L 1T2 ","77186876"
"CRSA1244159","Authorized to Open","Active","Cannabis Retail Store Authorization","45.0417679189796","-79.3114384891513","Canna Cabana","77 MANITOBA ST","BRACEBRIDGE","ON","P1L2B2","44577016"
"CRSA1244620","Authorized to Open","Active","Cannabis Retail Store Authorization","44.8988136858208","-76.2483514641637","Olympia Cannabis Perth O/C Perth","88 GORE ST E","PERTH","ON","K7H1J2","99818925"
"CRSA1244750","Authorized to Open","Active","Cannabis Retail Store Authorization","42.4113454470832","-82.205215172284","True North Cannabis Co. ","170 MCNAUGHTON AVE W UNIT 9","CHATHAM","ON","N7L1R4","67490335"
"CRSA1245889","Authorized to Open","Active","Cannabis Retail Store Authorization","43.769874876219","-79.4130164235099","Puffs Haven","5171 YONGE ST","NORTH YORK","ON","M2N5P5","66307"
"CRSA1246059","Authorized to Open","Active","Cannabis Retail Store Authorization","43.3666333851249","-79.8219065646743","One Plant Burlington","2025 GUELPH LINE UNIT 133","BURLINGTON","ON","L7P4M8","100286851"
"CRSA1246836","Authorized to Open","Active","Cannabis Retail Store Authorization","43.6414189933061","-79.3995785058474","Insalata","550 FRONT ST W UNIT 59","TORONTO","ON","M5V3N5","100549351"
"CRSA1247682","Authorized to Open","Active","Cannabis Retail Store Authorization","43.7758347968458","-79.4132441093276","Puffs Haven","10 NORTHTOWN WAY SUITE 107","NORTH YORK","ON","M2N7L4","100800697"
"CRSA1248040","Authorized to Open","Active","Cannabis Retail Store Authorization","46.5001093999018","-81.0037929662521","Wild Flowerz","533 KATHLEEN ST UNIT B","SUDBURY","ON","P3C2N1","100915414"
"CRSA1248542","Authorized to Open","Active","Cannabis Retail Store Authorization","43.1142383968058","-80.2937958111492","Lolly","360 CONKLIN RD UNIT D4","BRANTFORD","ON","N3T0N5","102315648"
"CRSA1250751","Authorized to Open","Active","Cannabis Retail Store Authorization","43.6496034748975","-79.4296074132668","Nomade Cannabis","1428 DUNDAS ST W","TORONTO","ON","M6J1Y5","67314138"
"CRSA1250792","Authorized to Open","Active","Cannabis Retail Store Authorization","42.8364019015974","-80.3039244191274","1 Stop Cannabis","38 NORFOLK ST S","SIMCOE","ON","N3Y2V9","101788643"
"CRSA1251071","Authorized to Open","Active","Cannabis Retail Store Authorization","44.4118457679613","-79.6881878963299","Canna Cabana","201 CUNDLES RD E UNIT 105A","BARRIE","ON","L4M4S5","44418641"
"CRSA1251072","Authorized to Open","Active","Cannabis Retail Store Authorization","45.231876158","-75.916415216","Canna Cabana","1300 MAIN ST UNIT 111","STITTSVILLE","ON","K2S1A3","104456287"
"CRSA1251311","Authorized to Open","Active","Cannabis Retail Store Authorization","43.4605519581048","-80.5380225644875","Growers Retail","50 WESTMOUNT RD N","WATERLOO","ON","N2L2R5","58596"
"CRSA1251768","Authorized to Open","Active","Cannabis Retail Store Authorization","43.3702307257776","-80.3028957696347","CANNABIS CUPBOARD","215 BEVERLY STREET UNIT 1","CAMBRIDGE","ON","N1R3Z8","67479024"
"CRSA1252482","Authorized to Open","Active","Cannabis Retail Store Authorization","45.3295863863684","-75.8141815363496","Royal Cannabis Haus","22 NORTHSIDE RD","NEPEAN","ON","K2H5Z3","103881335"
"CRSA1252523","Authorized to Open","Active","Cannabis Retail Store Authorization","49.7825889148668","-86.5349482589098","EVERGREEN LEAF","122 QUEEN STREET","LONGLAC","ON","P0T 2A0","102318761"
"CRSA1253755","Authorized to Open","Active","Cannabis Retail Store Authorization","44.60843459452","-76.221892561867","Cannabis Fields Inc.","14 MAIN ST UNIT B","ELGIN","ON","K0G1E0","104816551"
"CRSA1254033","Authorized to Open","Active","Cannabis Retail Store Authorization","42.0378018970461","-82.7391985419852","Discounted Cannabis","9 MAIN ST E","KINGSVILLE","ON","N9Y1A1","91381672"
"CRSA1254181","Authorized to Open","Active","Cannabis Retail Store Authorization","46.5005408428503","-80.962708443672","HAPPY LIFE","1021 KINGSWAY UNIT 3","SUDBURY","ON","P3B2E6","64568032"
"CRSA1254599","Authorized to Open","Active","Cannabis Retail Store Authorization","42.2121799887215","-83.0995799801776","BRO CANNABIS INC.","2596 FRONT RD UNIT 1","LASALLE","ON","N9J2C8","95487444"
"CRSA1254817","Authorized to Open","Active","Cannabis Retail Store Authorization","43.6723000200802","-79.3874039591231","Weedjar","809 YONGE ST","TORONTO","ON","M4W2G9","103070035"
"CRSA1255131","Authorized to Open","Active","Cannabis Retail Store Authorization","44.583684007909","-79.8664380236838","Bigfoot's Cannabis Inc.","2 QUEEN ST W UNIT 3","ELMVALE","ON","L0L1P0","103145928"
"CRSA1256017","Authorized to Open","Active","Cannabis Retail Store Authorization","43.4137416088086","-80.6060953813633","VIP Cannabis Company","1656 SNYDERS RD E, UNIT B","PETERSBURG","ON","N0B 2H0","103415860"
"CRSA1256229","Authorized to Open","Active","Cannabis Retail Store Authorization","43.827853809962","-79.2878172263912","CANNABIS XPRESS","5005 STEELES AVE E UNIT 106","SCARBOROUGH","ON","M1V5K1","103494839"
"CRSA1257189","Authorized to Open","Active","Cannabis Retail Store Authorization","42.2824282163207","-83.0107889710976","Discounted Cannabis","2783 HOWARD AVE","WINDSOR","ON","N8X3X8","103842481"
"CRSA1258189","Authorized to Open","Active","Cannabis Retail Store Authorization","43.7910994745014","-79.4453447086788","Canna Cabana (Bathurst Steeles)","6231 BATHURST ST","NORTH YORK","ON","M2R2A5","75960508"
"CRSA1258592","Authorized to Open","Active","Cannabis Retail Store Authorization","44.7516249933986","-79.8872030153345","True North Cannabis Co.","212 KING ST UNIT 1","MIDLAND","ON","L4R3L9","106135690"
"CRSA1258761","Authorized to Open","Active","Cannabis Retail Store Authorization","43.6808868893439","-79.4301801455717","On High Inc.","806A ST CLAIR AVE W","TORONTO","ON","M6C1B6","108454027"
"CRSA1258804","Authorized to Open","Active","Cannabis Retail Store Authorization","43.0098489173734","-81.2411966273753","KANNABIS KING","1066 ADELAIDE ST N UNIT 4","LONDON","ON","N5Y2N1","104477956"
"CRSA1259279","Authorized to Open","Active","Cannabis Retail Store Authorization","43.911947390955","-78.79768258836","The Happy Cannasseur","1413 KING ST E UNIT 5","COURTICE","ON","L1E 1J6","104867113"
"CRSA1259951","Authorized to Open","Active","Cannabis Retail Store Authorization","45.3434904969034","-80.0336584169574","True North Cannabis Co.","34 SEGUIN ST","PARRY SOUND","ON","P2A1B1","104890221"
"CRSA1260582","Authorized to Open","Active","Cannabis Retail Store Authorization","43.7490699969926","-79.5601200310328","Value Buds","2546 FINCH AVE W SUITE 12","NORTH YORK","ON","M9M2G3","92543142"
"CRSA1260584","Authorized to Open","Active","Cannabis Retail Store Authorization","43.6511481197789","-79.3680129290409","Value Buds","251 KING ST E UNIT A1","TORONTO","ON","M5A1K2","105109829"
"CRSA1261134","Authorized to Open","Active","Cannabis Retail Store Authorization","45.344335979477","-76.036115221696","VALLEY BUD","433 DONALD B MUNRO DR UNIT B","CARP","ON","K0A 1L0","115823548"
"CRSA1261911","Authorized to Open","Active","Cannabis Retail Store Authorization","44.041609984842","-77.7380899981307","True North Cannabis Co.","43 MAIN STREET","BRIGHTON","ON","K0K 1H0","79107753"
"CRSA1262474","Authorized to Open","Active","Cannabis Retail Store Authorization","43.0076000108419","-81.2395999586394","Value Buds","1030 ADELAIDE ST N UNIT 9B","LONDON","ON","N5Y2M9","92543165"
"CRSA1262634","Authorized to Open","Active","Cannabis Retail Store Authorization","42.9932346860847","-79.2366193045101","Garden City Cannabis Co","469 EAST MAIN ST","WELLAND","ON","L3B3X7","105825352"
"CRSA1263173","Authorized to Open","Active","Cannabis Retail Store Authorization","43.869409609525","-78.851508320706","True North Cannabis Co.","1076 CEDAR ST SUITE 3","OSHAWA","ON","L1J3R9","106047521"
"CRSA1263635","Authorized to Open","Active","Cannabis Retail Store Authorization","43.7310156433436","-79.3053272373475","Spot420 The Cannabis Store","1646 VICTORIA PARK AVE UNIT 8","NORTH YORK","ON","M1R1P7","223736"
"CRSA1263787","Authorized to Open","Active","Cannabis Retail Store Authorization","47.508367988052","-79.684702018129","True North Cannabis Co.","324 WHITEWOOD AVE","NEW LISKEARD","ON","P0J 1P0","106250187"
"CRSA1263793","Authorized to Open","Active","Cannabis Retail Store Authorization","43.6507098995325","-79.3785072589303","Canna North Cannabis Store","117 YONGE ST","TORONTO","ON","M5C1W4","24114324"
"CRSA1264700","Authorized to Open","Active","Cannabis Retail Store Authorization","44.0149144614185","-79.8242941497938","SESSIONS CANNABIS- TOTTENHAM","130 MILL ST E UNIT A6","TOTTENHAM","ON","L0G1W0","106594451"
"CRSA1264704","Authorized to Open","Active","Cannabis Retail Store Authorization","43.0662077","-79.1255702","Canna Cabana","7555 MONTROSE RD UNIT E3","NIAGARA FALLS","ON","L2H2E9","33121764"
"CRSA1264704","Authorized to Open","Active","Cannabis Retail Store Authorization","43.0662077","-79.1255702","Canna Cabana","7555 MONTROSE RD UNIT E3","NIAGARA FALLS","ON","L2H2E9","33121764"
"CRSA1264969","Authorized to Open","Active","Cannabis Retail Store Authorization","43.7482999934574","-79.714730018617","TOKA+","490 CHRYSLER DR SUITE 49","BRAMPTON","ON","L6S0C1","80374385"
"CRSA1265676","Authorized to Open","Active","Cannabis Retail Store Authorization","43.4244130288365","-80.5537947363005","Canna Cabana ","235 IRA NEEDLES BLVD SUITE C2","KITCHENER","ON","N2N0B2","106942259"
"CRSA1265777","Authorized to Open","Active","Cannabis Retail Store Authorization","42.1735478829387","-82.8206241980702","DISCOUNTED CANNABIS","4 TALBOT ST N ","ESSEX","ON","N8M1A4","119390937"
"CRSA1266099","Authorized to Open","Active","Cannabis Retail Store Authorization","49.417011253134","-91.6647122634105","Toke House","105 MAIN ST HWY 17 UNIT 1","IGNACE","ON","P0T1T0","123887237"
"CRSA1266139","Authorized to Open","Active","Cannabis Retail Store Authorization","43.6589499952546","-79.7213099802478","THE GREEN HEX","200 COUNTY COURT BLVD SUITE A2","BRAMPTON","ON","L6W4K7","70801037"
"CRSA1266808","Authorized to Open","Active","Cannabis Retail Store Authorization","43.2578519053609","-79.8779257424547","NEKU CANNABIS","38 HESS ST S","HAMILTON","ON","L8P3N1","133783"
"CRSA1266811","Authorized to Open","Active","Cannabis Retail Store Authorization","43.216772216227","-79.7527382694905","NEKU CANNABIS","89 KING ST E","STONEY CREEK","ON","L8G1K5","68380"
"CRSA1267924","Authorized to Open","Active","Cannabis Retail Store Authorization","46.6116798155047","-81.0074687937589","Happy Life","3045 OLD HWY 69 N UNIT 2","VAL CARON","ON","P3N1R8","87756003"
"CRSA1268158","Authorized to Open","Active","Cannabis Retail Store Authorization","46.2576403792048","-81.7644268228555","Happy Life","387 CENTRE ST","ESPANOLA","ON","P5E1E4","81016476"
"CRSA1268168","Authorized to Open","Active","Cannabis Retail Store Authorization","46.5689308746879","-81.1881496938892","HAPPY LIFE","3702 HIGHWAY 144 UNIT 2","CHELMSFORD","ON","P0M1L0","80822889"
"CRSA1268253","Authorized to Open","Active","Cannabis Retail Store Authorization","46.4933270153093","-81.0075130225194","CASA BLISS ","324 ELM ST UNIT 2","SUDBURY","ON","P3C1V8","108170449"
"CRSA1269426","Authorized to Open","Active","Cannabis Retail Store Authorization","44.21284501637","-79.5886820366553","Levicann","5417 YONGE ST UNIT 1","GILFORD","ON","L0L1R0","108365954"
"CRSA1269525","Authorized to Open","Active","Cannabis Retail Store Authorization","50.4274165632331","-88.7731214281046","Happy Time","16 KING STREET","ARMSTRONG STATION","ON","P0T 1A0","108393286"
"CRSA1269724","Authorized to Open","Active","Cannabis Retail Store Authorization","44.0010929622401","-77.1615467800895","Cannaverse","23 GEORGE WRIGHT BLVD UNIT C-1 RR1","PICTON ","ON ","K0K2T0","99963074"
"CRSA1269742","Authorized to Open","Active","Cannabis Retail Store Authorization","49.061582004844","-81.0250056012579","High Society Cannabis Co","86 SIXTH AVE","COCHRANE","ON","P0L1C0","73328932"
"CRSA1269976","Authorized to Open","Active","Cannabis Retail Store Authorization","43.9187661","-80.0983397","Altered Nation Cannabis","218 BROADWAY","ORANGEVILLE","ON","L9W1K3","31114656"
"CRSA1270687","Authorized to Open","Active","Cannabis Retail Store Authorization","44.2470101985368","-76.950718740444","The Smoke and Leaf Ltd.","8 DUNDAS ST W","NAPANEE","ON","K7R1Z4","108824356"
"CRSA1270689","Authorized to Open","Active","Cannabis Retail Store Authorization","43.5971646819251","-79.5231534072772","The Underground HC","3264 LAKE SHORE BLVD W","ETOBICOKE","ON","M8V1M4","108824754"
"CRSA1271828","Authorized to Open","Active","Cannabis Retail Store Authorization","43.7255745165635","-79.402945600172","Buzzed Buds","3080 YONGE ST UNIT E","TORONTO","ON","M4N3N1","110842081"
"CRSA1271911","Authorized to Open","Active","Cannabis Retail Store Authorization","43.7895410106469","-80.143366968326","Consumers Cannabis","92 TRAFALGAR RD","ERIN","ON","N0B1Z0","109271216"
"CRSA1272191","Authorized to Open","Active","Cannabis Retail Store Authorization","42.3208765929196","-83.0187318301847","Discounted Cannabis","1332 WYANDOTTE ST E","WINDSOR","ON","N9A3K7","109359294"
"CRSA1272841","Authorized to Open","Active","Cannabis Retail Store Authorization","43.9721300005783","-79.1308499961769","CANNABIS XPRESS","1692 CENTRAL ST UNIT 1","PICKERING","ON","L1Y1B3","83768585"
"CRSA1272841","Authorized to Open","Active","Cannabis Retail Store Authorization","43.9721300005783","-79.1308499961769","CANNABIS XPRESS","1692 CENTRAL ST UNIT 1","PICKERING","ON","L1Y1B3","83768585"
"CRSA1273480","Authorized to Open","Active","Cannabis Retail Store Authorization","43.8418300048643","-79.0840199678596","Value Buds","1450 KINGSTON RD UNIT 14","PICKERING","ON","L1V1C1","94665073"
"CRSA1273481","Authorized to Open","Active","Cannabis Retail Store Authorization","42.9606926297536","-81.2611158087313","Value Buds","450 WHARNCLIFFE RD S","LONDON","ON","N6J2M9","254492"
"CRSA1273482","Authorized to Open","Active","Cannabis Retail Store Authorization","42.306720019461","-83.0584099996176","Value Buds","1916 WYANDOTTE ST W","WINDSOR","ON","N9B1J5","72733350"
"CRSA1273588","Authorized to Open","Active","Cannabis Retail Store Authorization","45.1307660923948","-75.7159361595828","CANNABIS XPRESS","2333 CHURCH STREET, UNIT 3","NORTH GOWER","ON","K0A2T0","109877579"
"CRSA1274070","Authorized to Open","Active","Cannabis Retail Store Authorization","46.3180643116674","-78.7065276311275","BUDSSMOKE","298 MAIN ST UNIT A","MATTAWA","ON","P0H 1V0","111363463"
"CRSA1274723","Authorized to Open","Active","Cannabis Retail Store Authorization","46.2948000041278","-79.4540899616918","Happy Life","42 LAKESHORE DR","NORTH BAY","ON","P1A2A3","81017533"
"CRSA1274866","Authorized to Open","Active","Cannabis Retail Store Authorization","43.7444109999316","-79.6954891084207","Canna Cabana","9025 AIRPORT RD UNIT 2","BRAMPTON","ON","L6S0B8","110318613"
"CRSA1274898","Authorized to Open","Active","Cannabis Retail Store Authorization","45.5287174813118","-79.3203744661623","Pure Plant Cannabis","12 HWY 518 EAST UNIT C","EMSDALE","ON","P0A 1J0","124911753"
"CRSA1276051","Authorized to Open","Active","Cannabis Retail Store Authorization","43.7370299798143","-79.5663099827088","COST CANNABIS","1123 ALBION RD UNIT 3","ETOBICOKE","ON","M9V1A9","71731186"
"CRSA1276267","Authorized to Open","Active","Cannabis Retail Store Authorization","49.787290491996","-92.8277007084469","COST CANNABIS","439 GOVERNMENT ST UNIT 5","DRYDEN","ON","P8N2P4","110791690"
"CRSA1277316","Authorized to Open","Active","Cannabis Retail Store Authorization","43.5277821650346","-79.8672565012957","Tokyo Smoke Milton","890 MAIN ST E UNIT 8","MILTON","ON","L9T0J4","40719461"
"CRSA1277522","Authorized to Open","Active","Cannabis Retail Store Authorization","43.7277760613422","-79.4177855117723","One Plant","1703 AVENUE RD","NORTH YORK","ON","M5M3Y3","44653125"
"CRSA1277690","Authorized to Open","Active","Cannabis Retail Store Authorization","46.7383792888086","-84.3607440145503","SESSIONS CANNABIS GOULAIS RIVER","2771 ON-17 UNIT 1","GOULAIS RIVER","ON","P0S1E0","111768799"
"CRSA1278399","Authorized to Open","Active","Cannabis Retail Store Authorization","43.263759867592","-79.8646869579606","COST CANNABIS","32 BARTON ST E","HAMILTON","ON","L8L2V5","197554"
"CRSA1279033","Authorized to Open","Active","Cannabis Retail Store Authorization","43.174543298397","-79.786239387368","One Plant","2172 RYMAL RD E UNIT E1","HANNON","ON","L0R1P0","120627732"
"CRSA1279529","Authorized to Open","Active","Cannabis Retail Store Authorization","45.4334840157225","-76.3540080358991","GREEN VALLEY CANNABIS COMPANY","115 JOHN ST N","ARNPRIOR","ON","K7S2N5","111170098"
"CRSA1279937","Authorized to Open","Active","Cannabis Retail Store Authorization","46.2485099799226","-81.7575699751068","HIGHLIFE CANNABIS ESPANOLA","800 CENTRE ST","ESPANOLA","ON","P5E 1J1","71194909"
"CRSA1279939","Authorized to Open","Active","Cannabis Retail Store Authorization","46.5789000022127","-81.198399970866","HIGHLIFE CANNABIS CHELMSFORD","3454 ERRINGTON AVE","CHELMSFORD","ON","P0M1L0","68810294"
"CRSA1280154","Authorized to Open","Active","Cannabis Retail Store Authorization","46.5220355494839","-80.930223","HIGHLIFE CANNABIS LASALLE","1855 LASALLE BLVD","SUDBURY","ON","P3A2A3","70672"
"CRSA1281138","Authorized to Open","Active","Cannabis Retail Store Authorization","43.6670898276301","-79.3449944794564","Relm Cannabis","809 GERRARD ST E","TORONTO","ON","M4M1Y8","24224487"
"CRSA1281563","Authorized to Open","Active","Cannabis Retail Store Authorization","43.5666729107344","-80.2580945194969","The Hunny Pot Cannabis Co.","328 SPEEDVALE AVE E UNIT 10","GUELPH","ON","N1E1N5","112636623"
"CRSA1281650","Authorized to Open","Active","Cannabis Retail Store Authorization","43.1642559555974","-81.6836933209017","STELLAR BUD","249 PARKHILL MAIN ST","PARKHILL","ON","N0M2K0","253331"
"CRSA1281907","Authorized to Open","Active","Cannabis Retail Store Authorization","43.1761252149828","-79.4772640799532","Cannabis Cupboard","4506 ONTARIO ST UNIT 4","BEAMSVILLE","ON","L3J0A9","112741321"
"CRSA1282484","Authorized to Open","Active","Cannabis Retail Store Authorization","43.8748218044056","-80.3099660949362","Fratelli and Co.","173004 COUNTY RD 25","GRAND VALLEY","ON","L9W0L6","114380652"
"CRSA1283316","Authorized to Open","Active","Cannabis Retail Store Authorization","45.8421903922419","-79.3772076253673","South River Buds","19 ISABELLA STREET","SOUTH RIVER","ON","P0A 1X0","113261148"
"CRSA1283412","Authorized to Open","Active","Cannabis Retail Store Authorization","43.1744000097617","-80.2428200097023","COST CANNABIS","61 LYNDEN RD UNIT B4","BRANTFORD","ON","N3R7J9","80494757"
"CRSA1283414","Authorized to Open","Active","Cannabis Retail Store Authorization","43.2255183873817","-79.8305519110666","Queen George Cannabis","1104 FENNELL AVE E UNIT 8","HAMILTON","ON","L8T1R9","113304847"
"CRSA1285161","Authorized to Open","Active","Cannabis Retail Store Authorization","44.5462469079282","-79.1756406236326","Longbottom Leaf","2267 HIGHWAY 12","RAMARA","ON","L0K 1B0","113945017"
"CRSA1285311","Authorized to Open","Active","Cannabis Retail Store Authorization","42.9683639868015","-81.2819311680654","Cannabis Link","390 SPRINGBANK DR UNIT 10B","LONDON","ON","N6J1G9","114745219"
"CRSA1285315","Authorized to Open","Active","Cannabis Retail Store Authorization","42.2550325106154","-82.9634137837977","Discounted Cannabis","4450 WALKER RD","WINDSOR","ON","N8W3T5","114006988"
"CRSA1285431","Authorized to Open","Active","Cannabis Retail Store Authorization","43.6837652063387","-79.3235130698064","Cannabis Hut ","699 COXWELL AVE UNIT G01 & G02","TORONTO","ON","M4C3C1","115812019"
"CRSA1285841","Authorized to Open","Active","Cannabis Retail Store Authorization","43.7831234902996","-79.2038850389439","MOKSHA CANNABIS","2870 ELLESMERE RD UNIT 2852","SCARBOROUGH","ON","M1E4B8","114196171"
"CRSA1285968","Authorized to Open","Active","Cannabis Retail Store Authorization","48.3815553078342","-81.0470721689272","SESSIONS CANNABIS - SOUTH PORCUPINE","4900 ON-101 UNIT A04","SOUTH PORCUPINE","ON","P0N 1H0","116550292"
"CRSA1286511","Authorized to Open","Active","Cannabis Retail Store Authorization","43.6191600112334","-79.5583800317526","Canna Cabana","170 NORTH QUEEN ST UNIT C1","TORONTO","ON","M9C1A7","79131759"
"CRSA1287373","Authorized to Open","Active","Cannabis Retail Store Authorization","43.6825290851679","-79.4203112271709","Plug Canna6is","539 ST CLAIR AVE W","TORONTO","ON","M6C1A3","114747119"
"CRSA1288446","Authorized to Open","Active","Cannabis Retail Store Authorization","43.1983600152649","-80.0164900161403","Spiritleaf Ancaster","1090 WILSON ST W UNIT 3","ANCASTER","ON","L9G3K9","71912008"
"CRSA1288450","Authorized to Open","Active","Cannabis Retail Store Authorization","43.7982400012194","-79.2728400227022","Tokyo Smoke Chartwell","2375 BRIMLEY RD. UNIT 6","SCARBOROUGH","ON","M1S 3L6","78070625"
"CRSA1288593","Authorized to Open","Active","Cannabis Retail Store Authorization","43.5144267899517","-80.2389149648319","Reserved Cannabis Guelph","615 SCOTTSDALE DR UNIT 2","GUELPH","ON","N1G3P4","115185800"
"CRSA1288637","Authorized to Open","Active","Cannabis Retail Store Authorization","43.1433217987154","-79.239694038052","UpHi Cannabis Emporium ","198 GLENRIDGE AVE UNIT 6","ST CATHARINES","ON","L2T3J8","115580969"
"CRSA1290645","Authorized to Open","Active","Cannabis Retail Store Authorization","43.9389908052697","-78.8575074164465","Canna Cabana","1383 WILSON RD N UNIT 1","OSHAWA","ON","L1K2Z5","115863899"
"CRSA1291153","Authorized to Open","Active","Cannabis Retail Store Authorization","44.5370499903974","-78.7357499630823","Rustic Cannabis Corp.","44 COLBORNE STREET, UNIT 5","FENELON FALLS","ON","K0M 1N0","81178760"
"CRSA1291297","Authorized to Open","Active","Cannabis Retail Store Authorization","42.3060643869946","-83.0590938790976","Discounted Cannabis","2007 WYANDOTTE ST W","WINDSOR","ON","N9B1J8","116082797"
"CRSA1291387","Authorized to Open","Active","Cannabis Retail Store Authorization","42.8551544821147","-80.4982201198573","CANNABIS XPRESS","158 MAIN STREET OF DELHI","DELHI","ON","N4B2L9","116114941"
"CRSA1291899","Authorized to Open","Active","Cannabis Retail Store Authorization","43.6709261723699","-79.3881290686998","Cumberland Cannabis","20 CUMBERLAND ST","TORONTO","ON","M4W1J5","56472"
"CRSA1292317","Authorized to Open","Active","Cannabis Retail Store Authorization","43.0063013187639","-81.1719239694867","VIP Cannabis Company","1984 DUNDAS ST E UNIT A1","LONDON ","ON ","N5V1P5","119389622"
"CRSA1292732","Authorized to Open","Active","Cannabis Retail Store Authorization","49.417619979669","-82.424426983308","True North Cannabis Co.","18 CIRCLE ST","KAPUSKASING","ON","P5N1T4","116563616"
"CRSA1293689","Authorized to Open","Active","Cannabis Retail Store Authorization","44.5592300149422","-80.4468699826146","Soma Leaf Company","99 KING ST E UNIT C","THORNBURY","ON","N0H2P0","77049422"
"CRSA1293755","Authorized to Open","Active","Cannabis Retail Store Authorization","46.1396441031898","-80.4309374096016","CABANE A JOE","142 ST DAVID ST N UNIT 2","NOELVILLE","ON","P0M2N0","116937143"
"CRSA1294431","Authorized to Open","Active","Cannabis Retail Store Authorization","42.4113470001199","-82.1950319792121","Discounted Cannabis","229 ST CLAIR ST","CHATHAM","ON","N7L3J4","118873773"
"CRSA1295251","Authorized to Open","Active","Cannabis Retail Store Authorization","43.1784904204209","-80.2792644408901","Cannabis Cupboard","264 KING GEORGE RD UNIT D","BRANTFORD","ON","N3R5L5","117476650"
"CRSA1295800","Authorized to Open","Active","Cannabis Retail Store Authorization","46.221495902269","-79.364373339044","Cannabis Jacks","30 BAY ST UNIT C","CALLANDER","ON","P0H1H0","117724042"
"CRSA1297381","Authorized to Open","Active","Cannabis Retail Store Authorization","43.987833202811","-79.466907316571","Tokyo Smoke Aurora","14800 YONGE ST UNIT 114","AURORA","ON","L4G1N3","118348311"
"CRSA1297444","Authorized to Open","Active","Cannabis Retail Store Authorization","49.139466887396","-93.92514262678","Cannabis North","1624D HWY 71","NESTOR FALLS","ON","P0X 1K0","123042789"
"CRSA1297573","Authorized to Open","Active","Cannabis Retail Store Authorization","42.293250510606","-82.705046563738","Discounted Cannabis","473 NOTRE DAME ST UNIT 3","BELLE RIVER","ON","N0R1A0","118925712"
"CRSA1298360","Authorized to Open","Active","Cannabis Retail Store Authorization","43.7502023957694","-79.5420336914219","WOW World of Weed","3412 WESTON ROAD","TORONTO","ON","M9M2W2","66048723"
"CRSA1298598","Authorized to Open","Active","Cannabis Retail Store Authorization","44.0251566022752","-79.447599770244","The Woods Cannabis ","16015 BAYVIEW AVE UNIT B2","AURORA","ON","L4G3L4","119309385"
"CRSA1298993","Authorized to Open","Active","Cannabis Retail Store Authorization","43.7363921507298","-79.4388593967626","Budbar Express","380 WILSON AVE","NORTH YORK","ON","M3H1S9","225120"
"CRSA1299396","Authorized to Open","Active","Cannabis Retail Store Authorization","43.4068078051353","-80.3940618133145","True North Cannabis Co. ","4396 KING ST E UNIT 1","KITCHENER","ON","N2P2G4","119697624"
"CRSA1299457","Authorized to Open","Active","Cannabis Retail Store Authorization","44.4305559827157","-79.1550301942765","Beaverton cannabis ","280 MARA ROAD","BEAVERTON","ON","L0K 1A0","119087592"
"CRSA1299458","Authorized to Open","Active","Cannabis Retail Store Authorization","42.255978995122","-83.0043184771223","URBNBUD","3838 MCGREGOR BLVD","WINDSOR","ON","N9G1X1","119088085"
"CRSA1299674","Authorized to Open","Active","Cannabis Retail Store Authorization","44.075509712135","-77.594141623748","Lucky Plus Cannabis","22530 LOYALIST PKY UNIT 2 ","TRENTON","ON","K8V5P7","187125132"
"CRSA1299743","Authorized to Open","Active","Cannabis Retail Store Authorization","43.34396599482","-80.3321349715498","VIP Cannabis Company","304 ST ANDREWS ST SUITE 10","CAMBRIDGE","ON","N1S1P3","119195249"
"CRSA1299784","Authorized to Open","Active","Cannabis Retail Store Authorization","44.6036447380053","-75.7007132929719","Sessions Cannabis Brockville","2441 PARKEDALE AVE UNIT C","BROCKVILLE","ON","K6V3G9","67937293"
"CRSA1299785","Authorized to Open","Active","Cannabis Retail Store Authorization","45.4125300121552","-75.7037699947617","SESSIONS CANNABIS - OTTAWA","603 SOMERSET ST W","OTTAWA","ON","K1R5K1","75359624"
"CRSA1300059","Authorized to Open","Active","Cannabis Retail Store Authorization","43.2290716856853","-79.7696646767527","Silverleaf Cannabis","736A QUEENSTON RD","HAMILTON","ON","L8G1A4","119303885"
"CRSA1300312","Authorized to Open","Active","Cannabis Retail Store Authorization","43.0006999862383","-81.2769000145033","Cannabis Link Express","1149 WESTERN RD UNIT 2","LONDON","ON","N6G1G6","94582674"
"CRSA1300497","Authorized to Open","Active","Cannabis Retail Store Authorization","43.5645486919944","-80.2765459312477","Purenorth Cannabis Co.","783 WOOLWICH ST","GUELPH","ON","N1H3Z2","119606088"
"CRSA1302187","Authorized to Open","Active","Cannabis Retail Store Authorization","45.1621190203177","-75.4622629729389","Olympia Cannabis Vernon O/C Vernon","8717 BANK ST UNIT 1","VERNON ","ON","K0A3J0","121867013"
"CRSA1302513","Authorized to Open","Active","Cannabis Retail Store Authorization","45.0275030569302","-74.7532874041951","ONE PLANT","1232 BROOKDALE AVE UNIT B","CORNWALL","ON","K6J4P8","120238563"
"CRSA1302895","Authorized to Open","Active","Cannabis Retail Store Authorization","43.5214362822107","-80.2687522770226","True North Cannabis Co.","715 WELLINGTON ST W SUITE A6","GUELPH","ON","N1H8L8","120369296"
"CRSA1303086","Authorized to Open","Active","Cannabis Retail Store Authorization","43.2278596661285","-79.8381367041806","Tokyo Smoke Fennell","967 FENNELL AVE E UNIT 4","HAMILTON","ON","L8T1R1","87284472"
"CRSA1303297","Authorized to Open","Active","Cannabis Retail Store Authorization","42.3051899868553","-82.9808100047432","Greentown Cannabis Discount Hut","3580 TECUMSEH RD E UNIT 4","WINDSOR","ON","N8W0A5","79129583"
"CRSA1303742","Authorized to Open","Active","Cannabis Retail Store Authorization","43.9721571657335","-79.2432861848634","Princess Buds","6380 MAIN ST UNIT 9","STOUFFVILLE","ON","L4A1G3","100995"
"CRSA1304280","Authorized to Open","Active","Cannabis Retail Store Authorization","43.5087400039233","-80.1962799952348","J. Supply Co. Guelph","1515 GORDON ST UNIT 106","GUELPH","ON","N1L1C9","70178140"
"CRSA1304398","Authorized to Open","Active","Cannabis Retail Store Authorization","49.6887100067403","-83.6588099988451","Evergreen Leaf","631 FRONT STREET UNIT#01","HEARST","ON","P0L1N0","80794465"
"CRSA1304892","Authorized to Open","Active","Cannabis Retail Store Authorization","43.703580905545","-79.526108279604","BUDSIDE","2191 WESTON RD","YORK","ON","M9N1X9","121055483"
"CRSA1305188","Authorized to Open","Active","Cannabis Retail Store Authorization","44.574460519745","-80.905353380789","Buds 4 Less Cannabis Company","2125 16TH ST E UNIT H3","OWEN SOUND","ON","N4K0E2","121139865"
"CRSA1305473","Authorized to Open","Active","Cannabis Retail Store Authorization","43.703102717969","-79.524545892852","Spot420 The Cannabis store","2147 WESTON RD","YORK","ON","M9N1X8","121236603"
"CRSA1305506","Authorized to Open","Active","Cannabis Retail Store Authorization","43.788957881643","-79.139643115522","HOLLAND DAZE","275 PORT UNION RD UNIT 8","SCARBOROUGH","ON","M1C2L3","121245201"
"CRSA1306483","Authorized to Open","Active","Cannabis Retail Store Authorization","43.0280298493561","-81.2780194528534","One Plant","94 FANSHAWE PARK RD E UNIT 6","LONDON","ON","N5X4C5","64510317"
"CRSA1306520","Authorized to Open","Active","Cannabis Retail Store Authorization","42.9380084696173","-81.2811282802532","One Plant","3030 WONDERLAND RD S","LONDON","ON","N6L1A6","137130"
"CRSA1306556","Authorized to Open","Active","Cannabis Retail Store Authorization","42.7788963830059","-81.1800689001377","One Plant","945 TALBOT ST","ST THOMAS","ON","N5P1E8","44339744"
"CRSA1306564","Authorized to Open","Active","Cannabis Retail Store Authorization","42.3134587648742","-82.9357747554678","One Plant","7555 TECUMSEH RD E","WINDSOR","ON","N8T1G2","44356258"
"CRSA1306602","Authorized to Open","Active","Cannabis Retail Store Authorization","43.6822261906918","-79.3289938456921","NORTHERN HELM CANNABIS","1338 DANFORTH AVE","TORONTO","ON","M4J1M9","64630152"
"CRSA1307416","Authorized to Open","Active","Cannabis Retail Store Authorization","42.0963653047087","-83.1071391995564","Discounted Cannabis","421 SANDWICH ST S UNIT 5 ","AMHERSTBURG","ON ","N9V3K8","122674190"
"CRSA1307956","Authorized to Open","Active","Cannabis Retail Store Authorization","43.644765867592","-79.5230563478852","MA CANNABIS","3373 BLOOR ST W","ETOBICOKE","ON","M8X1G2","117262"
"CRSA1308174","Authorized to Open","Active","Cannabis Retail Store Authorization","46.2249978758278","-79.3632274228475","BUDSSMOKE","211 KING ST UNIT 2","THORNE","ON","P0H2J0","122406113"
"CRSA1308195","Authorized to Open","Active","Cannabis Retail Store Authorization","42.7784324915979","-81.1776296147973","Canna Cabana","1010 TALBOT ST UNIT 32","ST THOMAS","ON","N5P4N2","122179256"
"CRSA1308421","Authorized to Open","Active","Cannabis Retail Store Authorization","45.3915371165571","-75.6813783271617","Creekside Greens","1192 BANK ST","OTTAWA","ON","K1S3Y1","122407133"
"CRSA1308961","Authorized to Open","Active","Cannabis Retail Store Authorization","44.626730989957","-75.950895322464","Village Bud","26 MAIN ST E","ATHENS","ON","K0E1B0","122487327"
"CRSA1309842","Authorized to Open","Active","Cannabis Retail Store Authorization","43.2167499946508","-79.8657799604655","Bestbudz","1024 UPPER WENTWORTH ST UNIT 7","HAMILTON","ON","L9A4V9","80274842"
"CRSA1310864","Authorized to Open","Active","Cannabis Retail Store Authorization","43.3910238013561","-80.3233070673064","One Plant","350 HESPELER RD BLDG B UNIT 8","CAMBRIDGE","ON","N1R7N7","123294339"
"CRSA1312403","Authorized to Open","Active","Cannabis Retail Store Authorization","44.0072800144587","-79.4688000341266","CannaEra","15543 YONGE ST UNIT 1","AURORA","ON","L4G1P3","71924751"
"CRSA1312439","Authorized to Open","Active","Cannabis Retail Store Authorization","43.188796138013","-79.771235780684","AFFX CANNABIS","263 UPPER CENTENNIAL PKY UNIT 3","HAMILTON","ON","L8J2V7","136180814"
"CRSA1312475","Authorized to Open","Active","Cannabis Retail Store Authorization","42.3139059926914","-83.0013661193668","One Plant","1320 WALKER RD UNIT 4","WINDSOR","ON","N8Y4T9","123593161"
"CRSA1312543","Authorized to Open","Active","Cannabis Retail Store Authorization","44.2780926005347","-78.3633934698829","Runway Pot","1524 LANSDOWNE ST W UNIT 1A","PETERBOROUGH","ON","K9J2A2","123613908"
"CRSA1313108","Authorized to Open","Active","Cannabis Retail Store Authorization","42.0947462143818","-82.4633521225598","The Higher Cannabis Company","12 TALBOT RD W","WHEATLEY","ON","N0P2P0","123812448"
"CRSA1314626","Authorized to Open","Active","Cannabis Retail Store Authorization","42.0371350050145","-82.6005190343598","Discounted Cannabis","282 ERIE ST S UNIT A","LEAMINGTON","ON","N8H3C5","125012766"
"CRSA1315065","Authorized to Open","Active","Cannabis Retail Store Authorization","43.3130700063487","-81.7583100133381","Uptown Herb","19 MAIN ST W","GRAND BEND","ON","N0M1T0","76319757"
"CRSA1315961","Authorized to Open","Active","Cannabis Retail Store Authorization","43.5797721071075","-79.6149810960586","Cannabis Place","2555 HURONTARIO ST","MISSISSAUGA","ON","L5A2G4","124731208"
"CRSA1316523","Authorized to Open","Active","Cannabis Retail Store Authorization","43.5125924942608","-79.6491923367834","Flowertown Cannabis","2425 TRUSCOTT DR SUITE 6","MISSISSAUGA","ON","L5J2B4","124903908"
"CRSA1316979","Authorized to Open","Active","Cannabis Retail Store Authorization","43.5200504183397","-79.6861241756408","The Woods Cannabis","3145 DUNDAS ST W UNIT 11A","MISSISSAUGA","ON","L5L5V8","125299106"
"CRSA1317217","Authorized to Open","Active","Cannabis Retail Store Authorization","43.5914351901","-79.5763464735711","Purple Tree Cannabis","1077 NORTH SERVICE RD UNIT 12","MISSISSAUGA","ON","L4Y1A6","125122443"
"CRSA1318475","Authorized to Open","Active","Cannabis Retail Store Authorization","43.7051829806088","-79.3976897277858","The Hunny Pot Cannabis Co","2173 YONGE ST","TORONTO","ON","M4S2A9","125532947"
"CRSA1318602","Authorized to Open","Active","Cannabis Retail Store Authorization","43.6365215310997","-79.59665540587","Canna Cabana","1891 RATHBURN RD E UNIT 7B","MISSISSAUGA","ON","L4W3Z3","125577552"
"CRSA1319563","Authorized to Open","Active","Cannabis Retail Store Authorization","43.5875687858032","-79.6258438749359","CROWN LEAF","3355 HURONTARIO ST SUITE 6A","MISSISSAUGA","ON","L5A4E7","125898882"
"CRSA1319592","Authorized to Open","Active","Cannabis Retail Store Authorization","43.5369936812376","-79.7248410245985","MOONWLKR CANNABIS","3515 ODYSSEY DR SUITE 57","MISSISSAUGA","ON","L5M2S4","125905523"
"CRSA1319921","Authorized to Open","Active","Cannabis Retail Store Authorization","43.6166002199131","-79.6174720300443","Canna Cabana","925 RATHBURN RD E UNIT B4A","MISSISSAUGA","ON","L4W4C3","126021670"
"CRSA1320011","Authorized to Open","Active","Cannabis Retail Store Authorization","43.5187534864614","-79.6392736954797","Buzzed Buds","1375 SOUTHDOWN RD UNIT 6","MISSISSAUGA","ON","L5J2Z1","126442155"
"CRSA1320136","Authorized to Open","Active","Cannabis Retail Store Authorization","42.2601577091311","-82.9673417950828","The We Store","4118 WALKER RD","WINDSOR","ON","N8W3T5","126094359"
"CRSA1320551","Authorized to Open","Active","Cannabis Retail Store Authorization","43.7042694505161","-79.6076008169543","416CANNABIS","419 ATTWELL DR","ETOBICOKE","ON","M9W5C4","24211550"
"CRSA1321520","Authorized to Open","Active","Cannabis Retail Store Authorization","42.9054057782393","-78.9309987540342","PARADISE CANNABIS","427 GARRISON RD UNIT 101","FORT ERIE","ON","L2A1N2","66813167"
"CRSA1321523","Authorized to Open","Active","Cannabis Retail Store Authorization","43.1143500018466","-79.1124999984691","PARADISE CANNABIS","4025 DORCHESTER RD UNIT A3","NIAGARA FALLS","ON","L2E6N1","76579228"
"CRSA1321707","Authorized to Open","Active","Cannabis Retail Store Authorization","43.7436561251946","-79.2170275644006","HOLLAND DAZE","3226 EGLINTON AVE E","SCARBOROUGH","ON","M1J2H6","24189316"
"CRSA1322130","Authorized to Open","Active","Cannabis Retail Store Authorization","45.2993570200127","-75.8865773724683","Canna Cabana","457 HAZELDEAN RD UNIT 5","KANATA","ON","K2L1V1","126754818"
"CRSA1322282","Authorized to Open","Active","Cannabis Retail Store Authorization","42.992352","-79.2526990803566","Paradise Cannabis","37 NIAGARA ST","WELLAND","ON","L3C1H8","66096658"
"CRSA1324444","Authorized to Open","Active","Cannabis Retail Store Authorization","45.5894112193908","-74.5890437600152","One Plant","454 COUNTY RD 17 SUITE 140","HAWKESBURY","ON","K6A2R2","127563302"
"CRSA1325419","Authorized to Open","Active","Cannabis Retail Store Authorization","42.8993300036059","-79.253040039564","PARADISE CANNABIS","230 MAIN ST W UNIT C","PORT COLBORNE","ON","L3K3V5","70025940"
"CRSA1327344","Authorized to Open","Active","Cannabis Retail Store Authorization","43.6086528765078","-79.5836188642232","True North Cannabis Co.","1370 DUNDAS ST E SUITE 7","MISSISSAUGA","ON","L4Y4G4","128644382"
"CRSA1327381","Authorized to Open","Active","Cannabis Retail Store Authorization","43.5222199901576","-80.2140200418485","True North Cannabis Co. ","951 GORDON ST UNIT 8B","GUELPH","ON","N1G4S1","71172475"
"CRSA1328063","Authorized to Open","Active","Cannabis Retail Store Authorization","43.5282912121752","-79.6738006824971","WE'D Cannabis","2400 DUNDAS ST W UNIT 14","MISSISSAUGA","ON","L5K2R8","129747998"
"CRSA1328103","Authorized to Open","Active","Cannabis Retail Store Authorization","43.8971647266144","-78.8634902241329","Kapn Chronic","12 SIMCOE ST S","OSHAWA","ON","L1H4G2","65710347"
"CRSA1328510","Authorized to Open","Active","Cannabis Retail Store Authorization","43.5700322937081","-79.6025353109476","Canna Cabana","2090 HURONTARIO ST UNIT 4","MISSISSAUGA","ON","L5B1M8","129054202"
"CRSA1328930","Authorized to Open","Active","Cannabis Retail Store Authorization","45.2848071163915","-75.7561654391494","Purple Meadow Cannabis","900 GREENBANK RD UNIT J","NEPEAN","ON","K2J1S8","129637266"
"CRSA1329121","Authorized to Open","Active","Cannabis Retail Store Authorization","43.7077900039534","-79.3434400387776","Cannabis Camel","62-66 OVERLEA BLVD UNIT 11","TORONTO","ON","M4H 1C4","75835028"
"CRSA1329167","Authorized to Open","Active","Cannabis Retail Store Authorization","43.4764503983205","-80.5299976749951","Kroniclez","62 BALSAM ST UNIT B104","WATERLOO","ON","N2L3H2","99244502"
"CRSA1329237","Authorized to Open","Active","Cannabis Retail Store Authorization","42.9626616104332","-80.0517286267372","The Underground","11 MAIN STREET NORTH UNIT 9","HAGERSVILLE","ON","N0A 1H0","129323143"
"CRSA1329358","Authorized to Open","Active","Cannabis Retail Store Authorization","44.1485450063593","-79.8792267962728","Buds4Less","23 YOUNG ST","ALLISTON","ON","L9R1B5","129370799"
"CRSA1329400","Authorized to Open","Active","Cannabis Retail Store Authorization","43.1326696151554","-80.2596522962021","6420 CANNABIS","64 ERIE AVE","BRANTFORD","ON","N3S2E8","127250425"
"CRSA1330242","Authorized to Open","Active","Cannabis Retail Store Authorization","45.3513069568535","-75.6705004110494","Highties Cannabis Store","3320 MCCARTHY RD UNIT 2006","OTTAWA","ON","K1V0X3","44282891"
"CRSA1330475","Authorized to Open","Active","Cannabis Retail Store Authorization","48.4452070195438","-89.2468700321609","SESSIONS CANNABIS - THUNDER BAY","820 RED RIVER RD UNIT C","THUNDER BAY","ON","P7B1K2","129747705"
"CRSA1331166","Authorized to Open","Active","Cannabis Retail Store Authorization","43.2155156741377","-79.6335812683741","One Plant","1370 S SERVICE RD, BUILDING A UNIT 3 WINONA CROSSING SHOPPING CENTRE","STONEY CREEK","ON","L8E5C5","49155504"
"CRSA1331167","Authorized to Open","Active","Cannabis Retail Store Authorization","45.533827026372","-75.3054052522938","ONE PLANT","3000 RICHELIEU ST UNIT 3","ROCKLAND","ON","K4K0B5","44085427"
"CRSA1331184","Authorized to Open","Active","Cannabis Retail Store Authorization","43.662653874449","-79.592929146994","Potherb Cannabis","2800 SKYMARK AVE UNIT 12","MISSISSAUGA","ON","L4W5A6","130033865"
"CRSA1332086","Authorized to Open","Active","Cannabis Retail Store Authorization","43.61387878359","-79.611331699235","The Hunny Pot Cannabis Co.","980 BURNHAMTHORPE RD E","MISSISSAUGA","ON","L4Y2X6","130375457"
"CRSA1332168","Authorized to Open","Active","Cannabis Retail Store Authorization","43.607064212489","-79.69028126434","Canna Cabana","5700 MAVIS RD UNIT 5","MISSISSAUGA","ON","L5V2N6","130407538"
"CRSA1332440","Authorized to Open","Active","Cannabis Retail Store Authorization","45.058561319047","-74.686824527889","Moonlight Cannabis","6227 BOUNDARY RD UNIT 1","CORNWALL","ON","K6H5R5","170670034"
"CRSA1332768","Authorized to Open","Active","Cannabis Retail Store Authorization","42.978809891724","-81.203214703688","HOLY CANNABIS","785 HAMILTON RD","LONDON","ON","N5Z1V1","130721317"
"CRSA1332829","Authorized to Open","Active","Cannabis Retail Store Authorization","46.5126206252815","-84.2948905306425","Cannabis Jacks","149 TRUNK RD","SAULT STE. MARIE","ON","P6A3S5","24128322"
"CRSA1333445","Authorized to Open","Active","Cannabis Retail Store Authorization","43.7549112273355","-79.4416039776674","Havok Smoke Cannabis & Accessories","650 SHEPPARD AVE W","NORTH YORK","ON","M3H2S5","64491500"
"CRSA1333598","Authorized to Open","Active","Cannabis Retail Store Authorization","43.554270405765","-79.5839733851058","Cannabis Hut ","6 HELENE ST N","MISSISSAUGA","ON","L5G3B2","64616588"
"CRSA1334271","Authorized to Open","Active","Cannabis Retail Store Authorization","42.328822301854","-82.965868424143","Discounted Cannabis","5929 WYANDOTTE ST E","WINDSOR","ON","N8S1M9","132558031"
"CRSA1334272","Authorized to Open","Active","Cannabis Retail Store Authorization","42.31178088687","-82.872359912317","Discounted Cannabis","13139 TECUMSEH RD E","TECUMSEH","ON","N8N3T4","131333995"
"CRSA1334338","Authorized to Open","Active","Cannabis Retail Store Authorization","43.096520017412","-82.003097963521","Rose Gold Cannabis","50 KING ST W SUITE 1","FOREST","ON","N0N1J0","131370887"
"CRSA1334633","Authorized to Open","Active","Cannabis Retail Store Authorization","43.4705399831154","-80.5136600046017","Tokyo Smoke Cannabis","94 BRIDGEPORT RD E SUITE 135","WATERLOO","ON","N2J2J9","77555790"
"CRSA1334756","Authorized to Open","Active","Cannabis Retail Store Authorization","45.018392011997","-74.714397971851","The Oz Store","135 MONTREAL RD","CORNWALL","ON","K6H1B2","131531018"
"CRSA1335059","Authorized to Open","Active","Cannabis Retail Store Authorization","49.723196509165","-86.948658966901","High Society Cannabis Co.","403 MAIN ST","GERALDTON","ON","P0T 1M0","131669752"
"CRSA1335373","Authorized to Open","Active","Cannabis Retail Store Authorization","43.592235703763","-79.666538936862","The Woods Cannabis","660 EGLINTON AVE W UNIT 7","MISSISSAUGA","ON","L5R3V2","131770568"
"CRSA1337334","Authorized to Open","Active","Cannabis Retail Store Authorization","45.4675607202091","-75.5325619906805","GreenBank Cannabis Ltd.","2208 ST. JOSEPH BLVD UNIT 111","ORLEANS","ON","K1C1E8","98420"
"CRSA1338064","Authorized to Open","Active","Cannabis Retail Store Authorization","43.787968188426","-79.381213839809","Fogtown Flower","640 FINCH AVE E","NORTH YORK","ON","M2K2E6","132896788"
"CRSA1338464","Authorized to Open","Active","Cannabis Retail Store Authorization","44.788191087911","-75.382374467041","Shinybud Cannabis Co. Cardinal","623 COUNTY ROAD 2 UNIT F","CARDINAL","ON","K0E1E0","133039889"
"CRSA1338555","Authorized to Open","Active","Cannabis Retail Store Authorization","42.85363911784","-80.493367165557","Highlife Delhi","289 JAMES ST UNIT 2","DELHI","ON","N4B2B3","136846950"
"CRSA1339833","Authorized to Open","Active","Cannabis Retail Store Authorization","43.366812003482","-79.734140159438","Buds House","5291 LAKESHORE RD UNIT 3","BURLINGTON","ON","L7L1C7","133791717"
"CRSA1341093","Authorized to Open","Active","Cannabis Retail Store Authorization","43.577617413168","-79.614178864106","The Hunny Pot Cannabis Co.","2500 HURONTARIO ST UNIT 14","MISSISSAUGA","ON","L5B1N4","134039517"
"CRSA1341127","Authorized to Open","Active","Cannabis Retail Store Authorization","43.537240109191","-79.687942461897","The Hunny Pot Cannabis Co.","3476 GLEN ERIN DR UNIT 7","MISSISSAUGA","ON","L5L3R4","134051586"
"CRSA1341881","Authorized to Open","Active","Cannabis Retail Store Authorization","44.592484293781","-75.688866216544","PARADISE CANNABIS","68 WILLIAM ST UNIT 101","BROCKVILLE","ON","K6V4V5","134339240"
"CRSA1342201","Authorized to Open","Active","Cannabis Retail Store Authorization","45.3000929533538","-74.6275814871116","ALEXANDRIA'S JOINT","431 MAIN ST S UNIT F","ALEXANDRIA","ON","K0C1A0","71349635"
"CRSA1342202","Authorized to Open","Active","Cannabis Retail Store Authorization","45.4659192847253","-75.5420079989321","ORLEANS'S JOINT","5959 JEANNE D'ARC BLVD S","ORLEANS","ON","K1C2N1","224786"
"CRSA1342290","Authorized to Open","Active","Cannabis Retail Store Authorization","44.44815399798","-81.38017503609","Moonfire Cannabis","1110 GODERICH ST UNIT C2","PORT ELGIN","ON","N0H2C3","139971157"
"CRSA1342650","Authorized to Open","Active","Cannabis Retail Store Authorization","43.7706979","-79.5414642","Northern Fire Cannabis","4801 STEELES AVE W SUITE 7","NORTH YORK","ON","M9L2W1","33528240"
"CRSA1343335","Authorized to Open","Active","Cannabis Retail Store Authorization","45.247454166999","-78.893386379705","Groovy's Dorset","1059 MAIN STREET UNIT 1","DORSET","ON","P0A1E0","134951911"
"CRSA1343636","Authorized to Open","Active","Cannabis Retail Store Authorization","44.314341691469","-79.200403783098","FOREST PLANT","254 PEFFERLAW RD","PEFFERLAW","ON","L0E1N0","135075144"
"CRSA1344076","Authorized to Open","Active","Cannabis Retail Store Authorization","42.603951693794","-81.606671326611","Weed B Blaz'n","225 GRAHAM ST","WEST LORNE","ON","N0L2P0","135256583"
"CRSA1344558","Authorized to Open","Active","Cannabis Retail Store Authorization","44.189872985794","-79.70285696895","HIGH DEMAND CANNABIS","12 QUEEN ST UNIT 2","COOKSTOWN","ON","L0L1L0","147906000"
"CRSA1344672","Authorized to Open","Active","Cannabis Retail Store Authorization","43.839618984535","-79.035849002672","The Peace Pipe","465 BAYLY ST W UNIT 1","AJAX","ON","L1S6M7","135569155"
"CRSA1345024","Authorized to Open","Active","Cannabis Retail Store Authorization","42.2283702528978","-82.9640793371026","COST CANNABIS","5580 WALKER RD UNIT 2 RR 1","OLDCASTLE","ON","N0R1L0","75486734"
"CRSA1345159","Authorized to Open","Active","Cannabis Retail Store Authorization","42.3930166466618","-82.1727576436607","PLUTO PLANTS","598 QUEEN ST","CHATHAM","ON","N7M2J8","64520146"
"CRSA1345160","Authorized to Open","Active","Cannabis Retail Store Authorization","43.6266600124662","-79.4771100205728","PLUTO PLANTS","62 MARINE PARADE DR UNIT 4","ETOBICOKE","ON","M8V0B7","79281909"
"CRSA1345501","Authorized to Open","Active","Cannabis Retail Store Authorization","43.62583728676","-79.6045235822","Canna Cabana","4141 DIXIE RD UNIT PH2-2","MISSISSAUGA","ON","L4W1V5","135969222"
"CRSA1346104","Authorized to Open","Active","Cannabis Retail Store Authorization","44.0004700114953","-79.4655600094542","HAVOK SMOKE CANNABIS & ACCESSORIES","38 WELLINGTON ST E SUITE 1","AURORA","ON","L4G1H5","78100855"
"CRSA1346411","Authorized to Open","Active","Cannabis Retail Store Authorization","43.694780132408","-79.4545249550464","Eagle I Cannabis","1982 EGLINTON AVE W","YORK","ON","M6E2J9","44375607"
"CRSA1346910","Authorized to Open","Active","Cannabis Retail Store Authorization","43.7580799142635","-79.2359407894481","GREENLINE CANNABIS","3300 LAWRENCE AVE E SUITE 4","SCARBOROUGH","ON","M1H1A6","103083884"
"CRSA1347395","Authorized to Open","Active","Cannabis Retail Store Authorization","43.4672314263085","-80.5229645109929","The Cannabist Shop - King N","71 KING ST N UNIT A","WATERLOO","ON","N2J2X2","65927880"
"CRSA1347970","Authorized to Open","Active","Cannabis Retail Store Authorization","42.603944485357","-81.607560981814","West Lorne Leaf","234 GRAHAM ROAD","WEST LORNE","ON","N0L 2P0","136738949"
"CRSA1347978","Authorized to Open","Active","Cannabis Retail Store Authorization","43.6057851090371","-79.654072557938","Hibuzz Cannabis","30 EGLINTON AVE W UNIT 17","MISSISSAUGA","ON","L5R3E7","269544"
"CRSA1348093","Authorized to Open","Active","Cannabis Retail Store Authorization","43.227478579258","-79.882917096784","NEKU CANNABIS","858 UPPER JAMES ST UNIT 1","HAMILTON","ON","L9C3A4","136786360"
"CRSA1348520","Authorized to Open","Active","Cannabis Retail Store Authorization","45.62621389312","-76.877127223125","A High Class Joint","10 PEMBROKE STREET","COBDEN","ON","K0J1K0","136927665"
"CRSA1349934","Authorized to Open","Active","Cannabis Retail Store Authorization","43.583854010135","-79.777801073984","Pop's Cannabis Co.","3221 DERRY RD W UNIT 10","MISSISSAUGA","ON","L5N7L7","137487737"
"CRSA1350194","Authorized to Open","Active","Cannabis Retail Store Authorization","43.1584214201","-79.243763535863","Garden City Cannabis Co.","229 ST. PAUL ST","ST CATHARINES","ON","L2R3M6","137592665"
"CRSA1350601","Authorized to Open","Active","Cannabis Retail Store Authorization","43.539326783986","-79.662464912824","WOW WORLD OF WEED INC ","1900 DUNDAS ST W UNIT B29A","MISSISSAUGA","ON","L5K1P9","137812414"
"CRSA1350626","Authorized to Open","Active","Cannabis Retail Store Authorization","43.551886688709","-79.72056440996","FIKA Local Cannabis","2955 HAZELTON PL UNIT 29","MISSISSAUGA","ON","L5M6J3","138146722"
"CRSA1351454","Authorized to Open","Active","Cannabis Retail Store Authorization","43.552394003399","-79.716421067583","Canna Cabana","2901 EGLINTON AVE W UNIT 6","MISSISSAUGA","ON","L5M6J3","142554284"
"CRSA1351705","Authorized to Open","Active","Cannabis Retail Store Authorization","43.665186382674","-79.384288740989","Canna Cabana","8 WELLESLEY ST E SUITE 103","TORONTO","ON","M4Y3B2","138200034"
"CRSA1352186","Authorized to Open","Active","Cannabis Retail Store Authorization","42.9929999927957","-81.2628999730865","Holy Cannabis","25 OXFORD ST W UNIT 109","LONDON","ON","N6H1R2","68604229"
"CRSA1352301","Authorized to Open","Active","Cannabis Retail Store Authorization","43.599009580723","-79.611896974785","Silverleaf Cannabis","628-630 BLOOR ST","MISSISSAUGA","ON","L5A3V9","138395226"
"CRSA1352357","Authorized to Open","Active","Cannabis Retail Store Authorization","46.101128000813","-77.488661993988","BUDSSMOKE","27 CHAMPLAIN ST.","DEEP RIVER","ON","K0J 1P0","138404935"
"CRSA1352403","Authorized to Open","Active","Cannabis Retail Store Authorization","42.662580382387","-81.502079424216","Yolo Cannabis","168 CURRIE RD","DUTTON","ON","N0L1J0","138431514"
"CRSA1353242","Authorized to Open","Active","Cannabis Retail Store Authorization","46.37926414906","-79.574166340555","Kana Leaf Express","20 JOCKO POINT RD","NORTH BAY","ON","P1B8G5","138769791"
"CRSA1353607","Authorized to Open","Active","Cannabis Retail Store Authorization","43.9614973494581","-81.516775255434","Budzrus Lucknow","638 CAMPBELL ST","LUCKNOW","ON","N0G2H0","24237235"
"CRSA1353931","Authorized to Open","Active","Cannabis Retail Store Authorization","45.3504999891624","-75.7592700122666","ONE PLANT","1363 WOODROFFE AVE SUITE D","NEPEAN","ON","K2G1V7","72244477"
"CRSA1354298","Authorized to Open","Active","Cannabis Retail Store Authorization","48.718256987034","-86.377008979384","COST CANNABIS","20 PENINSULA RD UNIT 7","MARATHON","ON","P0T2E0","139230917"
"CRSA1354768","Authorized to Open","Active","Cannabis Retail Store Authorization","43.557197504471","-79.700875822315","Spot420 The Cannabis Store","2180 CREDIT VALLEY RD UNIT 102","MISSISSAUGA","ON","L5M3C9","139365237"
"CRSA1354821","Authorized to Open","Active","Cannabis Retail Store Authorization","43.712436009065","-79.556848490404","The Hunny Pot Cannabis Co.","145 SILVER REIGN DR","TORONTO","ON","M9W3W4","139746763"
"CRSA1354824","Authorized to Open","Active","Cannabis Retail Store Authorization","44.9093261776631","-76.2652031188784","One Plant","80 DUFFERIN ST UNIT 100","PERTH","ON","K7H3A7","70743427"
"CRSA1355016","Authorized to Open","Active","Cannabis Retail Store Authorization","45.4218806957","-76.368594559081","One Plant","39 WINNER'S CIRCLE DR UNIT 9","ARNPRIOR","ON","K7S3G9","139748682"
"CRSA1355348","Authorized to Open","Active","Cannabis Retail Store Authorization","43.8308153811238","-79.016372097986","One Plant","955 WESTNEY RD S, UNIT 4-II","AJAX","ON","L1S3K7","65752651"
"CRSA1356237","Authorized to Open","Active","Cannabis Retail Store Authorization","44.708772597233","-75.516094991712","DREAM CANNABIS","290 KING ST W UNIT A","PRESCOTT","ON","K0E1T0","140952374"
"CRSA1356721","Authorized to Open","Active","Cannabis Retail Store Authorization","43.59895099122","-79.594285003652","COST CANNABIS","918 DUNDAS ST E UNIT B","MISSISSAUGA","ON","L4Y4H9","140076989"
"CRSA1357046","Authorized to Open","Active","Cannabis Retail Store Authorization","43.9019039433896","-80.1189367321829","PARAMOUNT CANNABIS CO.","215-245 CENTENNIAL ROAD G-C","ORANGEVILLE","ON","L9W 5L1","64513495"
"CRSA1357111","Authorized to Open","Active","Cannabis Retail Store Authorization","43.233639110454","-79.909818898844","Queen George Cannabis","640 MOHAWK RD W UNIT 29C","HAMILTON","ON","L9C1X6","140173815"
"CRSA1357988","Authorized to Open","Active","Cannabis Retail Store Authorization","42.773359889525","-80.981626771848","COST CANNABIS","71 TALBOT ST E","AYLMER","ON","N5H1H3","140790646"
"CRSA1359666","Authorized to Open","Active","Cannabis Retail Store Authorization","43.544942910571","-79.676808025537","Sacred Grass ","3405 SOUTH MILLWAY UNIT 4","MISSISSAUGA","ON","L5L3R1","141116510"
"CRSA1360036","Authorized to Open","Active","Cannabis Retail Store Authorization","43.829482413749","-79.094769758682","Canna Cabana","1105 KINGSTON RD UNIT E9","PICKERING","ON","L1V1B5","141269815"
"CRSA1360086","Authorized to Open","Active","Cannabis Retail Store Authorization","43.8921358827","-79.053237596086","Canna Cabana","1949 RAVENSCROFT RD UNIT F001","AJAX","ON","L1T0K4","141387122"
"CRSA1360446","Authorized to Open","Active","Cannabis Retail Store Authorization","43.7985699967475","-79.1480299640205","THE 6IX CANNABIS","6758 KINGSTON RD UNIT 1B","SCARBOROUGH","ON","M1B1G8","76909515"
"CRSA1361179","Authorized to Open","Active","Cannabis Retail Store Authorization","44.575204349774","-80.907665277726","Canna Cabana","1660 20TH AVE E UNIT 2 BLDG B","OWEN SOUND","ON","N4K5N3","150846438"
"CRSA1361903","Authorized to Open","Active","Cannabis Retail Store Authorization","46.079970879378","-79.360336203188","BUDSSMOKE","518C MAIN ST","POWASSAN","ON","P0H1Z0","151545380"
"CRSA1362730","Authorized to Open","Active","Cannabis Retail Store Authorization","43.608475850713","-79.653489738541","The Hunny Pot Cannabis Co.","5035 HURONTARIO ST UNIT 8","MISSISSAUGA","ON","L4Z3X7","142302111"
"CRSA1362968","Authorized to Open","Active","Cannabis Retail Store Authorization","44.9120099865422","-75.8355599994937","Olympia Cannabis Merrickville (OC Merrickville)","629 ST LAWRENCE ST","MERRICKVILLE","ON","K0G1N0","80072601"
"CRSA1364126","Authorized to Open","Active","Cannabis Retail Store Authorization","45.1412641362745","-74.5007089920941","SHINYBUD CANNABIS CO. LANCASTER","184 MILITARY RD","LANCASTER","ON","K0C1N0","24147646"
"CRSA1365579","Authorized to Open","Active","Cannabis Retail Store Authorization","44.696650605042","-79.397102659287","KAWARTHA SMOKE","8903 HWY 11 N","SEVERN","ON","L3V0W4","143965222"
"CRSA1365798","Authorized to Open","Active","Cannabis Retail Store Authorization","43.8339819870116","-80.8500289641554","Golden Tree Cannabis","214 MAIN ST W UNIT 2","PALMERSTON","ON","N0G2P0","100089220"
"CRSA1365896","Authorized to Open","Active","Cannabis Retail Store Authorization","43.6586662234404","-79.4413172035893","Hashlands Cannabis Company","1278 BLOOR ST W","TORONTO","ON","M6H1N8","24118847"
"CRSA1365910","Authorized to Open","Active","Cannabis Retail Store Authorization","48.4724336162092","-81.4001216726418","Happy Life","2125 RIVERSIDE DR UNIT 5A","TIMMINS","ON","P4R0A1","69049129"
"CRSA1366294","Authorized to Open","Active","Cannabis Retail Store Authorization","43.7545541290897","-79.4793681920768","GREENLIT","1230 SHEPPARD AVE W UNIT 6","NORTH YORK","ON","M3K1Z9","209174"
"CRSA1366488","Authorized to Open","Active","Cannabis Retail Store Authorization","43.712382616341","-79.655051287103","Dope Cannabis","7454 AIRPORT RD UNIT I","MISSISSAUGA","ON","L4T2H5","143871654"
"CRSA1366903","Authorized to Open","Active","Cannabis Retail Store Authorization","43.4088867543426","-80.3228234414277","Tokyo Smoke Cambridge","75 PINEBUSH RD UNIT D0005","CAMBRIDGE","ON","N1R8R5","48375292"
"CRSA1366941","Authorized to Open","Active","Cannabis Retail Store Authorization","43.6973157454845","-79.3293338061629","7th Heaven Cannabis","1064 COXWELL AVE","EAST YORK","ON","M4C3G5","20668417"
"CRSA1367139","Authorized to Open","Active","Cannabis Retail Store Authorization","43.964103406278","-78.900840598578","One Plant","2635 SIMCOE ST N UNIT 6","OSHAWA","ON","L1L0R8","146842244"
"CRSA1367268","Authorized to Open","Active","Cannabis Retail Store Authorization","43.611177589563","-79.580636666892","One Plant","1482 DUNDAS ST E UNIT 1-2","MISSISSAUGA","ON","L4X1L4","144213241"
"CRSA1368022","Authorized to Open","Active","Cannabis Retail Store Authorization","43.585665004135","-79.646158590748","The Hunny Pot Cannabis Co.","4036 CONFEDERATION PKY","MISSISSAUGA","ON","L5B0J6","144515717"
"CRSA1368389","Authorized to Open","Active","Cannabis Retail Store Authorization","43.8204576186","-79.106200076223","BUDSSMOKE","893 BAYLY ST UNIT 6","PICKERING","ON","L1W3P6","145492089"
"CRSA1368610","Authorized to Open","Active","Cannabis Retail Store Authorization","44.5830195979219","-79.8673424574613","Four-Twenty Cannabis Canada","29A QUEEN ST W","ELMVALE","ON","L0L1P0","76443826"
"CRSA1368728","Authorized to Open","Active","Cannabis Retail Store Authorization","46.544638009064","-84.318650012984","Matchbox Cannabis","632 GREAT NORTHERN RD UNIT 2","SAULT STE. MARIE","ON","P6B4Z9","150959558"
"CRSA1369080","Authorized to Open","Active","Cannabis Retail Store Authorization","43.693515497117","-79.342390037767","Donlands Cannabis","383 DONLANDS AVE","EAST YORK","ON","M4J3S2","144955183"
"CRSA1369303","Authorized to Open","Active","Cannabis Retail Store Authorization","43.586254587204","-79.74102480325","HOLLAND DAZE","6415 ERIN MILLS PKY UNIT B5","MISSISSAUGA","ON","L5N4H4","145140609"
"CRSA1369820","Authorized to Open","Active","Cannabis Retail Store Authorization","43.487644891016","-79.982280619434","Bud's Cannabis Store","19 MAIN ST N UNIT 2","MILTON","ON","L0P1B0","150668792"
"CRSA1370133","Authorized to Open","Active","Cannabis Retail Store Authorization","46.3207899808515","-79.4599800088722","Cheerful Charlie's Cannabis Co.","35 BEAUCAGE PARK RD","NORTH BAY","ON","P1B8G5","81653634"
"CRSA1370588","Authorized to Open","Active","Cannabis Retail Store Authorization","43.83276581477","-79.250394627103","HOLLAND DAZE","3165 MARKHAM RD UNIT C3","SCARBOROUGH","ON","M1X0B5","145653008"
"CRSA1370764","Authorized to Open","Active","Cannabis Retail Store Authorization","43.347255011716","-80.298912041028","THISEL","115 CHRISTOPHER DR SUITE 750","CAMBRIDGE","ON","N1R4S1","145658718"
"CRSA1370973","Authorized to Open","Active","Cannabis Retail Store Authorization","43.581697094991","-79.586350610287","Star Cannabis","589 NORTH SERVICE RD UNIT 1A","MISSISSAUGA","ON","L5A1B2","146562212"
"CRSA1371990","Authorized to Open","Active","Cannabis Retail Store Authorization","43.143546391811","-80.229566963496","Green Garden Cannabis","750 COLBORNE ST UNIT 5","BRANTFORD","ON","N3S3S1","146172243"
"CRSA1372057","Authorized to Open","Active","Cannabis Retail Store Authorization","43.809003609635","-79.736178284443","MOONWLKR CANNABIS","11685 MCVEAN DR UNIT 44","BRAMPTON","ON","L6P4N5","147010402"
"CRSA1372150","Authorized to Open","Active","Cannabis Retail Store Authorization","43.8813800149976","-78.8485200045856","Twisted Roots Cannabis Inc.","191 BLOOR ST E UNIT 2","OSHAWA","ON","L1H3M3","81876858"
"CRSA1372313","Authorized to Open","Active","Cannabis Retail Store Authorization","43.767453187037","-79.558121198583","CROWN LEAF","5455 STEELES AVE W SUITE 2","NORTH YORK","ON","M9L1S7","146301286"
"CRSA1373068","Authorized to Open","Active","Cannabis Retail Store Authorization","45.339370261217","-79.220195734029","Canna Cabana","17 HANES RD UNIT 1","HUNTSVILLE","ON","P1H0K3","146859972"
"CRSA1373269","Authorized to Open","Active","Cannabis Retail Store Authorization","43.650565200323","-79.388885125233","The Hunny Pot Cannabis Co.","198 QUEEN ST W UNIT 2","TORONTO","ON","M5V1Z2","147352845"
"CRSA1373294","Authorized to Open","Active","Cannabis Retail Store Authorization","43.5893072542844","-79.7240225171394","Dope Cannabis","45 QUEEN ST N","MISSISSAUGA","ON","L5N1A3","24216032"
"CRSA1373466","Authorized to Open","Active","Cannabis Retail Store Authorization","45.831642479557","-77.146744130713","Paradise Cannabis","1200 PEMBROKE ST W UNIT 180","PEMBROKE","ON","K8A7T1","146723277"
"CRSA1373777","Authorized to Open","Active","Cannabis Retail Store Authorization","45.588328989962","-74.586498008383","Aces Cannabis 389 Co.","389 COUNTY RD 17","HAWKESBURY","ON","K6A3R4","146872856"
"CRSA1374561","Authorized to Open","Active","Cannabis Retail Store Authorization","43.898565929771","-78.8633140603613","COST CANNABIS","19 BOND ST E","OSHAWA","ON","L1G1A8","44244438"
"CRSA1374878","Authorized to Open","Active","Cannabis Retail Store Authorization","45.045715381878","-78.508632405898","The Underground","120 MAPLE AVE UNIT 2","HALIBURTON","ON","K0M1S0","147529949"
"CRSA1375515","Authorized to Open","Active","Cannabis Retail Store Authorization","43.656692916368","-79.380691395784","Fika Cannabis","10 DUNDAS ST E UNIT 100","TORONTO","ON","M5B2G9","147499418"
"CRSA1375931","Authorized to Open","Active","Cannabis Retail Store Authorization","43.05868041844","-80.996351261156","HighQ","105 DUNDAS ST UNIT 1","THAMESFORD","ON","N0M2M0","147689886"
"CRSA1376384","Authorized to Open","Active","Cannabis Retail Store Authorization","43.6164501838463","-81.5398316837567","Clinton Cannabis","16 KING STREET","CLINTON","ON","N0M 1L0","101718863"
"CRSA1376788","Authorized to Open","Active","Cannabis Retail Store Authorization","42.9728496453742","-82.4072075389286","Homegrown Cannabis","173 CHRISTINA ST N","SARNIA","ON","N7T5T8","2122549"
"CRSA1376837","Authorized to Open","Active","Cannabis Retail Store Authorization","43.7646102644988","-79.4117471049395","The Hunny Pot Cannabis Co.","4936 YONGE ST","NORTH YORK","ON","M2N5N5","24252649"
"CRSA1376947","Authorized to Open","Active","Cannabis Retail Store Authorization","43.554405492523","-79.645442692398","Budders","1212 DUNDAS ST W UNIT D","MISSISSAUGA","ON","L5C1E2","148186770"
"CRSA1377005","Authorized to Open","Active","Cannabis Retail Store Authorization","42.3127773816147","-83.0404615500895","Discounted Cannabis","397 WYANDOTTE ST W","WINDSOR","ON","N9A5X3","21551392"
"CRSA1377600","Authorized to Open","Active","Cannabis Retail Store Authorization","43.2674129769463","-79.9622106540481","Blair's Cannabis","194 KING ST W","DUNDAS","ON","L9H1V4","99287"
"CRSA1377626","Authorized to Open","Active","Cannabis Retail Store Authorization","45.399090007599","-75.7088800220326","Pakalolo","440 PRESTON ST","OTTAWA","ON","K1S4N6","72752936"
"CRSA1377825","Authorized to Open","Active","Cannabis Retail Store Authorization","44.0070416132878","-77.1421477529701","Fridays Cannabis","190 PICTON MAIN ST","PICTON","ON","K0K2T0","64534010"
"CRSA1377940","Authorized to Open","Active","Cannabis Retail Store Authorization","45.378414786131","-75.645860766827","Canna Cabana","1729 WALKLEY RD UNIT A103","OTTAWA","ON","K1V2P6","148923569"
"CRSA1378890","Authorized to Open","Active","Cannabis Retail Store Authorization","43.582530214257","-79.717572573441","Crown Leaf","128 QUEEN ST S SUITE 13","MISSISSAUGA","ON","L5M1K8","148743384"
"CRSA1378943","Authorized to Open","Active","Cannabis Retail Store Authorization","42.982551908578","-82.3519847925529","Discounted Cannabis","1380 LONDON RD UNIT 141","SARNIA","ON","N7S1P8","110942380"
"CRSA1378955","Authorized to Open","Active","Cannabis Retail Store Authorization","42.248265884001","-83.058452914962","Discounted Cannabis","5844 MALDEN RD UNIT 120","LASALLE","ON","N9H1S4","87395040"
"CRSA1379645","Authorized to Open","Active","Cannabis Retail Store Authorization","42.902784982185","-79.607787076201","The Cannabis Co.","211 NIAGARA ST UNIT 3","DUNNVILLE","ON","N1A2A9","150702587"
"CRSA1379946","Authorized to Open","Active","Cannabis Retail Store Authorization","48.4353725018177","-89.2211775047032","Cannabis Near Me Thunder Bay","236 RED RIVER RD","THUNDER BAY","ON","P7B1A6","44279634"
"CRSA1380277","Authorized to Open","Active","Cannabis Retail Store Authorization","43.070050009093","-79.111849981878","Sparkle Cannabis Company","7000 MCLEOD RD UNIT 9","NIAGARA FALLS","ON","L2G7K3","82426564"
"CRSA1380280","Authorized to Open","Active","Cannabis Retail Store Authorization","43.734198075122","-80.966928042278","The Cannabis Guys","300 MITCHELL RD S UNIT 8","LISTOWEL","ON","N4W3T6","149490504"
"CRSA1380861","Authorized to Open","Active","Cannabis Retail Store Authorization","45.320572990608","-75.834699010399","The Oz Store","2130 ROBERTSON RD UNIT 5","NEPEAN","ON","K2H5Z1","149491296"
"CRSA1381925","Authorized to Open","Active","Cannabis Retail Store Authorization","43.377651983582","-80.203011669313","Tokyo Smoke","420 MAIN ST UNIT 105","CAMBRIDGE","ON","N1R5S7","108672680"
"CRSA1382093","Authorized to Open","Active","Cannabis Retail Store Authorization","43.758762117363","-79.785791374643","Vibes Cannabis Company","117 INSPIRE BLVD","BRAMPTON","ON","L6R3W4","140249390"
"CRSA1382440","Authorized to Open","Active","Cannabis Retail Store Authorization","46.534531990315","-84.322536030934","Sessions Cannabis - Sault Ste Marie (Hillside)","248 NORTHERN AVE E UNIT 15B","SAULT STE. MARIE","ON","P6B4H6","149989259"
"CRSA1383047","Authorized to Open","Active","Cannabis Retail Store Authorization","44.159443995058","-77.399088031333","Canna Cabana","150 SIDNEY ST UNIT B112C","BELLEVILLE","ON","K8P5E2","150448452"
"CRSA1384126","Authorized to Open","Active","Cannabis Retail Store Authorization","43.652287681425","-79.375216671906","Phoenix Cannabis","101 CHURCH ST","TORONTO","ON","M5C2G3","150827635"
"CRSA1384204","Authorized to Open","Active","Cannabis Retail Store Authorization","43.194561321826","-81.418440157177","Canna Cabana","389 MAIN ST","LUCAN","ON","N0M2J0","158610778"
"CRSA1384246","Authorized to Open","Active","Cannabis Retail Store Authorization","42.239027601778","-83.016015003908","Canna Cabana","2055 SANDWICH WEST PKY UNIT 1B","LASALLE","ON","N9H2S4","151226700"
"CRSA1384525","Authorized to Open","Active","Cannabis Retail Store Authorization","43.730634881058","-80.968524599899","ONE PLANT CANNABIS SUPERSTORE","600 MITCHELL RD S UNIT 4","LISTOWEL","ON","N4W3T1","150950652"
"CRSA1384595","Authorized to Open","Active","Cannabis Retail Store Authorization","43.206084483865","-79.892150266046","Canna Cabana","1508 UPPER JAMES ST UNIT 250","HAMILTON","ON","L9B1K3","150973560"
"CRSA1384941","Authorized to Open","Active","Cannabis Retail Store Authorization","44.48214492038","-77.683062887603","Olympia Cannabis Marmora (OC Marmora)","16 MATTHEW ST UNIT C","MARMORA","ON","K0K2M0","151627974"
"CRSA1384989","Authorized to Open","Active","Cannabis Retail Store Authorization","45.121160179899","-79.578447313783","FIKA Cannabis","111 MEDORA STREET UNIT WM-A1","PORT CARLING","ON","P0B1J0","151083661"
"CRSA1385034","Authorized to Open","Active","Cannabis Retail Store Authorization","43.041992594042","-80.880123181678","Highlife Ingersoll","111 CHARLES ST E UNIT 2","INGERSOLL","ON","N5C1J9","151097547"
"CRSA1385874","Authorized to Open","Active","Cannabis Retail Store Authorization","43.569043606319","-79.566766209699","Cannabis Hut Ltd","632 LAKESHORE RD E","MISSISSAUGA","ON","L5G1J4","151381612"
"CRSA1386120","Authorized to Open","Active","Cannabis Retail Store Authorization","43.596797093561","-79.785553160955","Spiritleaf Meadowvale","3021 ARGENTIA RD UNIT 6","MISSISSAUGA","ON","L5N8P7","152401551"
"CRSA1386451","Authorized to Open","Active","Cannabis Retail Store Authorization","43.039556100517","-80.88379093487","HighQ","89 THAMES ST S","INGERSOLL","ON","N5C2T2","198344"
"CRSA1386725","Authorized to Open","Active","Cannabis Retail Store Authorization","43.042282481063","-81.230319225222","Canna Cabana","1294 FANSHAWE PARK RD E UNIT C","LONDON","ON","N5X3Z8","168377968"
"CRSA1387374","Authorized to Open","Active","Cannabis Retail Store Authorization","43.132176004877","-80.747025013318","Highlife Woodstock","20 HURON ST UNIT A","WOODSTOCK","ON","N4S 6Z2","151884321"
"CRSA1387404","Authorized to Open","Active","Cannabis Retail Store Authorization","44.391547820713","-79.692621575525","Emerald Cannabis Co","102 BAYFIELD ST UNIT 2","BARRIE","ON","L4M3A8","151896899"
"CRSA1387772","Authorized to Open","Active","Cannabis Retail Store Authorization","45.148857005475","-75.601948981919","DREAM CANNABIS","5673 OSGOODE MAIN STREET, UNIT 2 GROUND FLOOR","OSGOODE","ON","K0A2W0","152021711"
"CRSA1388011","Authorized to Open","Active","Cannabis Retail Store Authorization","43.710220001503","-79.7914899791551","HOLLAND DAZE","1 WEXFORD RD UNIT 4","BRAMPTON","ON","L6Z2W1","76579095"
"CRSA1388327","Authorized to Open","Active","Cannabis Retail Store Authorization","43.676381420193","-79.355998560486","Canna Cabana","201 DANFORTH AVE","TORONTO","ON","M4K1N2","249274"
"CRSA1388979","Authorized to Open","Active","Cannabis Retail Store Authorization","43.773448217555","-79.414067212219","EXCLUSIVES CANNABIS","5332 YONGE ST","NORTH YORK","ON","M2N5P9","152465254"
"CRSA1389058","Authorized to Open","Active","Cannabis Retail Store Authorization","45.01885410632","-79.618646921412","Kasa Kana Bala","6,7,8 - 3181 MUSKOKA RD 169","BALA","ON","P0C1A0","152490000"
"CRSA1389407","Authorized to Open","Active","Cannabis Retail Store Authorization","44.9062579386578","-79.368224618818","Kasa Kana Gravenhurst","351 TALISMAN DR UNIT E01B","GRAVENHURST","ON","P1P0A7","68270152"
"CRSA1389676","Authorized to Open","Active","Cannabis Retail Store Authorization","46.551827586513","-81.117954906597","Grassroots Co","93 NOTRE DAME AVENUE W UNIT 2","AZILDA","ON","P0M1B0","153797428"
"CRSA1389698","Authorized to Open","Active","Cannabis Retail Store Authorization","43.223986594576","-79.748537419247","Canna Cabana","94 HIGHWAY 8 UNIT F2","STONEY CREEK","ON","L8G4H3","147540470"
"CRSA1389776","Authorized to Open","Active","Cannabis Retail Store Authorization","44.240991908238","-76.516055118533","Canna Cabana","97 BATH RD UNIT E101","KINGSTON","ON","K7L1H2","152713347"
"CRSA1390062","Authorized to Open","Active","Cannabis Retail Store Authorization","46.250432411325","-81.763225077541","Centre St Cannabis","721 CENTRE ST UNIT 4","ESPANOLA","ON","P5E1T3","152813300"
"CRSA1390189","Authorized to Open","Active","Cannabis Retail Store Authorization","43.713625904039","-79.365618386942","Kindling Cannabis North York East","850 EGLINTON AVE E","EAST YORK","ON","M4G2L1","152860705"
"CRSA1390882","Authorized to Open","Active","Cannabis Retail Store Authorization","43.690611867592","-79.4729547352127","Hi Class Cannabis","2559 EGLINTON AVE W","YORK","ON","M6M1T3","255067"
"CRSA1391275","Authorized to Open","Active","Cannabis Retail Store Authorization","42.88607779559","-79.250261773938","Canal Cannabis","240 WEST ST","PORT COLBORNE","ON","L3K4E3","198872"
"CRSA1391672","Authorized to Open","Active","Cannabis Retail Store Authorization","43.043065812924","-80.886576073657","One Plant Ingersoll","120 THAMES ST N UNIT 1","INGERSOLL","ON","N5C4B1","153355704"
"CRSA1391894","Authorized to Open","Active","Cannabis Retail Store Authorization","45.4773699843685","-75.4984499958802","PAKALOLO CANNABIS CO.","385 TOMPKINS AVE UNIT 2A","ORLEANS","ON","K1E3H4","89944211"
"CRSA1392276","Authorized to Open","Active","Cannabis Retail Store Authorization","43.709292711555","-79.249850809225","Cannabis Hut Ltd.","2434 KINGSTON RD","SCARBOROUGH","ON","M1N1V3","153550098"
"CRSA1393101","Authorized to Open","Active","Cannabis Retail Store Authorization","48.380880913827","-89.306479623803","Toke House Thunder Bay Mall","1105 ARTHUR STREET WEST, UNIT 2","THUNDER BAY","ON","P7E 5S2","153843774"
"CRSA1393908","Authorized to Open","Active","Cannabis Retail Store Authorization","43.369752500844","-80.944974469461","One Plant Cannabis Superstore","1067 ONTARIO ST UNIT D5","STRATFORD","ON","N5A6W6","154123040"
"CRSA1394787","Authorized to Open","Active","Cannabis Retail Store Authorization","43.374634917534","-80.318364259004","Canna Cabana","1 HESPELER RD UNIT A01007B","CAMBRIDGE","ON","N1R8L4","154724972"
"CRSA1395044","Authorized to Open","Active","Cannabis Retail Store Authorization","44.741924994039","-79.862144980515","Buds 4 Less Cannabis Company","727 WILLIAM ST UNIT 5","MIDLAND","ON","L4R4Y5","154515665"
"CRSA1395126","Authorized to Open","Active","Cannabis Retail Store Authorization","44.1043399805689","-78.9455800126053","Sessions Cannabis - Port Perry","261 QUEEN ST","PORT PERRY","ON","L9L1B9","79806385"
"CRSA1395744","Authorized to Open","Active","Cannabis Retail Store Authorization","46.52480998846","-84.31989698872","Happy Life","41 GREAT NORTHERN RD UNIT 2","SAULT STE. MARIE","ON","P6B4Y7","159581351"
"CRSA1398021","Authorized to Open","Active","Cannabis Retail Store Authorization","43.639469488356","-79.385074376774","Value Buds","250 QUEENS QUAY W UNIT 252A","TORONTO","ON","M5J2N2","218052408"
"CRSA1398156","Authorized to Open","Active","Cannabis Retail Store Authorization","43.8960250857733","-78.8741575641903","One Stop Cannabis ","30 PARK RD N UNIT 2","OSHAWA","ON","L1J4K7","114381090"
"CRSA1398362","Authorized to Open","Active","Cannabis Retail Store Authorization","43.95844692083","-78.320307889171","One Plant Cannabis Superstore","141 TORONTO RD UNIT 5","PORT HOPE","ON","L1A3S6","157007934"
"CRSA1404273","Authorized to Open","Active","Cannabis Retail Store Authorization","43.687942704972","-79.491227240996","THE POT SPOT","1193 WESTON RD","YORK","ON","M6M4P6","24113469"
"CRSA1405399","Authorized to Open","Active","Cannabis Retail Store Authorization","42.305219616883","-82.978835982726","Discounted Cannabis","3749 TECUMSEH RD E","WINDSOR","ON","N8W1H8","157264769"
"CRSA1406324","Authorized to Open","Active","Cannabis Retail Store Authorization","44.9001099890564","-76.0215000324051","Olympia Cannabis Smiths (OC Smiths Falls)","8 BECKWITH ST N","SMITHS FALLS","ON","K7A2B1","69798815"
"CRSA1406346","Authorized to Open","Active","Cannabis Retail Store Authorization","43.66591221358","-79.484858000411","Canna Cabana","3406 DUNDAS ST W UNIT 103","YORK","ON","M6S2S1","158031372"
"CRSA1406446","Authorized to Open","Active","Cannabis Retail Store Authorization","43.5894245302049","-79.7388502628552","Canna Cabana","6400 MILLCREEK DR UNIT 14","MISSISSAUGA","ON","L5N3E7","231611"
"CRSA1407089","Authorized to Open","Active","Cannabis Retail Store Authorization","42.933917717512","-81.221167315366","Rightpuff Cannabis","1070 WELLINGTON RD SUITE 4","LONDON","ON","N6E3V8","157795696"
"CRSA1407373","Authorized to Open","Active","Cannabis Retail Store Authorization","45.486680015683","-77.679399995915","Baybud Cannabis","48 BAY ST","BARRY'S BAY","ON","K0J1B0","157893209"
"CRSA1407892","Authorized to Open","Active","Cannabis Retail Store Authorization","43.775722814619","-79.230465730294","BUDSSMOKE","1133 MARKHAM RD UNIT 3","SCARBOROUGH","ON","M1H2Y5","158054466"
"CRSA1408289","Authorized to Open","Active","Cannabis Retail Store Authorization","45.4101200054447","-75.6978999803299","BLUEBIRD CANNABIS CO.","502 GLADSTONE AVE","OTTAWA","ON","K1R5P1","84023732"
"CRSA1408360","Authorized to Open","Active","Cannabis Retail Store Authorization","43.557444896343","-79.646346513017","Canacron","1151 DUNDAS ST W UNIT 24","MISSISSAUGA","ON","L5C1C6","158210682"
"CRSA1408558","Authorized to Open","Active","Cannabis Retail Store Authorization","42.946543001079","-81.612964794791","Highlife Strathroy","360 CARADOC ST S UNIT 3","STRATHROY","ON","N7G2P6","158280892"
"CRSA1409797","Authorized to Open","Active","Cannabis Retail Store Authorization","43.730396918827","-79.469085689387","Cannabis Hut","898 WILSON AVE","NORTH YORK","ON","M3K1E7","24272075"
"CRSA1411155","Authorized to Open","Active","Cannabis Retail Store Authorization","44.397909810952","-78.989745601541","The Cannabis Connoisseur, Woodville","99 KING STREET UNIT C","WOODVILLE","ON","K0M2T0","159225035"
"CRSA1411595","Authorized to Open","Active","Cannabis Retail Store Authorization","43.733654796953","-79.266258384691","Canna Cabana","2432 EGLINTON AVE E UNIT 5","SCARBOROUGH","ON","M1K2P8","159581067"
"CRSA1412936","Authorized to Open","Active","Cannabis Retail Store Authorization","44.306855394648","-78.323097470367","Kawartha Leafs","223 BROCK ST","PETERBOROUGH","ON","K9H2P6","159866414"
"CRSA1413939","Authorized to Open","Active","Cannabis Retail Store Authorization","45.42087298139","-75.700557965646","Bluebird Cannabis 203.5 Queen Street","203 1/2 QUEEN ST","OTTAWA","ON","K1P5C9","161599852"
"CRSA1414272","Authorized to Open","Active","Cannabis Retail Store Authorization","44.4749111604021","-80.0738720746269","ONE PLANT WASAGA BEACH MOSLEY","1890 MOSLEY ST UNIT 2","WASAGA BEACH","ON","L9Z1Z4","76454568"
"CRSA1414364","Authorized to Open","Active","Cannabis Retail Store Authorization","45.135109887987","-76.123248038871","Inspired Cannabis Co","438 MCNEELY AVE UNIT 3","CARLETON PLACE","ON","K7C0A6","160391444"
"CRSA1414543","Authorized to Open","Active","Cannabis Retail Store Authorization","42.929094016053","-78.927176035441","Heritage Cannabis East Corporation","333 JARVIS ST","FORT ERIE","ON","L2A2S9","82218031"
"CRSA1415786","Authorized to Open","Active","Cannabis Retail Store Authorization","43.713511197694","-79.632411682807","ONE TREE CANNABIS","3437 DERRY RD E SUITE 2","MISSISSAUGA","ON","L4T1A8","160923900"
"CRSA1415794","Authorized to Open","Active","Cannabis Retail Store Authorization","43.578181096156","-79.683600384595","Cantopia Cannabis Co.","1252 EGLINTON AVE W SUITE F4","MISSISSAUGA","ON","L5V1N3","160927152"
"CRSA1415961","Authorized to Open","Active","Cannabis Retail Store Authorization","46.628154286476","-81.40354143521","Highlife Onaping","6 REGIONAL ROAD 8 UNIT C","ONAPING","ON","P0M 2R0","161539941"
"CRSA1416057","Authorized to Open","Active","Cannabis Retail Store Authorization","45.2004675374411","-75.829442666852","Canna Cabana","5921 PERTH ST UNIT 300","RICHMOND","ON","K0A2Z0","108972159"
"CRSA1416310","Authorized to Open","Active","Cannabis Retail Store Authorization","42.333587871476","-82.937721656371","REGULATORS CANNABIS","8486 WYANDOTTE ST E","WINDSOR","ON","N8S4S8","161109684"
"CRSA1417608","Authorized to Open","Active","Cannabis Retail Store Authorization","42.882363983841","-82.152544028197","Highlife Petrolia","4110 PETROLIA LINE UNIT 1","PETROLIA","ON","N0N1R0","161546378"
"CRSA1418020","Authorized to Open","Active","Cannabis Retail Store Authorization","43.251476303326","-79.85195551992","Canna Cabana","447 MAIN ST E UNIT 102","HAMILTON","ON","L8N1K1","165855883"
"CRSA1418791","Authorized to Open","Active","Cannabis Retail Store Authorization","43.513165942167","-79.882964370718","Kindling Cannabis Milton","249 MARY STREET","MILTON","ON","L9T1N8","162030169"
"CRSA1418906","Authorized to Open","Active","Cannabis Retail Store Authorization","43.709535619109","-79.249039776274","Friendly Stranger","2465 KINGSTON RD UNIT 110","SCARBOROUGH","ON","M1N1V4","162068167"
"CRSA1418955","Authorized to Open","Active","Cannabis Retail Store Authorization","45.822624306112","-77.08340091495","Canna Cabana","1036 PEMBROKE ST E UNIT 3","PEMBROKE","ON","K8A6Z2","162081437"
"CRSA1419434","Authorized to Open","Active","Cannabis Retail Store Authorization","43.525662814977","-79.683513967173","Flowertown Cannabis","3105 WINSTON CHURCHILL BLVD UNIT 16","MISSISSAUGA","ON","L5L5S3","162248779"
"CRSA1419658","Authorized to Open","Active","Cannabis Retail Store Authorization","43.743793086029","-79.244435429221","HOLLAND DAZE","1351 DANFORTH RD","SCARBOROUGH","ON","M1J1G7","105127"
"CRSA1419918","Authorized to Open","Active","Cannabis Retail Store Authorization","43.719757182393","-79.594414001142","Green Market Cannabis","190 QUEEN'S PLATE DR UNIT B5B","ETOBICOKE","ON","M9W6Y9","162918517"
"CRSA1421001","Authorized to Open","Active","Cannabis Retail Store Authorization","43.921484907121","-78.873514588398","That Happy Company","911 SIMCOE ST N UNIT A","OSHAWA","ON","L1G4W1","162798588"
"CRSA1421458","Authorized to Open","Active","Cannabis Retail Store Authorization","46.5084883116803","-84.2984230285912","Due North Cannabis Co.","150 CHURCHILL BLVD UNIT C001","SAULT STE. MARIE","ON","P6A3Z9","67538085"
"CRSA1421459","Authorized to Open","Active","Cannabis Retail Store Authorization","46.5391600162439","-84.3146299684023","Due North Cannabis Co.","710 SECOND LINE E UNIT 5","SAULT STE. MARIE","ON","P6B4K3","84564298"
"CRSA1421460","Authorized to Open","Active","Cannabis Retail Store Authorization","46.5228038376688","-84.3075271909513","Due North Cannabis Co","695 PINE ST UNIT T6","SAULT STE. MARIE","ON","P6B3G2","77178271"
"CRSA1422091","Authorized to Open","Active","Cannabis Retail Store Authorization","43.394501997807","-80.324640041368","VIP Cannabis","410 HESPELER RD UNIT 2B","CAMBRIDGE","ON","N1R6J6","163237672"
"CRSA1422722","Authorized to Open","Active","Cannabis Retail Store Authorization","44.587113212136","-75.68957649902","The Oz Store","238 KING ST W","BROCKVILLE","ON","K6V3R9","163460060"
"CRSA1425587","Authorized to Open","Active","Cannabis Retail Store Authorization","48.4745784262396","-81.3660308261691","COST CANNABIS","993 RIVERSIDE DR","TIMMINS","ON","P4N3W4","88853"
"CRSA1426987","Authorized to Open","Active","Cannabis Retail Store Authorization","45.2939448020662","-75.8948258862893","Roll'd Cannabis Company","500 HAZELDEAN RD SUITE 105","KANATA","ON","K2L2B5","44784088"
"CRSA1427294","Authorized to Open","Active","Cannabis Retail Store Authorization","43.6570197","-79.3804447","One Plant - Yonge St.","333 YONGE ST","TORONTO","ON","M5B1R7","34733662"
"CRSA1428079","Authorized to Open","Active","Cannabis Retail Store Authorization","43.704922680606","-79.504674831175","Cannabis Hut ","1746 JANE ST UNIT 2 & 3","TORONTO","ON","M9N2S9","165640673"
"CRSA1428326","Authorized to Open","Active","Cannabis Retail Store Authorization","42.8600033649663","-80.7166722480538","Fiore Verde","52 SIMCOE ST","TILLSONBURG","ON","N4G2H5","204005"
"CRSA1428387","Authorized to Open","Active","Cannabis Retail Store Authorization","43.6907505339893","-79.2881726973855","ONE PLANT 3003 DANFORTH","3003 DANFORTH AVE UNIT 29","EAST YORK","ON","M4C1M9","67555074"
"CRSA1428695","Authorized to Open","Active","Cannabis Retail Store Authorization","43.763373505214","-79.194125905258","Cannabis Hut Ltd.","4286 KINGSTON RD UNIT 9","SCARBOROUGH","ON","M1E2M8","166209549"
"CRSA1428840","Authorized to Open","Active","Cannabis Retail Store Authorization","44.5044586561011","-80.2352577577871","Canna Cabana","99 BALSAM ST UNIT J2A","COLLINGWOOD","ON","L9Y3Y6","77814407"
"CRSA1428965","Authorized to Open","Active","Cannabis Retail Store Authorization","43.26356946177","-79.864775976103","COST CANNABIS","32 BARTON ST E UNIT 1","HAMILTON","ON","L8L2V5","165720155"
"CRSA1429227","Authorized to Open","Active","Cannabis Retail Store Authorization","43.965575310386","-78.736620759003","Kawartha Smoke","2363 TAUNTON RD UNIT 6","HAMPTON","ON","L0B1J0","166623621"
"CRSA1429702","Authorized to Open","Active","Cannabis Retail Store Authorization","44.609581343942","-79.437066922942","One Plant Orillia","285 COLDWATER RD W UNIT 105 ","ORILLIA","ON","L3V3M1","166037131"
"CRSA1431034","Authorized to Open","Active","Cannabis Retail Store Authorization","43.976070794266","-78.199284439068","Sessions Cannabis - Cobourg","66 STRATHY RD UNIT G4","COBOURG","ON","K9A5X4","166471987"
"CRSA1431282","Authorized to Open","Active","Cannabis Retail Store Authorization","43.7660899962141","-79.2594400417336","HOLLAND DAZE","1187 BRIMLEY RD","SCARBOROUGH","ON","M1P3G5","79076767"
"CRSA1431674","Authorized to Open","Active","Cannabis Retail Store Authorization","43.540268281261","-80.244104117269","FIKA Cannabis","89 GORDON ST UNIT C3","GUELPH","ON","N1H4H7","166715293"
"CRSA1431679","Authorized to Open","Active","Cannabis Retail Store Authorization","43.502257314279","-80.185815021482","Fire & Flower Cannabis Co.","79 CLAIR RD E UNIT 104","GUELPH","ON","N1L0J7","166718118"
"CRSA1433951","Authorized to Open","Active","Cannabis Retail Store Authorization","44.247452804934","-76.948470378736","CANNAZONIA","71 JOHN ST UNIT 1","NAPANEE","ON","K7R1P9","167909165"
"CRSA1434293","Authorized to Open","Active","Cannabis Retail Store Authorization","43.7035391651566","-79.4136945431646","Hi Class Cannabis","518 EGLINTON AVE W","TORONTO","ON","M5N1A5","64522146"
"CRSA1434473","Authorized to Open","Active","Cannabis Retail Store Authorization","43.701432791399","-79.528279108707","BUDHUB CANNABIS","6 DIXON RD UNIT 1","ETOBICOKE","ON","M9P2L1","167773033"
"CRSA1434669","Authorized to Open","Active","Cannabis Retail Store Authorization","47.063285786159","-79.789692123549","Temagami Cannabis Company","6716 HWY 11 NORTH","TEMAGAMI","ON","P0H 2H0","167841056"
"CRSA1434825","Authorized to Open","Active","Cannabis Retail Store Authorization","43.6184400057506","-80.1431300119232","TASTE BUDS CANNABIS-ROCKWOOD","126 MAIN ST S","ROCKWOOD","ON","N0B2K0","78388878"
"CRSA1435024","Authorized to Open","Active","Cannabis Retail Store Authorization","43.643081795258","-79.425210617215","Mani's Toke","1160 QUEEN ST W","TORONTO","ON","M6J1J5","168001631"
"CRSA1435587","Authorized to Open","Active","Cannabis Retail Store Authorization","44.615667171132","-80.60461538872","Sativa Bliss Cannabis Boutique","35 STEWART ST UNIT 4","MEAFORD","ON","N4L1J9","168196662"
"CRSA1435601","Authorized to Open","Active","Cannabis Retail Store Authorization","42.979879003474","-82.36298696248","Your Highness Cannabis","1200 LONDON RD UNIT 2","SARNIA","ON","N7S1P4","168198466"
"CRSA1435748","Authorized to Open","Active","Cannabis Retail Store Authorization","43.400344812963","-80.49569641263","Canna Cabana","1270 FISCHER HALLMAN RD UNIT D7","KITCHENER ","ON","N2R1P7","168768225"
"CRSA1436701","Authorized to Open","Active","Cannabis Retail Store Authorization","45.0459719154132","-78.5097796651695","Fiore Verde","192 HIGHLAND STREET","HALIBURTON","ON","K0M1S0","44801281"
"CRSA1436712","Authorized to Open","Active","Cannabis Retail Store Authorization","44.93892071533","-78.710999125015","Fiore Verde","12818 HIGHWAY 35 UNIT 5","MINDEN","ON","K0M2A1","170450517"
"CRSA1436890","Authorized to Open","Active","Cannabis Retail Store Authorization","44.155510409512","-81.00559188386","One Plant Hanover","895 10TH ST UNIT B1","HANOVER","ON","N4N1S4","172647722"
"CRSA1438024","Authorized to Open","Active","Cannabis Retail Store Authorization","48.47436166763","-80.578764761136","PEACE BY THE GRAM ","366 FOURTH AVE UNIT 1","MATHESON","ON","P0K1N0","169737859"
"CRSA1438110","Authorized to Open","Active","Cannabis Retail Store Authorization","43.141504979293","-79.240278424341","Superbud","216 GLENRIDGE AVE UNIT 11AB","ST. CATHARINES","ON","L2T3J9","169250998"
"CRSA1438399","Authorized to Open","Active","Cannabis Retail Store Authorization","43.64413259255","-79.403265034502","ONE PLANT KING ST. W.","700 KING ST W UNIT 4","TORONTO","ON","M5V2Y6","65624640"
"CRSA1438402","Authorized to Open","Active","Cannabis Retail Store Authorization","45.03204701237","-74.723624016495","Canna Cabana","525 NINTH ST E UNIT D1","CORNWALL","ON","K6H0A3","169197411"
"CRSA1438424","Authorized to Open","Active","Cannabis Retail Store Authorization","43.18331319987","-80.279634669553","Canna Cabana","300 KING GEORGE RD UNIT K5","BRANTFORD","ON","N3R5L8","169204598"
"CRSA1439328","Authorized to Open","Active","Cannabis Retail Store Authorization","45.403353211192","-75.613166650577","Lighthouse Cannabis","2596 EDINBURGH PL UNIT 2","OTTAWA","ON","K1B5M1","170285645"
"CRSA1439439","Authorized to Open","Active","Cannabis Retail Store Authorization","43.6641611579432","-79.3685974550464","Value Buds","238 CARLTON ST","TORONTO","ON","M5A2L1","44441109"
"CRSA1440262","Authorized to Open","Active","Cannabis Retail Store Authorization","44.320447111652","-76.501878638054","Calyx + Trichomes Cannabis","1478 UNITY RD UNIT 6","GLENBURNIE","ON","K0H1S0","169904644"
"CRSA1440437","Authorized to Open","Active","Cannabis Retail Store Authorization","42.981653494286","-81.251644418226","Vibes Cannabis Company","99 KING ST","LONDON","ON","N6A1C1","200254"
"CRSA1440707","Authorized to Open","Active","Cannabis Retail Store Authorization","42.924494279048","-81.239982424881","Discounted Cannabis","1440 JALNA BLVD SUITE 4","LONDON","ON","N6E3P2","170077478"
"CRSA1440807","Authorized to Open","Active","Cannabis Retail Store Authorization","44.324558979983","-79.619711004021","Four-Twenty Cannabis Canada","7896 YONGE ST SUITE 1","INNISFIL","ON","L9S1L5","170109817"
"CRSA1440870","Authorized to Open","Active","Cannabis Retail Store Authorization","44.005469071449","-77.890907286944","The Underground","6 CHURCH ST W","COLBORNE","ON","K0K1S0","171590514"
"CRSA1441054","Authorized to Open","Active","Cannabis Retail Store Authorization","43.6416452279204","-79.5365312511447","BHANGA CANNABIS ","3812A BLOOR ST W","ETOBICOKE","ON","M9B6C2","65095725"
"CRSA1441075","Authorized to Open","Active","Cannabis Retail Store Authorization","48.592692909563","-85.273468944325","REALTIME CANNABIS","UNIT A, 200 HWY 17","WHITE RIVER","ON","P0M3G0","170203778"
"CRSA1442281","Authorized to Open","Active","Cannabis Retail Store Authorization","43.6440499888938","-79.4008500405591","Phoenix ","615 KING ST W","TORONTO","ON","M5V1M5","81311978"
"CRSA1442752","Authorized to Open","Active","Cannabis Retail Store Authorization","42.885704591351","-79.060636134381","One Plant - Gorham Rd.","409 GORHAM RD BLDG C, UNIT 3","RIDGEWAY, FORT ERIE","ON","L0S 1N0","179989608"
"CRSA1442924","Authorized to Open","Active","Cannabis Retail Store Authorization","43.456162672237","-80.429841978676","The Hunny Pot Cannabis Co.","1405 OTTAWA ST N SUITE 103","KITCHENER","ON","N2A3Z1","170860624"
"CRSA1443068","Authorized to Open","Active","Cannabis Retail Store Authorization","43.1668399941022","-79.2367000222377","Discounted Cannabis","85 NIAGARA ST","ST CATHARINES","ON","L2R4L1","76459878"
"CRSA1443440","Authorized to Open","Active","Cannabis Retail Store Authorization","42.274409417191","-83.013989600825","Discounted Cannabis","2950 DOUGALL AVE UNIT 4","WINDSOR","ON","N9E1S2","171049308"
"CRSA1443605","Authorized to Open","Active","Cannabis Retail Store Authorization","42.97421698597","-82.398386002704","Discounted Cannabis","317 GEORGE ST","SARNIA","ON","N7T4P3","171103681"
"CRSA1443606","Authorized to Open","Active","Cannabis Retail Store Authorization","42.989658798552","-81.293765241883","Discounted Cannabis","735 WONDERLAND RD N UNIT 24","LONDON","ON","N6H4L1","175271073"
"CRSA1443630","Authorized to Open","Active","Cannabis Retail Store Authorization","47.824987381615","-79.872943805472","Sam'S'Pot","46 THIRD ST UNIT 3","ENGLEHART","ON","P0J1H0","171657042"
"CRSA1443647","Authorized to Open","Active","Cannabis Retail Store Authorization","43.575591884356","-79.560708440636","Discounted Cannabis","945A LAKESHORE RD E UNIT 7","MISSISSAUGA","ON","L5E1E3","171125516"
"CRSA1443780","Authorized to Open","Active","Cannabis Retail Store Authorization","44.280082715806","-78.348650037473","COST CANNABIS","1135 LANSDOWNE ST W UNIT 8","PETERBOROUGH","ON","K9J7M2","159835532"
"CRSA1443829","Authorized to Open","Active","Cannabis Retail Store Authorization","43.665724919953","-79.736822536093","Sage Cannabis","499 MAIN ST S UNIT 136A","BRAMPTON","ON","L6Y1N7","171216993"
"CRSA1444016","Authorized to Open","Active","Cannabis Retail Store Authorization","43.642110709866","-79.397109532448","Canna Cabana","486 FRONT ST W UNIT WM13","TORONTO","ON","M5V0V2","171932003"
"CRSA1444157","Authorized to Open","Active","Cannabis Retail Store Authorization","43.411256206879","-79.812661576929","Canna Cabana","3221 APPLEBY LINE CRU 7 UNIT 5","BURLINGTON","ON","L7M0V7","171932481"
"CRSA1444247","Authorized to Open","Active","Cannabis Retail Store Authorization","43.166807011313","-79.236063165234","Cannabis Cupboard","86 NIAGARA ST UNIT 3","ST CATHARINES","ON","L2R4L2","171387470"
"CRSA1444353","Authorized to Open","Active","Cannabis Retail Store Authorization","43.704131387036","-79.388189678727","Fogtown Flower","615 MOUNT PLEASANT RD","TORONTO","ON","M4S2M5","155267524"
"CRSA1444398","Authorized to Open","Active","Cannabis Retail Store Authorization","46.31167101502","-79.465217021976","BUDSSMOKE","177 MAIN ST W","NORTH BAY","ON","P1B2T6","171447174"
"CRSA1444610","Authorized to Open","Active","Cannabis Retail Store Authorization","43.078992200586","-79.094974025663","Cannabis Cupboard","6095 DUNN ST UNIT 1","NIAGARA FALLS","ON","L2G2P3","171524908"
"CRSA1444867","Authorized to Open","Active","Cannabis Retail Store Authorization","43.773721719055","-79.340881211376","Fogtown Flower","103 PARKWAY FOREST DR UNIT 22","NORTH YORK","ON","M2J1L8","171630765"
"CRSA1445533","Authorized to Open","Active","Cannabis Retail Store Authorization","44.336334590025","-79.667851961994","Mellow Malibu","647 WELHAM RD UNIT 10","BARRIE","ON","L4N0B7","170901268"
"CRSA1445761","Authorized to Open","Active","Cannabis Retail Store Authorization","43.6497595578511","-79.4339529461596","KINDLING CANNABIS DUNDAS","1567 DUNDAS ST W","TORONTO","ON","M6K1T9","42518661"
"CRSA1445899","Authorized to Open","Active","Cannabis Retail Store Authorization","43.593120497462","-79.764679958934","Spot420 The Cannabis Store","2760 DERRY RD W UNIT 1B","MISSISSAUGA","ON","L5N3N5","154726273"
"CRSA1445899","Authorized to Open","Active","Cannabis Retail Store Authorization","43.593120497462","-79.764679958934","Spot420 The Cannabis Store","2760 DERRY RD W UNIT 1B","MISSISSAUGA","ON","L5N3N5","154726273"
"CRSA1445958","Authorized to Open","Active","Cannabis Retail Store Authorization","43.776027915895","-79.318270105551","HOLLAND DAZE","3003 SHEPPARD AVE E UNIT 6","SCARBOROUGH","ON","M1T3J5","172118855"
"CRSA1446209","Authorized to Open","Active","Cannabis Retail Store Authorization","43.665338807583","-79.468782935044","The Hunny Pot Cannabis Co","400 PACIFIC AVE","TORONTO","ON","M6P2R1","172254670"
"CRSA1446300","Authorized to Open","Active","Cannabis Retail Store Authorization","43.91557671312","-80.111338291369","Holland Daze","308 BROADWAY UNIT D","ORANGEVILLE","ON","L9W1L3","174870445"
"CRSA1446530","Authorized to Open","Active","Cannabis Retail Store Authorization","43.197235876321","-80.415485622555","Cannabis Cupboard","14 MARKET ST UNIT 1","PARIS","ON","N3L3A4","173345455"
"CRSA1446730","Authorized to Open","Active","Cannabis Retail Store Authorization","44.265773968895","-78.220921567744","Twisted Roots Cannabis Inc.","982 HIGHWAY 7 UNIT 3","OTONABEE-SOUTH MONAGHAN","ON","K9J6X8","175353766"
"CRSA1447716","Authorized to Open","Active","Cannabis Retail Store Authorization","42.9049700186145","-79.2664400205326","SESSIONS CANNABIS PORT COLBORNE","287 WEST SIDE RD UNIT 105","PORT COLBORNE","ON","L3K5L2","77307590"
"CRSA1447728","Authorized to Open","Active","Cannabis Retail Store Authorization","44.224512793228","-79.46438302261","Beaverton cannabis ","287 QUEENSWAY SOUTH UNIT A","GEORGINA ","ON","L4P3J4","173371923"
"CRSA1447753","Authorized to Open","Active","Cannabis Retail Store Authorization","43.7353598017876","-79.5593395920281","Cannabis Hut","900 ALBION RD UNIT C24/C25","ETOBICOKE","ON","M9V1A5","121233015"
"CRSA1447783","Authorized to Open","Active","Cannabis Retail Store Authorization","45.269453020426","-75.295146012351","Highlife Embrun Notre Dame","831 NOTRE DAME ST","EMBRUN","ON","K0A1W1","173784486"
"CRSA1447958","Authorized to Open","Active","Cannabis Retail Store Authorization","45.429672303344","-75.682831581534","Purple Meadow Cannabis","372 RIDEAU ST UNIT A/B","OTTAWA","ON","K1N5Y8","173985548"
"CRSA1448021","Authorized to Open","Active","Cannabis Retail Store Authorization","46.310190980467","-79.438350004814","The Herb Haven","1444 SEYMOUR ST","NORTH BAY","ON","P1A0C9","173044929"
"CRSA1448725","Authorized to Open","Active","Cannabis Retail Store Authorization","45.177796909203","-79.40011410946","Herb Haven Cannabis","952 RAYMOND RD","UTTERSON","ON","P0B1M0","24280468"
"CRSA1448814","Authorized to Open","Active","Cannabis Retail Store Authorization","43.524849979917","-80.2226300166094","Matchbox Cannabis","35 HARVARD RD UNIT 7A","GUELPH","ON","N1G3A2","96637191"
"CRSA1448991","Authorized to Open","Active","Cannabis Retail Store Authorization","43.933690089702","-78.869032365675","The Hunny Pot Cannabis Co.","1288 RITSON RD N UNIT 3","OSHAWA","ON","L1G7Z9","173444416"
"CRSA1449455","Authorized to Open","Active","Cannabis Retail Store Authorization","43.539642278822","-79.67265169121","Purple Pineapple Cannabis Co.","3200 ERIN MILLS PKY SUITE 5","MISSISSAUGA","ON","L5L1W8","173632921"
"CRSA1450445","Authorized to Open","Active","Cannabis Retail Store Authorization","43.796343595626","-79.419056791542","Highlife 6353 Yonge","6353 YONGE ST","NORTH YORK","ON","M2M3X7","24234508"
"CRSA1450546","Authorized to Open","Active","Cannabis Retail Store Authorization","43.8629395090454","-79.0176164871452","Value Buds","145 KINGSTON RD E SUITE 20","AJAX","ON","L1S7J4","77741832"
"CRSA1450611","Authorized to Open","Active","Cannabis Retail Store Authorization","43.0286323770484","-81.2755711781839","Value Buds","109 FANSHAWE PARK RD E UNIT 9","LONDON","ON","N5X3W1","64516906"
"CRSA1450631","Authorized to Open","Active","Cannabis Retail Store Authorization","49.127120188962","-85.827770776035","EH GAME CANNABIS CO.","54 HURON WALK, UNIT 3","MANITOUWADGE","ON","P0T2C0","174143539"
"CRSA1450642","Authorized to Open","Active","Cannabis Retail Store Authorization","43.7986699928523","-79.2021199777732","FRIENDLY STRANGER","797 MILNER AVE UNIT 200","SCARBOROUGH","ON","M1B3C3","80195173"
"CRSA1450743","Authorized to Open","Active","Cannabis Retail Store Authorization","43.806593112557","-79.222010485466","Stok'd Cannabis","31 TAPSCOTT RD UNIT B7","SCARBOROUGH","ON","M1B4Y7","174184741"
"CRSA1451183","Authorized to Open","Active","Cannabis Retail Store Authorization","46.537501908158","-84.380957476972","Highlife Cannabis Second Line SSM","612 SECOND LINE W","SAULT STE. MARIE","ON","P6C2K7","174340109"
"CRSA1451514","Authorized to Open","Active","Cannabis Retail Store Authorization","43.640731006693","-79.541971534277","INCA CANNABIS","3880 BLOOR ST W","ETOBICOKE","ON","M9B1L3","174460071"
"CRSA1451533","Authorized to Open","Active","Cannabis Retail Store Authorization","43.909784398931","-78.711455016728","One Plant","2366 HIGHWAY 2 UNIT C2","BOWMANVILLE","ON","L1C4Z3","174535541"
"CRSA1451720","Authorized to Open","Active","Cannabis Retail Store Authorization","48.3861205076768","-89.2610536384091","The Hut","160 WATERLOO ST N UNIT 3","THUNDER BAY","ON","P7C6A8","44417156"
"CRSA1451764","Authorized to Open","Active","Cannabis Retail Store Authorization","43.6804999940472","-79.2852899987648","INSPIRED CANNABIS CO.","1003 KINGSTON RD","TORONTO","ON","M4E1T3","78634173"
"CRSA1451880","Authorized to Open","Active","Cannabis Retail Store Authorization","44.042542890665","-77.736974115361","The Underground","1 PRINCE EDWARD ST","BRIGHTON","ON","K0K 1H0","174624531"
"CRSA1451938","Authorized to Open","Active","Cannabis Retail Store Authorization","43.231167580574","-79.777215681866","Speedy Cannabis","561 QUEENSTON RD SUITE 2","HAMILTON","ON","L8K1J7","187711108"
"CRSA1452305","Authorized to Open","Active","Cannabis Retail Store Authorization","43.21834808831","-79.20224402994","PEPE","532 READ RD UNIT 2","ST CATHARINES","ON","L2R7K6","174777316"
"CRSA1452712","Authorized to Open","Active","Cannabis Retail Store Authorization","44.4064843960701","-79.7050173739687","BUDSSMOKE","389 BAYFIELD ST","BARRIE","ON","L4M3C5","72737"
"CRSA1452717","Authorized to Open","Active","Cannabis Retail Store Authorization","43.030640312019","-81.221990585896","Discounted Cannabis ","1255 KILALLY RD SUITE 106","LONDON","ON","N5Y0B7","174944747"
"CRSA1452811","Authorized to Open","Active","Cannabis Retail Store Authorization","43.697792698488","-79.389204475744","Fogtown Flower","230 MERTON ST","TORONTO","ON","M4S1A1","174980917"
"CRSA1452821","Authorized to Open","Active","Cannabis Retail Store Authorization","45.135230713121","-76.135067360539","Paradise Cannabis","167 FRANKTOWN RD UNIT 1","CARLETON PLACE","ON","K7C2P2","175291316"
"CRSA1452904","Authorized to Open","Active","Cannabis Retail Store Authorization","45.4352000008501","-75.664519972943","HIGHTIES CANNABIS","177-179 MONTREAL RD","VANIER","ON","K1L6E4","72313842"
"CRSA1452951","Authorized to Open","Active","Cannabis Retail Store Authorization","43.155201679634","-79.263694025233","Discounted Cannabis ","100 FOURTH AVE UNIT 10","ST CATHARINES","ON","L2S3P3","175048077"
"CRSA1453200","Authorized to Open","Active","Cannabis Retail Store Authorization","45.4051957801663","-75.723238358157","TOKYO SMOKE WELLINGTON ST","1000 WELLINGTON ST W UNIT 101","OTTAWA","ON","K1Y2X9","46640981"
"CRSA1453470","Authorized to Open","Active","Cannabis Retail Store Authorization","43.703249485094","-79.52561341204","Cannabis Hut","2175 WESTON RD UNIT 1, 2","YORK","ON","M9N1X9","175292445"
"CRSA1453570","Authorized to Open","Active","Cannabis Retail Store Authorization","43.000354107004","-81.238468736987","Discounted Cannabis ","590 OXFORD ST E UNIT B","LONDON","ON","N5Y3J1","175297374"
"CRSA1453802","Authorized to Open","Active","Cannabis Retail Store Authorization","44.5983435338625","-79.42449608899","Budtimez","190 MEMORIAL AVE UNIT C","ORILLIA","ON","L3V5X6","75191354"
"CRSA1453896","Authorized to Open","Active","Cannabis Retail Store Authorization","43.169763015197","-79.263269984752","Cannabis Cupboard","318 ONTARIO ST UNIT 9A","ST CATHARINES","ON","L2R5L8","175670292"
"CRSA1454336","Authorized to Open","Active","Cannabis Retail Store Authorization","43.668223313833","-79.307515620863","Kindling Cannabis","1821 QUEEN ST E UNIT 5","TORONTO","ON","M4L3Z6","182177053"
"CRSA1454827","Authorized to Open","Active","Cannabis Retail Store Authorization","43.358220007903","-79.8438399936277","BURLINGTON CANNABIS CO.","2025 UPPER MIDDLE RD UNIT 24","BURLINGTON","ON","L7P4K1","78776132"
"CRSA1456047","Authorized to Open","Active","Cannabis Retail Store Authorization","42.984676","-81.2942229","TOKYO SMOKE","666 WONDERLAND RD N UNIT 6B","LONDON","ON","N6H4K9","33682285"
"CRSA1456048","Authorized to Open","Active","Cannabis Retail Store Authorization","48.4150002980555","-89.242612174477","NORTHERN GLOW THUNDER BAY MEMORIAL","701 MEMORIAL AVE UNIT 2","THUNDER BAY","ON","P7B3Z7","64499317"
"CRSA1456049","Authorized to Open","Active","Cannabis Retail Store Authorization","48.3808114773503","-89.2919925","Northern Glow Thunder Bay Arthur","540 ARTHUR ST W","THUNDER BAY","ON","P7E5R7","82445"
"CRSA1456050","Authorized to Open","Active","Cannabis Retail Store Authorization","48.404718","-89.2455919116507","TOKYO SMOKE 1082 MEMORIAL ","1082 MEMORIAL AVE","THUNDER BAY","ON","P7B4A3","44234728"
"CRSA1456054","Authorized to Open","Active","Cannabis Retail Store Authorization","43.1738471290898","-79.7792217496394","Tokyo Smoke Rymal","2257 RYMAL RD E UNIT D1","STONEY CREEK","ON","L8J2V8","49167647"
"CRSA1456055","Authorized to Open","Active","Cannabis Retail Store Authorization","46.2795798498223","-79.4462082296802","TOKYO SMOKE NORTH BAY","390 LAKESHORE DR SUITE 3","NORTH BAY","ON","P1A2C7","44503842"
"CRSA1456240","Authorized to Open","Active","Cannabis Retail Store Authorization","43.46197975495","-80.468846829826","Discounted Cannabis ","809 VICTORIA ST N SUITE 7","KITCHENER","ON","N2B3C3","177071139"
"CRSA1456254","Authorized to Open","Active","Cannabis Retail Store Authorization","42.311614296544","-83.059936511824","Discounted Cannabis ","1776 UNIVERSITY AVE W","WINDSOR","ON","N9B1C4","177074124"
"CRSA1456449","Authorized to Open","Active","Cannabis Retail Store Authorization","42.2449122669543","-83.0609169550387","GREENTOWN CANNABIS DISCOUNT HUT","5994 MALDEN RD UNIT 3","LASALLE","ON","N9H1S8","80140823"
"CRSA1456471","Authorized to Open","Active","Cannabis Retail Store Authorization","42.3180350341622","-83.0402173698424","Greentown Cannabis Discount Hut","74 CHATHAM ST W","WINDSOR","ON","N9A5M6","108642"
"CRSA1456784","Authorized to Open","Active","Cannabis Retail Store Authorization","43.7153718332766","-79.4471783464519","Cannabis Hut","701 LAWRENCE AVE W","NORTH YORK","ON","M6A1B4","24245035"
"CRSA1457052","Authorized to Open","Active","Cannabis Retail Store Authorization","43.229069862629","-79.7637874297137","THE HUNNY POT CANNABIS CO.","40 CENTENNIAL PKY N SUITE 5","HAMILTON","ON","L8E1H6","64495265"
"CRSA1457069","Authorized to Open","Active","Cannabis Retail Store Authorization","43.9983237099659","-79.4672057896014","Red Star Cannabis Co. ","15191 YONGE ST","AURORA","ON","L4G1L8","24138381"
"CRSA1457310","Authorized to Open","Active","Cannabis Retail Store Authorization","45.3459095233787","-75.7306922486537"," The Hunny Pot Cannabis Co","1642 MERIVALE RD, UNIT A01014A","OTTAWA","ON","K2G4A1","48168941"
"CRSA1457311","Authorized to Open","Active","Cannabis Retail Store Authorization","45.3856300122038","-75.7398600390832","The Hunny Pot Cannabis Co","1405 CARLING AVE UNIT 1395","OTTAWA","ON","K1Z7L6","75404753"
"CRSA1457312","Authorized to Open","Active","Cannabis Retail Store Authorization","45.42946038525","-75.6921821373996","THE HUNNY POT CANNABIS CO.","121 CLARENCE ST","OTTAWA","ON","K1N5P5","56721"
"CRSA1457313","Authorized to Open","Active","Cannabis Retail Store Authorization","45.417451781881","-75.698320919507","THE HUNNY POT CANNABIS CO.","206 BANK ST","OTTAWA","ON","K2P1W8","5317018"
"CRSA1457585","Authorized to Open","Active","Cannabis Retail Store Authorization","43.792859555906","-79.324929943718","Moksha Cannabis","2525A PHARMACY AVE","SCARBOROUGH","ON","M1W2K2","177573934"
"CRSA1458592","Authorized to Open","Active","Cannabis Retail Store Authorization","44.4274434882277","-78.269218482832","ONE PLANT LAKEFIELD","112 QUEEN ST, UNIT #2","LAKEFIELD","ON","K0L2H0","68369709"
"CRSA1458593","Authorized to Open","Active","Cannabis Retail Store Authorization","44.4332899842875","-77.8821660861558","ONE PLANT HAVELOCK","30 OTTAWA STREET, EAST UNIT","HAVELOCK","ON","K0L1Z0","89136991"
"CRSA1458726","Authorized to Open","Active","Cannabis Retail Store Authorization","42.960467982553","-81.62283532397","SESSIONS CANNABIS - STRATHROY","51 FRONT ST E SUITE 6A","STRATHROY","ON","N7G1Y5","178010731"
"CRSA1458858","Authorized to Open","Active","Cannabis Retail Store Authorization","42.31021661419","-82.937406414625","Discounted Cannabis ","2601 LAUZON PKY UNIT 510","WINDSOR","ON","N8T3M4","180769415"
"CRSA1459822","Authorized to Open","Active","Cannabis Retail Store Authorization","43.759622100629","-79.593013804216","Crown Leaf","5010 STEELES AVE W UNIT 1","ETOBICOKE","ON","M9V5C6","178405802"
"CRSA1460852","Authorized to Open","Active","Cannabis Retail Store Authorization","45.362436112651","-75.790825027875","Purple Meadow Cannabis","1487 RICHMOND RD","OTTAWA","ON","K2B6R9","178803272"
"CRSA1461158","Authorized to Open","Active","Cannabis Retail Store Authorization","43.886048986523","-78.879114873185","Friendly Stranger","491 GIBB ST UNIT 1","OSHAWA","ON","L1J1Z4","18812496"
"CRSA1461221","Authorized to Open","Active","Cannabis Retail Store Authorization","46.324608985486","-79.428319968017","Highlife 2690 Trout Lake","2690 TROUT LAKE RD UNIT 5","NORTH BAY","ON","P1B7S7","178940742"
"CRSA1461308","Authorized to Open","Active","Cannabis Retail Store Authorization","44.250840874837","-77.783232610695","ABIDE INC. ","271 2ND LINE E","CAMPBELLFORD","ON","K0L1L0","178971951"
"CRSA1461370","Authorized to Open","Active","Cannabis Retail Store Authorization","43.830322992909","-79.07772297928","Consumers Cannabis","1477 BAYLY ST UNIT 6","PICKERING","ON","L1W3R5","178991279"
"CRSA1461769","Authorized to Open","Active","Cannabis Retail Store Authorization","44.730634612372","-79.874213496165","ONE PLANT CANNABIS SUPERSTORE","16821 12 HWY UNIT 5","MIDLAND","ON","L4R0A9","210699984"
"CRSA1462418","Authorized to Open","Active","Cannabis Retail Store Authorization","43.6874382489756","-79.3978342589589","One Plant St.Clair","76 ST CLAIR AVE W, UNIT 101-102","TORONTO","ON","M4V 1M7","67309084"
"CRSA1462422","Authorized to Open","Active","Cannabis Retail Store Authorization","43.7202491984821","-79.6138852146978","ONE PLANT REXDALE","680 REXDALE BLVD UNIT 5","ETOBICOKE","ON","M9W0B5","44308545"
"CRSA1462425","Authorized to Open","Active","Cannabis Retail Store Authorization","43.6324725073289","-79.5440249394658","One Plant Dundas","5485 DUNDAS ST W","ETOBICOKE","ON","M9B1B5","44324818"
"CRSA1462426","Authorized to Open","Active","Cannabis Retail Store Authorization","43.3386796112292","-79.7849130122041","One Plant Burlington New St.","3007 NEW ST","BURLINGTON","ON","L7R1K3","21746353"
"CRSA1462430","Authorized to Open","Active","Cannabis Retail Store Authorization","43.693750483773","-79.557162811773","One Plant Kipling","1735 KIPLING AVE, BLDG D, UNIT 17","ETOBICOKE","ON","M9R2Y8","171492001"
"CRSA1462636","Authorized to Open","Active","Cannabis Retail Store Authorization","44.104034879293","-77.57954948469","One Plant Trenton","150 FRONT ST UNIT 4A","TRENTON","ON","K8V4N8","179424953"
"CRSA1463349","Authorized to Open","Active","Cannabis Retail Store Authorization","42.905335008588","-78.962414981314","Fort Erie Cannabis","1264 GARRISON RD UNIT 7","FORT ERIE","ON","L2A1P1","179660108"
"CRSA1463354","Authorized to Open","Active","Cannabis Retail Store Authorization","48.101084003272","-79.715178031342","NORTH CANNLIGHTS","52 GOVERNMENT ROAD","LARDER LAKE","ON","P0K1L0","179660980"
"CRSA1465734","Authorized to Open","Active","Cannabis Retail Store Authorization","43.023018689371","-79.24943741376","Canna Cabana","960 NIAGARA ST UNIT C3 ","WELLAND","ON ","L0S 1E4","207763470"
"CRSA1465740","Authorized to Open","Active","Cannabis Retail Store Authorization","43.241955802423","-79.756095465159","Canna Cabana","518 CENTENNIAL PKY N UNIT 102","HAMILTON","ON","L8E0G2","191642893"
"CRSA1466357","Authorized to Open","Active","Cannabis Retail Store Authorization","43.001554479358","-81.188100288244","Discounted Cannabis","1680 DUNDAS ST","LONDON","ON","N5W3C7","180689869"
"CRSA1467070","Authorized to Open","Active","Cannabis Retail Store Authorization","44.2820089619426","-78.3448050607653","One Plant","999 LANSDOWNE ST W UNIT 8","PETERBOROUGH","ON","K9J8N2","130666"
"CRSA1467176","Authorized to Open","Active","Cannabis Retail Store Authorization","43.4500399853336","-80.4887199869792","TRUE NORTH CANNABIS CO.","1 QUEEN ST N SUITE 102","KITCHENER","ON","N2H2G7","87476166"
"CRSA1467341","Authorized to Open","Active","Cannabis Retail Store Authorization","44.3575417363379","-79.6983405060013","ONE PLANT ESSA ROAD","231 ESSA RD","BARRIE","ON","L4N6B7","43890877"
"CRSA1467351","Authorized to Open","Active","Cannabis Retail Store Authorization","44.4154020000001","-79.67996","ONE PLANT BARRIE (CUNDLES)","627 CUNDLES ROAD EAST, UNIT 111","BARRIE","ON","L4M0G9","68512311"
"CRSA1467367","Authorized to Open","Active","Cannabis Retail Store Authorization","46.331450001491","-79.4667199810346","One Plant North Bay","1899 ALGONQUIN AVE UNIT 125","NORTH BAY","ON","P1B4Y8","78338342"
"CRSA1467531","Authorized to Open","Active","Cannabis Retail Store Authorization","44.60543500474","-79.396211998256","Tokyo Smoke Orillia","317 ATHERLEY RD UNIT 7","ORILLIA","ON","L3V1N8","181075987"
"CRSA1467560","Authorized to Open","Active","Cannabis Retail Store Authorization","42.962952085288","-81.230789740212","The Hunny Pot Cannabis Co.","334 WELLINGTON RD UNIT 5A","LONDON","ON","N6C4P6","181084864"
"CRSA1467646","Authorized to Open","Active","Cannabis Retail Store Authorization","42.3265441834784","-82.9793067006751","Discounted Cannabis ","4782 WYANDOTTE ST E","WINDSOR","ON","N8Y1H7","64508337"
"CRSA1467894","Authorized to Open","Active","Cannabis Retail Store Authorization","43.631876909003","-79.518492985293","Canna Cabana","1020 ISLINGTON AVE UNIT 16","ETOBICOKE","ON","M8Z6A4","181173425"
"CRSA1468175","Authorized to Open","Active","Cannabis Retail Store Authorization","42.30850511338","-82.963816282788","Discounted Cannabis","5124 TECUMSEH RD E UNIT 1","WINDSOR","ON","N8T1C1","135399190"
"CRSA1468787","Authorized to Open","Active","Cannabis Retail Store Authorization","43.896906317164","-78.863560407825","Kindling Cannabis","22 SIMCOE ST S","OSHAWA","ON","L1H4G2","181433125"
"CRSA1468918","Authorized to Open","Active","Cannabis Retail Store Authorization","45.2249899996561","-76.1979799979357","Bluebird Cannabis Co. Almonte","14 MILL ST UNIT 8A","ALMONTE","ON","K0A1A0","79438760"
"CRSA1469160","Authorized to Open","Active","Cannabis Retail Store Authorization","43.766010996777","-79.391740588188","Sativa Bliss Cannabis Boutique","386 SHEPPARD AVE E SUITE 3","NORTH YORK","ON","M2N3B7","181527784"
"CRSA1469779","Authorized to Open","Active","Cannabis Retail Store Authorization","45.280737492852","-75.912555240054","Hunny Pot Cannabis","5754 HAZELDEAN RD UNIT A9","STITTSVILLE","ON","K2S2R1","181692780"
"CRSA1470417","Authorized to Open","Active","Cannabis Retail Store Authorization","42.857678776075","-80.707531329574","Fiore Verde","145 SIMCOE ST UNIT 3","TILLSONBURG","ON","N4G2J4","181868675"
"CRSA1470422","Authorized to Open","Active","Cannabis Retail Store Authorization","44.782503379873","-78.652389924346","Fiore Verde","4075 COUNTY RD 121 UNIT A","KINMOUNT","ON","K0M2A0","181870757"
"CRSA1470563","Authorized to Open","Active","Cannabis Retail Store Authorization","42.788748225564","-80.20687371502","Grand Cannabis","511 MAIN ST UNIT 1","PORT DOVER","ON","N0A1N0","156423197"
"CRSA1470645","Authorized to Open","Active","Cannabis Retail Store Authorization","43.613873419172","-79.645958179443","Sauga Cannabis","295 EGLINTON AVE E UNIT 13A","MISSISSAUGA","ON","L4Z3K6","150667855"
"CRSA1470756","Authorized to Open","Active","Cannabis Retail Store Authorization","44.659145318279","-78.797565241716","Bud's Cannabis Store","6666  HWY 35 UNIT 1","COBOCONK","ON","K0M1K0","188312308"
"CRSA1471633","Authorized to Open","Active","Cannabis Retail Store Authorization","43.737254405272","-79.244514386749","Cannabis Hut","2807 EGLINTON AVE E SUITE 3","SCARBOROUGH","ON","M1J2E1","182219260"
"CRSA1471778","Authorized to Open","Active","Cannabis Retail Store Authorization","42.27195268137","-83.013666897553","The We Store","3051 DOUGALL AVE","WINDSOR","ON","N9E1S3","24183157"
"CRSA1472946","Authorized to Open","Active","Cannabis Retail Store Authorization","43.919069996997","-78.584067019906","Fuel & Flower Cannabis","216 KING AVE E SUITE 3","NEWCASTLE","ON","L1B1H5","182589755"
"CRSA1473056","Authorized to Open","Active","Cannabis Retail Store Authorization","45.442305801177","-75.670900026183","Pharaonic Cannabis Co.","196 BEECHWOOD AVE","VANIER","ON","K1L8A9","89946057"
"CRSA1473399","Authorized to Open","Active","Cannabis Retail Store Authorization","43.63057431934","-79.484862023725","Cannabis 151","156 THE QUEENSWAY SUITE 1B","ETOBICOKE","ON","M8Y1J2","182722514"
"CRSA1473742","Authorized to Open","Active","Cannabis Retail Store Authorization","43.759340091496","-79.229435259117","Double Puffz","3420 LAWRENCE AVE E UNIT 4B","SCARBOROUGH","ON","M1H1A9","183515931"
"CRSA1474160","Authorized to Open","Active","Cannabis Retail Store Authorization","44.382618914536","-79.70422036932","Discounted Cannabis ","7 ANNE ST S SUITE 9","BARRIE","ON","L4N2C4","182916647"
"CRSA1474614","Authorized to Open","Active","Cannabis Retail Store Authorization","43.7373721762651","-79.4343364776674","ONE PLANT WILSON AVE.","274 WILSON AVE","NORTH YORK","ON","M3H1S8","21696411"
"CRSA1474659","Authorized to Open","Active","Cannabis Retail Store Authorization","45.329439744972","-75.818033104678","Canna Cabana","1831 ROBERTSON RD UNIT 111","NEPEAN","ON","K2H8X3","183068875"
"CRSA1475484","Authorized to Open","Active","Cannabis Retail Store Authorization","43.289889014927","-80.456603970591","YOLO CANNABIS","148 NORTHUMBERLAND ST SUITE 5","AYR","ON","N0B1E0","183307502"
"CRSA1475916","Authorized to Open","Active","Cannabis Retail Store Authorization","48.441774001551","-89.210615031985","PAY LESS CANNABIS","231 CUMBERLAND ST N UNIT A","THUNDER BAY","ON","P7A4N4","184901721"
"CRSA1476468","Authorized to Open","Active","Cannabis Retail Store Authorization","44.2600300182868","-76.5816699976947","Tokyo Smoke Princess Street","2790 PRINCESS ST","KINGSTON","ON","K7P1W9","68907996"
"CRSA1476553","Authorized to Open","Active","Cannabis Retail Store Authorization","44.3304786991004","-76.1605807003382","CANNAZONIA","191 KING ST E","GANANOQUE","ON","K7G1G3","102787192"
"CRSA1476792","Authorized to Open","Active","Cannabis Retail Store Authorization","43.729386983313","-79.283227966765","Canna Cabana","2000 EGLINTON AVE E UNIT H1","SCARBOROUGH","ON","M1L2M6","184569"
"CRSA1476814","Authorized to Open","Active","Cannabis Retail Store Authorization","43.2149099155136","-79.7101730006238","ELEVATED MINDS RETAIL CANNABIS","570 HIGHWAY 8 UNIT 2","STONEY CREEK","ON","L8G 4M2","88840477"
"CRSA1477222","Authorized to Open","Active","Cannabis Retail Store Authorization","43.231587094828","-79.762291787082","Discounted Cannabis ","96 CENTENNIAL PKY N UNIT 10","HAMILTON","ON","L8E1H7","183818423"
"CRSA1477347","Authorized to Open","Active","Cannabis Retail Store Authorization","42.29553208313","-83.029686326349","Discounted Cannabis ","405B TECUMSEH RD W","WINDSOR","ON","N8X1G6","183855029"
"CRSA1477431","Authorized to Open","Active","Cannabis Retail Store Authorization","43.188967715571","-81.404258087931","True North Cannabis Co.","184 MAIN STREET UNIT 5","LUCAN","ON","N0M 2J0","183878993"
"CRSA1477568","Authorized to Open","Active","Cannabis Retail Store Authorization","43.423736190155","-80.48420717031","One Plant Kitchener","725 OTTAWA ST S UNIT 4","KITCHENER","ON","N2E3H5","183937489"
"CRSA1477706","Authorized to Open","Active","Cannabis Retail Store Authorization","44.114875110851","-79.564135968482","Beaverton cannabis ","23 HOLLAND STREET EAST","BRADFORD","ON","L3Z0J1","183969498"
"CRSA1477846","Authorized to Open","Active","Cannabis Retail Store Authorization","42.910515401936","-81.293769600472","Main Street Cannabis Co.","2386 MAIN ST UNIT 6","LONDON","ON","N6P 1A9","184795638"
"CRSA1479188","Authorized to Open","Active","Cannabis Retail Store Authorization","43.742700798317","-79.314054511168","Canna Cabana","1448 LAWRENCE AVE E UNIT 6A","NORTH YORK","ON","M4A2V6","184607003"
"CRSA1479482","Authorized to Open","Active","Cannabis Retail Store Authorization","43.679403389655","-79.345313477956","EIGHTH CANNABIS","702 PAPE AVE","TORONTO","ON","M4K3S7","202683"
"CRSA1479718","Authorized to Open","Active","Cannabis Retail Store Authorization","45.300929413783","-74.629883828866","Alexandria Cannabis","43 ANIK ST SUITE B","ALEXANDRIA","ON","K0C1A0","184550726"
"CRSA1480205","Authorized to Open","Active","Cannabis Retail Store Authorization","43.6653955434244","-79.4661609446304","Veggie Cannabis","2903 DUNDAS ST W","TORONTO","ON","M6P1Z1","14116571"
"CRSA1480505","Authorized to Open","Active","Cannabis Retail Store Authorization","43.644173412418","-79.399765087012","Seven Point Cannabis","85 PORTLAND ST","TORONTO","ON","M5V2M9","171598"
"CRSA1480667","Authorized to Open","Active","Cannabis Retail Store Authorization","42.9602147707371","-81.2307522324825","SESSIONS CANNABIS","395 WELLINGTON RD UNIT 15","LONDON","ON","N6C5Z6","83154757"
"CRSA1481159","Authorized to Open","Active","Cannabis Retail Store Authorization","43.429255380029","-80.527170207597","Canna Cabana","875 HIGHLAND RD W UNIT 106A","KITCHENER","ON","N2N2Y2","184976009"
"CRSA1481678","Authorized to Open","Active","Cannabis Retail Store Authorization","43.581906894027","-79.615080924525","Crown Leaf","55 DUNDAS ST E, UNIT 5 & 6","MISSISSAUGA","ON","L5A1W1","131968026"
"CRSA1485723","Authorized to Open","Active","Cannabis Retail Store Authorization","43.006377384535","-81.211733567161","Canna Cabana","1299 OXFORD ST E UNIT 79","LONDON","ON","N5Y4W5","186377107"
"CRSA1486561","Authorized to Open","Active","Cannabis Retail Store Authorization","42.989095995663","-82.365517039954","J.J's JOINT CANNABIS","914 MURPHY RD UNIT 9A","SARNIA","ON","N7S5C4","186661475"
"CRSA1486818","Authorized to Open","Active","Cannabis Retail Store Authorization","43.182396596848","-79.252237723792","Discounted Cannabis ","353 LAKE ST UNIT 10","ST CATHARINES","ON","L2N7G4","186759509"
"CRSA1487378","Authorized to Open","Active","Cannabis Retail Store Authorization","43.984451188699","-79.462769170973","Maple Leaf Cannabis","2 ALLAURA BLVD SUITE 7","AURORA","ON","L4G3S5","186906016"
"CRSA1487436","Authorized to Open","Active","Cannabis Retail Store Authorization","42.972395388862","-81.252504066216","The Dime on Wortley","162 WORTLEY RD UNIT 2","LONDON","ON","N6C3P7","143039865"
"CRSA1488052","Authorized to Open","Active","Cannabis Retail Store Authorization","43.2236632192996","-79.7449414376075","Discounted Cannabis ","141 HIGHWAY 8 UNIT 2","STONEY CREEK","ON","L8G5C1","66024772"
"CRSA1488857","Authorized to Open","Active","Cannabis Retail Store Authorization","43.449190395628","-80.445260573386","Sessions Cannabis - Kitchener (Stanley Park)","1005 OTTAWA ST N UNIT A01026B","KITCHENER","ON","N2A1H1","190410651"
"CRSA1489824","Authorized to Open","Active","Cannabis Retail Store Authorization","45.60627301019","-74.615672982585","The Oz Store","442 MCGILL ST","HAWKESBURY","ON","K6A1R2","187697359"
"CRSA1490337","Authorized to Open","Active","Cannabis Retail Store Authorization","45.451749984851","-75.483189986778","Highties Cannabis","2284 TENTH LINE RD. UNIT F5","ORLEANS","ON","K4A 0X4","83423621"
"CRSA1490384","Authorized to Open","Active","Cannabis Retail Store Authorization","43.1634899988601","-79.2455600291703","Spot420 The Cannabis Store","120 WELLAND AVE UNIT 5","ST CATHARINES","ON","L2R2N3","68809467"
"CRSA1490655","Authorized to Open","Active","Cannabis Retail Store Authorization","45.102821238922","-75.229834061245","Moon Bud","24A MAIN STREET NORTH UNIT 2","ALEXANDRIA","ON","K0C 1A0","190040877"
"CRSA1490739","Authorized to Open","Active","Cannabis Retail Store Authorization","43.4108500198512","-80.3092600034127","THC Labs Cannabis","209 PINEBUSH RD SUITE 6","CAMBRIDGE","ON","N1R7H8","77855923"
"CRSA1491186","Authorized to Open","Active","Cannabis Retail Store Authorization","46.525615992269","-84.317035993709","PAY LESS CANNABIS","44 GREAT NORTHERN RD UNIT 50A","SAULT STE. MARIE","ON","P6B4Y5","188544256"
"CRSA1491300","Authorized to Open","Active","Cannabis Retail Store Authorization","44.12143361481","-79.558854782748","KINDLING CANNABIS SIMCOE","200 DISSETTE ST UNIT 7","BRADFORD","ON","L3Z4M2","200636454"
"CRSA1491480","Authorized to Open","Active","Cannabis Retail Store Authorization","44.568823606041","-80.942441039226","MAPLE LEAF CANNABIS ","1047 2ND AVE E","OWEN SOUND","ON","N4K2H8","197553915"
"CRSA1491719","Authorized to Open","Active","Cannabis Retail Store Authorization","43.8284474678861","-80.5413852023472","The Green Cloud Cannabis","7999 WELLINGTON RD 109 BUILDING 1 UNIT 3","ARTHUR","ON","N0G1A0","77289942"
"CRSA1491723","Authorized to Open","Active","Cannabis Retail Store Authorization","43.9179800143083","-80.104850027759","THE GREEN CLOUD CANNABIS","281 BROADWAY UNIT 3","ORANGEVILLE","ON","L9W1L2","80290584"
"CRSA1491724","Authorized to Open","Active","Cannabis Retail Store Authorization","43.6900600156235","-79.5716500094028","THE GREEN CLOUD CANNABIS","557 DIXON RD SUITE 132","ETOBICOKE","ON","M9W6K1","70646019"
"CRSA1492002","Authorized to Open","Active","Cannabis Retail Store Authorization","42.665010379937","-81.215452785238","Yolo Cannabis","204 CARLOW RD UNIT 1","PORT STANLEY","ON","N5L1C5","191138194"
"CRSA1492204","Authorized to Open","Active","Cannabis Retail Store Authorization","46.520790488702","-80.941506959936","ONE PLANT CANNABIS SUPERSTORE","1485 LASALLE BLVD UNIT 1","SUDBURY","ON","P3A5H7","188482612"
"CRSA1492516","Authorized to Open","Active","Cannabis Retail Store Authorization","43.345398587801","-81.480478421543","Exeter Cannabis","413 MAIN STREET S","EXETER","ON","N0M 1S2","188584315"
"CRSA1493868","Authorized to Open","Active","Cannabis Retail Store Authorization","45.8261221662244","-77.0920984735125","Valley Cannabis","820 PEMBROKE ST E","PEMBROKE","ON","K8A3M2","66607011"
"CRSA1494443","Authorized to Open","Active","Cannabis Retail Store Authorization","42.3031699900996","-83.0754400152133","Discounted Cannabis ","3156 SANDWICH ST","WINDSOR","ON","N9C1A6","78915564"
"CRSA1494830","Authorized to Open","Active","Cannabis Retail Store Authorization","44.355342692861","-78.735812408261","Sparq Retail","30 KENT ST W UNIT A","LINDSAY","ON","K9V2Y1","189871429"
"CRSA1495132","Authorized to Open","Active","Cannabis Retail Store Authorization","45.469108906327","-75.529935441692","DIME N DASH","2369 ST. JOSEPH BLVD UNIT 1B","ORLEANS","ON","K1C2E3","191367471"
"CRSA1495480","Authorized to Open","Active","Cannabis Retail Store Authorization","45.362442985811","-75.740577027081","Bluebird Cannabis Co.","1356 CLYDE AVE UNIT 16B","OTTAWA","ON","K2C3Z4","189880144"
"CRSA1495832","Authorized to Open","Active","Cannabis Retail Store Authorization","44.427638996592","-79.126155292208","Flowertown Cannabis","20 BEAVER AVE","BEAVERTON","ON","L0K1A0","189619215"
"CRSA1495950","Authorized to Open","Active","Cannabis Retail Store Authorization","44.744139115673","-81.141086277152","MAPLE LEAF CANNABIS","632 BERFORD ST","WIARTON","ON","N0H 2T0","189661824"
"CRSA1495996","Authorized to Open","Active","Cannabis Retail Store Authorization","43.772969988069","-79.282047794797","Hunny Pot Cannabis","26 WILLIAM KITCHEN RD UNIT 6","SCARBOROUGH","ON","M1P5B7","91369"
"CRSA1496517","Authorized to Open","Active","Cannabis Retail Store Authorization","43.670331194843","-79.39195340471","CANNABIS CUPBOARD","120 CUMBERLAND ST UNIT A","TORONTO","ON","M5R1A6","189939192"
"CRSA1496676","Authorized to Open","Active","Cannabis Retail Store Authorization","43.4608899818085","-80.4409400375751","HIGHLIFE KITCHENER","200 LORRAINE AVE UNIT 3A","KITCHENER","ON","N2B3R3","81073358"
"CRSA1496740","Authorized to Open","Active","Cannabis Retail Store Authorization","46.073768965934","-77.569440322728","Highlife Deep River","45 CHAMPLAIN ST","DEEP RIVER","ON","K0J1P0","193134532"
"CRSA1496858","Authorized to Open","Active","Cannabis Retail Store Authorization","45.256897855352","-75.358164150926","MARIJUANA CANNABIS","1136 CONCESSION ST ","RUSSELL","ON","K4R 1E1","189946407"
"CRSA1496926","Authorized to Open","Active","Cannabis Retail Store Authorization","43.8701907190821","-79.1118934001363","The Happy Cannasseur","1134 BALTIC LANE","PICKERING","ON","L1X0G9","125066117"
"CRSA1497057","Authorized to Open","Active","Cannabis Retail Store Authorization","43.623205997806","-79.483586968614","Hunny Pot Cannabis","8 PARK LAWN RD UNIT 2","ETOBICOKE","ON","M8V0E8","189999377"
"CRSA1497360","Authorized to Open","Active","Cannabis Retail Store Authorization","45.3556399817372","-75.9323299936635","BLUEBIRD CANNABIS CO.","806 MARCH RD","KANATA","ON","K2W0C9","70265319"
"CRSA1497763","Authorized to Open","Active","Cannabis Retail Store Authorization","45.469355585738","-75.49140601209","Hunny Pot Cannabis","1675 TENTH LINE RD UNIT 12","ORLEANS","ON","K1E3P6","190225842"
"CRSA1498719","Authorized to Open","Active","Cannabis Retail Store Authorization","44.175108716247","-77.3897353541661","CASA BLISS","110 NORTH FRONT ST UNIT C004","BELLEVILLE","ON","K8P0A6","68953230"
"CRSA1499022","Authorized to Open","Active","Cannabis Retail Store Authorization","43.005728918596","-79.253154033447","Discounted Cannabis ","545 NIAGARA ST UNIT 10","WELLAND","ON","L3C1L7","190587798"
"CRSA1499505","Authorized to Open","Active","Cannabis Retail Store Authorization","45.4464524124965","-75.628592286086","I LOVE CANNABIS","928 MONTREAL RD UNIT 3","OTTAWA","ON","K1K0S8","124435486"
"CRSA1500560","Authorized to Open","Active","Cannabis Retail Store Authorization","43.7438424135297","-81.2509001890434","Green Garden Cannabis","450 TURNBERRY ST","BRUSSELS","ON","N0G 1H0","98792005"
"CRSA1501158","Authorized to Open","Active","Cannabis Retail Store Authorization","42.592606997393","-82.394839032737","WILD SPRUCE CANNABIS","1119 DUFFERIN AVE UNIT C","WALLACEBURG","ON","N8A2W2","191243007"
"CRSA1501241","Authorized to Open","Active","Cannabis Retail Store Authorization","43.596206907554","-79.5258173773155","Caliwood Cannabis","3351 LAKE SHORE BLVD W","ETOBICOKE","ON","M8W1N1","24186878"
"CRSA1501560","Authorized to Open","Active","Cannabis Retail Store Authorization","43.255251009602","-79.885578099585","KINDLING CANNABIS 35 PINE STREET A","35 PINE ST UNIT A","HAMILTON","ON","L8P2A2","173550521"
"CRSA1502480","Authorized to Open","Active","Cannabis Retail Store Authorization","43.736914183822","-81.428157324636","BLYTH CANNABIS","209 DRUMMOND STREET UNIT-1","BLYTH","ON","N0M1H0","191665416"
"CRSA1502601","Authorized to Open","Active","Cannabis Retail Store Authorization","43.726505913644","-79.30271999878","Divine Flower ","1527 VICTORIA PARK AVE UNIT 106","SCARBOROUGH","ON","M1L2T3","191844044"
"CRSA1502724","Authorized to Open","Active","Cannabis Retail Store Authorization","45.556149983572","-74.888175025065","Aces Cannabis Alfred","561 ST-PHILIPPE ST UNIT 1","ALFRED","ON","K0B1A0","191736261"
"CRSA1503465","Authorized to Open","Active","Cannabis Retail Store Authorization","43.677419015988","-79.444278692568","Runway Pot","1201 ST CLAIR AVE W UNIT B","TORONTO","ON","M6E1B5","197316866"
"CRSA1504301","Authorized to Open","Active","Cannabis Retail Store Authorization","46.491131082406","-80.935998205531","Grassroots Co.","20 SECOND AVE N UNIT 1","SUDBURY","ON","P3B3L6","196909472"
"CRSA1504716","Authorized to Open","Active","Cannabis Retail Store Authorization","43.252590006801","-79.851594595169","SESH - 575 King","575 KING ST E","HAMILTON","ON","L8N1E4","192380536"
"CRSA1504721","Authorized to Open","Active","Cannabis Retail Store Authorization","43.240976879951","-79.811527086334","SESH - 1363 MAIN","1363 MAIN ST E","HAMILTON","ON","L8K1B8","192381887"
"CRSA1505173","Authorized to Open","Active","Cannabis Retail Store Authorization","43.6002050435686","-79.5445709067746","SPOT420 THE CANNABIS STORE","340 BROWNS LINE","ETOBICOKE","ON","M8W3T7","68294363"
"CRSA1506367","Authorized to Open","Active","Cannabis Retail Store Authorization","45.42700631331","-75.689391510416","Pharaonic Cannabis Co.","399B DALHOUSIE ST","OTTAWA","ON","K1N9K4","193424575"
"CRSA1507124","Authorized to Open","Active","Cannabis Retail Store Authorization","44.04225421792","-81.118214913233","PENNY BUDS","76 ELORA ST","SOUTH BRUCE","ON","N0G 2J0","193268645"
"CRSA1507995","Authorized to Open","Active","Cannabis Retail Store Authorization","43.556486299986","-79.710030536964","One Plant Erin Mills Town Centre","2635 EGLINTON AVE W UNIT 5","MISSISSAUGA","ON","L5M7E1","193555122"
"CRSA1508017","Authorized to Open","Active","Cannabis Retail Store Authorization","49.402962947642","-82.385538315057","Sessions Cannabis - Kapuskasing","354 GOVERNMENT RD E UNIT 2","KAPUSKASING","ON","P5N2X7","193562921"
"CRSA1508167","Authorized to Open","Active","Cannabis Retail Store Authorization","45.4048657951118","-75.6263269127915","PARADISE CANNABIS","1727A ST. LAURENT BLVD","OTTAWA","ON","K1G3V4","81105896"
"CRSA1508550","Authorized to Open","Active","Cannabis Retail Store Authorization","46.493265282592","-80.994694913269","BUDSSMOKE","52 ELM ST UNIT 1","SUDBURY","ON","P3C1S7","194295326"
"CRSA1508691","Authorized to Open","Active","Cannabis Retail Store Authorization","46.36566949839","-79.920152192898","Shorty's Cannabis","162 FRONT ST UNIT 4","STURGEON FALLS","ON","P2B2H8","193810724"
"CRSA1508744","Authorized to Open","Active","Cannabis Retail Store Authorization","45.423911882296","-75.675340926123","Banana Express Cannabis","312 SOMERSET ST E UNIT C1","OTTAWA","ON","K1N6W1","193836610"
"CRSA1508757","Authorized to Open","Active","Cannabis Retail Store Authorization","43.200691986457","-79.220773987109","Hunny Pot Cannabis","486 GRANTHAM AVE UNIT 5","ST CATHARINES","ON","L2M3J7","193840678"
"CRSA1509042","Authorized to Open","Active","Cannabis Retail Store Authorization","44.094526909336","-77.604407275843","Inspired Cannabis Co","470 2ND DUG HILL RD UNIT B4","TRENTON","ON","K8V0B7","194070300"
"CRSA1509191","Authorized to Open","Active","Cannabis Retail Store Authorization","43.6817799944811","-79.7647299988962","KINDLING CANNABIS BRAMPTON","178 QUEEN STREET WEST (MAIN FLOOR)","BRAMPTON","ON","L6X1V6","82788933"
"CRSA1509191","Authorized to Open","Active","Cannabis Retail Store Authorization","43.6817799944811","-79.7647299988962","KINDLING CANNABIS BRAMPTON","178 QUEEN STREET WEST (MAIN FLOOR)","BRAMPTON","ON","L6X1V6","82788933"
"CRSA1509363","Authorized to Open","Active","Cannabis Retail Store Authorization","43.410294886404","-80.462238369725","Hunny Pot Cannabis","300 BLEAMS RD UNIT T","KITCHENER","ON","N2E2N1","195341795"
"CRSA1509400","Authorized to Open","Active","Cannabis Retail Store Authorization","44.996626598293","-74.989948428697","SHINY VAPES & CANNABIS","25 THOROLD LANE","INGLESIDE","ON","K0C1M0","194061269"
"CRSA1509881","Authorized to Open","Active","Cannabis Retail Store Authorization","49.767290097553","-94.484877816627","Sessions Cannabis - Kenora","534 PARK ST UNIT 6","KENORA","ON","P9N1A1","194239229"
"CRSA1510714","Authorized to Open","Active","Cannabis Retail Store Authorization","48.536344584327","-80.466465614953","Tanny Oasis","362 MACDOUGALL ST UNIT B","MATHESON","ON","P0K 1N0","160326361"
"CRSA1510844","Authorized to Open","Active","Cannabis Retail Store Authorization","43.7898337651913","-79.3020536172888","HOLLAND DAZE","2582 BIRCHMOUNT RD","SCARBOROUGH","ON","M1T2M5","67912248"
"CRSA1510888","Authorized to Open","Active","Cannabis Retail Store Authorization","43.599962603115","-80.560015281923","VIP Cannabis","31 CHURCH ST W UNIT 2","ELMIRA","ON","N3B1M2","199840722"
"CRSA1511179","Authorized to Open","Active","Cannabis Retail Store Authorization","43.568435289696","-79.666273230531","Eagle I Cannabis ","4040 CREDITVIEW RD UNIT 20","MISSISSAUGA","ON","L5C3Y8","146760931"
"CRSA1511259","Authorized to Open","Active","Cannabis Retail Store Authorization","42.945720987835","-81.431168020438","SESH - Komoka","9952 GLENDON DR SUITE 102","KOMOKA","ON","N0L1R0","194735401"
"CRSA1512352","Authorized to Open","Active","Cannabis Retail Store Authorization","44.334590986527","-78.316150381377","Tokyo Smoke Cannabis","1123 WATER ST UNIT 4","PETERBOROUGH","ON","K9H3P7","195497815"
"CRSA1512565","Authorized to Open","Active","Cannabis Retail Store Authorization","45.427551598022","-75.688346622367","Hunny Pot Cannabis","204 RIDEAU ST","OTTAWA","ON","K1N0G5","195500398"
"CRSA1512711","Authorized to Open","Active","Cannabis Retail Store Authorization","43.003445185257","-81.228375835916","One Plant","900 OXFORD ST E UNIT 13","LONDON","ON","N5Y5A1","195268052"
"CRSA1512829","Authorized to Open","Active","Cannabis Retail Store Authorization","43.741158109038","-79.697460112952","Hunny Pot Cannabis","2933 QUEEN ST E UNIT 5","BRAMPTON","ON","L6T5J1","196646589"
"CRSA1513243","Authorized to Open","Active","Cannabis Retail Store Authorization","43.645568076709","-79.36445203693","Sugar Beach Cannabis","192 QUEENS QUAY E UNIT A5","TORONTO","ON","M5A3Y4","199962562"
"CRSA1513780","Authorized to Open","Active","Cannabis Retail Store Authorization","43.25680761284","-79.868713961853","Element Cannabis ","5 KING ST E","HAMILTON","ON","L8N1A1","177375500"
"CRSA1514411","Authorized to Open","Active","Cannabis Retail Store Authorization","43.208837687601","-80.387623086752","The Underground","271 GRAND RIVER ST N UNIT 1","PARIS","ON","N3L2N9","195834411"
"CRSA1514624","Authorized to Open","Active","Cannabis Retail Store Authorization","42.960936991945","-82.369735987098","Discounted Cannabis ","1030 CONFEDERATION ST UNIT 7A","SARNIA","ON","N7S6H1","95284"
"CRSA1514960","Authorized to Open","Active","Cannabis Retail Store Authorization","45.280556820929","-75.668542783553","Out & About Cannabis","110 BLANCA ST UNIT 2","GLOUCESTER","ON","K1V2V6","204600564"
"CRSA1515239","Authorized to Open","Active","Cannabis Retail Store Authorization","42.418886019112","-82.175190002739","Discounted Cannabis ","455 GRAND AVE E UNIT 6","CHATHAM","ON","N7L1X4","196234158"
"CRSA1516037","Authorized to Open","Active","Cannabis Retail Store Authorization","43.651617883542","-79.408649904378","BLUNTFORCE CANNABIS","811 DUNDAS ST W UNIT 2","TORONTO","ON","M6J1V4","196423102"
"CRSA1516375","Authorized to Open","Active","Cannabis Retail Store Authorization","44.2471599831465","-79.4526699834748","The House of Cannabis - Keswick","1 CHURCH ST SUITE 9","KESWICK","ON","L4P0L1","81647480"
"CRSA1516493","Authorized to Open","Active","Cannabis Retail Store Authorization","43.139333018632","-80.266649341335","SESH - Brantford","42 DALHOUSIE ST SUITE 4","BRANTFORD","ON","N3T2H8","196599838"
"CRSA1516538","Authorized to Open","Active","Cannabis Retail Store Authorization","43.6654499935291","-79.3843400382364","Realcan Cannabis","569 YONGE ST","TORONTO","ON","M4Y1Z2","75371265"
"CRSA1517072","Authorized to Open","Active","Cannabis Retail Store Authorization","43.2515064808995","-79.8533741284406","PARADISE CANNABIS","22 TISDALE ST S. UNIT A ","HAMILTON ","ON ","L8N 2V9 ","81479443"
"CRSA1517401","Authorized to Open","Active","Cannabis Retail Store Authorization","43.6347832082","-79.541784785475","Discounted Cannabis ","5324 DUNDAS ST W UNIT 1","ETOBICOKE","ON","M9B1B4","197062848"
"CRSA1517467","Authorized to Open","Active","Cannabis Retail Store Authorization","42.313563005213","-82.932809359828","Connoisseur Culture","7833 TECUMSEH RD E UNIT 200","WINDSOR","ON","N8T1G3","206441004"
"CRSA1517930","Authorized to Open","Active","Cannabis Retail Store Authorization","43.7514832234404","-79.4577267917075","ONE PLANT SHEPPARD AVE W","910 SHEPPARD AVE W","NORTH YORK","ON","M3H2T6","43071"
"CRSA1517931","Authorized to Open","Active","Cannabis Retail Store Authorization","46.554000008178","-80.8641300075055","One Plant Cannabis Superstore","3481 FALCONBRIDGE HWY UNIT 1","GARSON","ON","P3L1S4","79157759"
"CRSA1517931","Authorized to Open","Active","Cannabis Retail Store Authorization","46.554000008178","-80.8641300075055","One Plant Cannabis Superstore","3481 FALCONBRIDGE HWY UNIT 1","GARSON","ON","P3L1S4","79157759"
"CRSA1517933","Authorized to Open","Active","Cannabis Retail Store Authorization","43.641683987175","-79.57669113743","ONE PLANT BURNHAMTHORPE RD.","666 BURNHAMTHORPE RD UNIT 29","ETOBICOKE","ON","M9C2Z4","198695497"
"CRSA1518001","Authorized to Open","Active","Cannabis Retail Store Authorization","42.301009680285","-83.001838271973","Discounted Cannabis","1666 TECUMSEH RD E","WINDSOR","ON","N8W1C5","197135220"
"CRSA1518853","Authorized to Open","Active","Cannabis Retail Store Authorization","44.094768601514","-77.595562607793","Highlife Trenton","469 DUNDAS ST W UNIT 2","TRENTON","ON","K8V3S4","197436565"
"CRSA1519465","Authorized to Open","Active","Cannabis Retail Store Authorization","43.7914900126827","-79.2515400141718","Fogtown Flower","4800 SHEPPARD AVE E UNIT 116  & 118   ","SCARBOROUGH","ON","M1S 4N5","81557686"
"CRSA1520088","Authorized to Open","Active","Cannabis Retail Store Authorization","43.4054473835342","-79.80925462394","Tokyo Smoke Cambridge 75 Pinebush","4517 DUNDAS ST SUITE B5","BURLINGTON","ON","L7M5B4","44312457"
"CRSA1520443","Authorized to Open","Active","Cannabis Retail Store Authorization","43.821757987059","-79.084790013304","Lolly","776 LIVERPOOL RD UNIT 7","PICKERING","ON","L1W1S2","197952491"
"CRSA1520554","Authorized to Open","Active","Cannabis Retail Store Authorization","43.25942461065","-79.867082675857","BUDSSMOKE","1 WILSON ST UNIT 1","HAMILTON","ON","L8R1C4","39470"
"CRSA1520940","Authorized to Open","Active","Cannabis Retail Store Authorization","44.243287711518","-76.51460622275","Tokyo Smoke 1011 Princess","1011 PRINCESS ST UNIT D","KINGSTON","ON","K7L1H3","198356781"
"CRSA1521061","Authorized to Open","Active","Cannabis Retail Store Authorization","43.6659799812669","-79.4064899717488","CHRONIC COLLECTIVE CANNABIS","461 BLOOR ST W","TORONTO","ON","M5S1X9","76960662"
"CRSA1521588","Authorized to Open","Active","Cannabis Retail Store Authorization","44.327436613071","-78.738341060811","Rustic Cannabis","368 ANGELINE ST S UNIT 102","LINDSAY","ON","K9V0J8","199608070"
"CRSA1521811","Authorized to Open","Active","Cannabis Retail Store Authorization","43.707430001212","-79.6991199812382","Canna Cabana","34 AVONDALE BLVD SUITE 2","BRAMPTON","ON","L6T1H3","80561840"
"CRSA1521964","Authorized to Open","Active","Cannabis Retail Store Authorization","45.312516011909","-75.086636028759","Highties Cannabis Store","711 PRINCIPALE ST UNIT 1","CASSELMAN","ON","K0A1M0","199338936"
"CRSA1522149","Authorized to Open","Active","Cannabis Retail Store Authorization","45.441287190393","-75.64313882759","Purple Meadow Cannabis","596 MONTREAL RD UNIT 14","OTTAWA","ON","K1K0T9","198572531"
"CRSA1522388","Authorized to Open","Active","Cannabis Retail Store Authorization","42.980137722225","-82.353766737184","Canna Cabana","1355 LONDON ROAD UNIT 2 BUILDING D","SARNIA","ON","N7S 1P6","203746629"
"CRSA1522586","Authorized to Open","Active","Cannabis Retail Store Authorization","44.899884683499","-76.021972017373","JK'S CANNABIS INC.","12 MAIN ST W","SMITHS FALLS","ON","K7A1M5","198718805"
"CRSA1523342","Authorized to Open","Active","Cannabis Retail Store Authorization","43.795345813872","-79.32004136933","Crown Leaf","3245 FINCH AVE E UNIT 1","SCARBOROUGH","ON","M1W4C1","198968577"
"CRSA1523357","Authorized to Open","Active","Cannabis Retail Store Authorization","43.063081881526","-79.961209269222","Canna Cabana","345 ARGYLE ST S UNIT 10","CALEDONIA","ON","N3W1L8","198975198"
"CRSA1523533","Authorized to Open","Active","Cannabis Retail Store Authorization","42.9931999850055","-81.2516999902444","Famous Flower Cannabis Co.","660 RICHMOND ST UNIT 6","LONDON","ON","N6A3G8","70607440"
"CRSA1523557","Authorized to Open","Active","Cannabis Retail Store Authorization","43.114674507228","-79.110536872926","Discounted Cannabis ","6824 THOROLD STONE RD UNIT 2","NIAGARA FALLS","ON","L2J1B4","200171030"
"CRSA1523713","Authorized to Open","Active","Cannabis Retail Store Authorization","42.944175993532","-81.212902507378","Famous Flower Cannabis Co.","775 SOUTHDALE RD E UNIT 1","LONDON","ON","N6E1R9","199076149"
"CRSA1523839","Authorized to Open","Active","Cannabis Retail Store Authorization","42.439413383808","-81.886466463044","True North Cannabis Co.","21 MAIN ST","RIDGETOWN","ON","N0P2C0","211908148"
"CRSA1525510","Authorized to Open","Active","Cannabis Retail Store Authorization","44.565407309944","-80.926938793122","TOKYO SMOKE CANNABIS & VAPES","797 9TH AVE E SUITE 1","OWEN SOUND","ON","N4K3E6","199731201"
"CRSA1525518","Authorized to Open","Active","Cannabis Retail Store Authorization","45.044086987639","-74.749791982933","Moon Bud","1916 PITT ST UNIT 10","CORNWALL","ON","K6J5H3","200130374"
"CRSA1525536","Authorized to Open","Active","Cannabis Retail Store Authorization","43.774976783327","-79.329434800581","Wildflower Cannabis","2042 SHEPPARD AVE E UNIT A11","NORTH YORK","ON","M2J5B3","199736572"
"CRSA1526268","Authorized to Open","Active","Cannabis Retail Store Authorization","43.0955200144535","-79.0849599983007","Discounted Cannabis ","5440 STANLEY AVE UNIT 2","NIAGARA FALLS","ON","L2G3X1","70945461"
"CRSA1526388","Authorized to Open","Active","Cannabis Retail Store Authorization","43.4154699991529","-80.5114900136886","Discounted Cannabis ","685 FISCHER HALLMAN RD SUITE M","KITCHENER","ON","N2E4E9","79795103"
"CRSA1526633","Authorized to Open","Active","Cannabis Retail Store Authorization","43.675064204109","-79.555708216296","Hunny Pot Cannabis","201 LLOYD MANOR RD UNIT 108","ETOBICOKE","ON","M9B6H6","200138341"
"CRSA1527072","Authorized to Open","Active","Cannabis Retail Store Authorization","45.3436199973075","-75.6905399987896","PLANET EARTH CANNABIS RIVERSIDE","3685 RIVERSIDE DR","OTTAWA","ON","K1V1G8","77260691"
"CRSA1528249","Authorized to Open","Active","Cannabis Retail Store Authorization","48.445998983665","-89.225740008627","HIGHLIFE THUNDER BAY","4 BALSAM ST","THUNDER BAY","ON","P7A5M7","24204406"
"CRSA1528573","Authorized to Open","Active","Cannabis Retail Store Authorization","43.714684286953","-79.556041061671","Cannabis Hut","6 REXDALE BLVD","ETOBICOKE","ON","M9W1N6","200871598"
"CRSA1529612","Authorized to Open","Active","Cannabis Retail Store Authorization","43.0892705043278","-79.1108005284494","Discounted Cannabis","6915 LUNDY'S LANE","NIAGARA FALLS","ON","L2G1V8","44271452"
"CRSA1529879","Authorized to Open","Active","Cannabis Retail Store Authorization","44.895395000882","-76.02714901605","Highlife Smiths Falls","60 LOMBARD ST UNIT 5","SMITHS FALLS","ON","K7A5K2","201417277"
"CRSA1530434","Authorized to Open","Active","Cannabis Retail Store Authorization","45.308183992891","-75.082673986947","BONJOUR HIGH CANNABIS CO. CASSELMAN","646 PRINCIPALE ST","CASSELMAN","ON","K0A 1M0","201665591"
"CRSA1530548","Authorized to Open","Active","Cannabis Retail Store Authorization","42.332862882099","-81.999457786791","True North Cannabis Co.","116 TALBOT ST W","BLENHEIM","ON","N0P1A0","201758781"
"CRSA1530891","Authorized to Open","Active","Cannabis Retail Store Authorization","44.090354691302","-80.209067259081","Golden Tree Cannabis","303 COL PHILLIPS DR UNIT 105","SHELBURNE","ON","L9V 3X7","201924282"
"CRSA1530926","Authorized to Open","Active","Cannabis Retail Store Authorization","44.402127500811","-79.721819264685","Tokyo Smoke Cannabis","353 ANNE ST N UNIT 6","BARRIE","ON","L4N7Z9","201857702"
"CRSA1531510","Authorized to Open","Active","Cannabis Retail Store Authorization","43.7284000142144","-79.2289900124208","CANNA CABANA","3148 KINGSTON RD UNIT 3","SCARBOROUGH","ON","M1M1P4","88473199"
"CRSA1531757","Authorized to Open","Active","Cannabis Retail Store Authorization","43.9523500082792","-77.3419399640253","County Cannabis","186 MAIN STREET UNIT 3","WELLINGTON","ON","K0K 3L0","87834912"
"CRSA1532039","Authorized to Open","Active","Cannabis Retail Store Authorization","43.653488598603","-79.36225447774","COSMIC CHARLIES","356 KING ST E","TORONTO","ON","M5A1K9","43957886"
"CRSA1532089","Authorized to Open","Active","Cannabis Retail Store Authorization","43.6621483127993","-79.3530572232675","Nomade Cannabis","129 MUNRO ST","TORONTO","ON","M4M2B8","24119378"
"CRSA1532377","Authorized to Open","Active","Cannabis Retail Store Authorization","43.8361399918032","-79.2503799587723","Highlife Markham and Steeles","3351 MARKHAM RD SUITE 136","SCARBOROUGH","ON","M1X0A6","76926117"
"CRSA1532606","Authorized to Open","Active","Cannabis Retail Store Authorization","43.4465506916727","-80.5705531696","BUDDIES CANNABIS","646 ERB ST W UNIT 101","WATERLOO","ON","N2T0A8","165210"
"CRSA1532983","Authorized to Open","Active","Cannabis Retail Store Authorization","45.41370519689","-75.695312403001","Dime & Dash","366 BANK ST","OTTAWA","ON","K2P 1Y2","202711928"
"CRSA1533043","Authorized to Open","Active","Cannabis Retail Store Authorization","44.5408599844858","-78.546590022066","Rokeby Cannabis","48 MAIN STREET  BOX 909","BOBCAYGEON","ON","K0M 1A0","71476181"
"CRSA1533309","Authorized to Open","Active","Cannabis Retail Store Authorization","43.8772999978984","-78.8465899875604","THE CANNABIS CONNOISSEUR, OSHAWA","92 WOLFE ST SUITE 3A","OSHAWA","ON","L1H3T6","81235140"
"CRSA1533396","Authorized to Open","Active","Cannabis Retail Store Authorization","43.2857608018842","-80.4502798246454","Speakeasy Cannabis Ayr","62 STANLEY ST","AYR","ON","N0B1E0","114703594"
"CRSA1533398","Authorized to Open","Active","Cannabis Retail Store Authorization","44.0057999799055","-77.8868199968183","Speakeasy Cannabis Colborne","33 KING ST E","COLBORNE","ON","K0K 1S0","81073106"
"CRSA1533401","Authorized to Open","Active","Cannabis Retail Store Authorization","43.4030737038778","-80.3263346755735","Speak Easy Cannabis","561 HESPELER RD UNIT 14","CAMBRIDGE","ON","N1R6J4","44280799"
"CRSA1533402","Authorized to Open","Active","Cannabis Retail Store Authorization","44.738380790101","-79.908742662477","Speakeasy Cannabis Midland","9225 COUNTY RD 93 UNIT 16","MIDLAND","ON","L4R4K4","204836302"
"CRSA1534181","Authorized to Open","Active","Cannabis Retail Store Authorization","43.733218812259","-79.451519399626","FIKA CANNABIS","B1B-77 BILLY BISHOP WAY","NORTH YORK","ON","M3K0C2","203848658"
"CRSA1534221","Authorized to Open","Active","Cannabis Retail Store Authorization","44.925317179843","-79.372061388275","Groovys Gravenhurst","365 BETHUNE DR N UNIT C","GRAVENHURST","ON","P1P1B8","203214028"
"CRSA1534374","Authorized to Open","Active","Cannabis Retail Store Authorization","42.964433796222","-81.362668174022","SESSIONS CANNABIS - RIVER BEND","1876 OXFORD ST W UNIT 2B","LONDON","ON","N6K0J8","147682959"
"CRSA1534555","Authorized to Open","Active","Cannabis Retail Store Authorization","43.6764025","-79.7464573","GANJIKA HOUSE","186 MAIN ST S","BRAMPTON","ON","L6W2E2","33376051"
"CRSA1534558","Authorized to Open","Active","Cannabis Retail Store Authorization","43.9079493660915","-78.9005861603674","Ganjika House Oshawa","575 THORNTON RD N UNIT 7","OSHAWA","ON","L1J8L5","95073"
"CRSA1534576","Authorized to Open","Active","Cannabis Retail Store Authorization","43.7425699987181","-79.6987500040321","Ganjika House Queen and Airport","2880 QUEEN ST E UNIT 8","BRAMPTON","ON","L6S6E8","68809714"
"CRSA1534752","Authorized to Open","Active","Cannabis Retail Store Authorization","43.379283772492","-80.299877720093","Discounted Cannabis","800 FRANKLIN BLVD UNIT C9","CAMBRIDGE","ON","N1R7Z1","203418908"
"CRSA1535236","Authorized to Open","Active","Cannabis Retail Store Authorization","43.712492000178","-79.557654913309","Canna Cabana","150 SILVER REIGN DR UNIT B5-5","TORONTO","ON","M9W0G3","204124317"
"CRSA1535828","Authorized to Open","Active","Cannabis Retail Store Authorization","46.547872920776","-80.881214170196","Highlife Garson","2888 FALCONBRIDGE HWY","GARSON","ON","P3L1J6","203840858"
"CRSA1536080","Authorized to Open","Active","Cannabis Retail Store Authorization","43.6819978379305","-79.7796130313923","Mr. Buddz Cannabis Shop","4 FLOWERTOWN AVE","BRAMPTON","ON","L6X2J9","24204662"
"CRSA1536575","Authorized to Open","Active","Cannabis Retail Store Authorization","43.660140015958","-79.4807500296648","Olive Jar Cannabis","554 ANNETTE ST","TORONTO","ON","M6S2C2","81579674"
"CRSA1536676","Authorized to Open","Active","Cannabis Retail Store Authorization","45.611320659335","-74.60475120645","Highbud Cannabis","128 JOHN ST","HAWKESBURY","ON","K6A1X9","204144021"
"CRSA1537017","Authorized to Open","Active","Cannabis Retail Store Authorization","43.579964513695","-79.615276222869","Cannabis Hut","2565 HURONTARIO ST","MISSISSAUGA","ON","L5A2G4","204576881"
"CRSA1537180","Authorized to Open","Active","Cannabis Retail Store Authorization","42.943706187859","-81.215341892659","KINDLING CANNABIS - SOUTH LONDON","769 SOUTHDALE RD E SUITE 1","LONDON","ON","N6E3B9","204328650"
"CRSA1537389","Authorized to Open","Active","Cannabis Retail Store Authorization","43.285849398601","-80.449103424535","CANNABIS CUPBOARD","122 STANLEY ST UNIT A","AYR","ON","N0B1E0","204420256"
"CRSA1537576","Authorized to Open","Active","Cannabis Retail Store Authorization","42.0962342764727","-83.1080467333654","SESH - AMHERSTBURG","400 SANDWICH ST S UNIT 1300","AMHERSTBURG","ON","N9V3L4","64506627"
"CRSA1537578","Authorized to Open","Active","Cannabis Retail Store Authorization","42.092589885971","-83.106580880986","Sessions Cannabis - Amherstburg","527 SANDWICH ST S UNIT 440","AMHERSTBURG","ON","N9V3G5","204489166"
"CRSA1537579","Authorized to Open","Active","Cannabis Retail Store Authorization","43.394983999149","-80.273467935749","Sessions Cannabis - Fiddlesticks","825 SAGINAW PARKWAY UNIT #2","CAMBRIDGE","ON","N1T0E2","24226560"
"CRSA1537704","Authorized to Open","Active","Cannabis Retail Store Authorization","43.516894715613","-79.624144024972","Highlife 1785 Lakeshore","1785 LAKESHORE RD W","MISSISSAUGA","ON","L5J1J6","204529405"
"CRSA1537802","Authorized to Open","Active","Cannabis Retail Store Authorization","43.708339479616","-79.295415673077","Cannabis Hut Ltd.","1097 VICTORIA PARK AVE","SCARBOROUGH","ON","M4B2K2","24109067"
"CRSA1537964","Authorized to Open","Active","Cannabis Retail Store Authorization","43.721552502234","-79.263089019462","Kindling Cannabis Scarborough","559 KENNEDY RD","SCARBOROUGH","ON","M1K2B1","206601013"
"CRSA1538061","Authorized to Open","Active","Cannabis Retail Store Authorization","43.636531212198","-79.78899116618","The Cannabis Guys","8335 FINANCIAL DR UNIT 5-6","BRAMPTON","ON","L6Y1M1","71926113"
"CRSA1538566","Authorized to Open","Active","Cannabis Retail Store Authorization","43.349154309067","-79.816960068334","KINDLING CANNABIS MOUNTAINSIDE","2232 MOUNTAINSIDE DR","BURLINGTON","ON","L7P1B5","182017428"
"CRSA1538741","Authorized to Open","Active","Cannabis Retail Store Authorization","42.037451799045","-82.725418695586","Discounted Cannabis","313 MAIN ST E UNIT 13","KINGSVILLE","ON","N9Y1A7","204922323"
"CRSA1539489","Authorized to Open","Active","Cannabis Retail Store Authorization","44.607065997369","-79.418379030851","Beaverton Cannabis","7 COLBORNE ST E","ORILLIA","ON","L3V1T4","205226908"
"CRSA1540235","Authorized to Open","Active","Cannabis Retail Store Authorization","45.4313056075366","-75.6795486068441","Highties Cannabis Store","484 RIDEAU ST","OTTAWA","ON","K1N5Z4","44327916"
"CRSA1540243","Authorized to Open","Active","Cannabis Retail Store Authorization","42.588411603397","-82.385632517927","One Plant Cannabis Superstore","30 MCNAUGHTON AVE UNIT 1B","WALLACEBURG","ON","N8A1R9","205530698"
"CRSA1540247","Authorized to Open","Active","Cannabis Retail Store Authorization","45.2688563380748","-75.2955900646891","HIGHTIES CANNABIS STORE","825 NOTRE DAME ST","EMBRUN","ON","K0A1W1","66822833"
"CRSA1540250","Authorized to Open","Active","Cannabis Retail Store Authorization","45.5422150640332","-74.9747864975136","Highties Cannabis Store","5787 COUNTY RD 17","PLANTAGENET","ON","K0B1L0","82361"
"CRSA1540254","Authorized to Open","Active","Cannabis Retail Store Authorization","45.4296399911072","-75.5685500314313","HIGHTIES CANNABIS STORE","2518 - 2520 INNES ROAD","OTTAWA","ON","K1B3J9","82237088"
"CRSA1540488","Authorized to Open","Active","Cannabis Retail Store Authorization","45.311140290141","-75.589074462461","Canna Cabana","4828 BANK ST UNIT C8","OTTAWA","ON","K1X 1G6","205605913"
"CRSA1540513","Authorized to Open","Active","Cannabis Retail Store Authorization","42.296818016235","-82.750266931369","Urbnbud","1306 COUNTY RD 22","BELLE RIVER","ON","N0R1A0","209145810"
"CRSA1540560","Authorized to Open","Active","Cannabis Retail Store Authorization","44.23448700655","-76.495130870722","710 Cannabis","477 PRINCESS ST","KINGSTON","ON","K7L1C3","267010"
"CRSA1540561","Authorized to Open","Active","Cannabis Retail Store Authorization","44.2611500081891","-76.574519982829","710 Cannabis","1057 MIDLAND AVE","KINGSTON","ON","K7P2X8","84181274"
"CRSA1541220","Authorized to Open","Active","Cannabis Retail Store Authorization","42.989034598222","-81.230061185188","Velaro Cannabis","637 DUNDAS ST UNIT 102","LONDON","ON","N5W2Z1","205831069"
"CRSA1541512","Authorized to Open","Active","Cannabis Retail Store Authorization","43.67667088922","-79.505397602685","Mary Jane's","239 SCARLETT RD","YORK","ON","M6N4K8","153524282"
"CRSA1541513","Authorized to Open","Active","Cannabis Retail Store Authorization","43.9433799888675","-78.8905600266953","MARYJANE’S CANNABIS","1900 SIMCOE ST N UNIT 1","OSHAWA","ON","L1G4Y3","93827051"
"CRSA1541514","Authorized to Open","Active","Cannabis Retail Store Authorization","43.7108861842865","-79.5350068615325","MaryJane's Cannabis","2596 WESTON RD","NORTH YORK","ON","M9N2A9","135270"
"CRSA1541515","Authorized to Open","Active","Cannabis Retail Store Authorization","43.6834771474116","-79.5665140499739","MaryJane's Cannabis","418 THE WESTWAY","ETOBICOKE","ON","M9R1H6","64496109"
"CRSA1541601","Authorized to Open","Active","Cannabis Retail Store Authorization","43.755487684978","-79.47156472107","Lifted & Co. Cannabis","1170 SHEPPARD AVE W SUITE 45A","NORTH YORK","ON","M3K2A3","205983328"
"CRSA1541627","Authorized to Open","Active","Cannabis Retail Store Authorization","43.231899320722","-79.856481077083","Discounted Cannabis","550 FENNELL AVE E UNIT 6B","HAMILTON","ON","L8V4S9","206417872"
"CRSA1542507","Authorized to Open","Active","Cannabis Retail Store Authorization","43.780725888806","-79.247359372325","Cannacore","108 CORPORATE DR UNIT 21 & 22","SCARBOROUGH","ON","M1H3H9","206915428"
"CRSA1542651","Authorized to Open","Active","Cannabis Retail Store Authorization","44.765982983991","-79.933112040131","Pop's Cannabis Co.","2 POYNTZ ST UNIT 54","PENETANGUISHENE","ON","L9M1M2","206357947"
"CRSA1542870","Authorized to Open","Active","Cannabis Retail Store Authorization","45.567458679698","-75.115891804507","Big River Cannabis","7190 COUNTY ROAD 17 ","ALFRED AND PLANTAGENET","ON","K0B 3K0","207427776"
"CRSA1542965","Authorized to Open","Active","Cannabis Retail Store Authorization","44.91853999203","-79.3724199660925","Miss Jones","150 SHARPE STREET EAST, UNIT 101","GRAVENHURST","ON ","P1P 1J2","71972929"
"CRSA1542967","Authorized to Open","Active","Cannabis Retail Store Authorization","46.3816299831409","-82.64505996492","Miss Jones","40 HILLSIDE DR S UNIT 3","ELLIOT LAKE","ON","P5A1M7","69081206"
"CRSA1542968","Authorized to Open","Active","Cannabis Retail Store Authorization","43.1731086197416","-80.277872628743","Miss Jones","185 KING GEORGE RD SUITE B5","BRANTFORD","ON","N3R7R9","65964276"
"CRSA1542969","Authorized to Open","Active","Cannabis Retail Store Authorization","43.2590400070227","-81.1437399876973","Miss Jones","6 WATER ST S UNIT 4","ST MARY'S","ON","N4X 1B0","82548649"
"CRSA1542971","Authorized to Open","Active","Cannabis Retail Store Authorization","44.3287255258083","-78.3407915956343","Miss Jones","1154 CHEMONG ROAD","PETERBOROUGH","ON","K9H 7S2","69044016"
"CRSA1542972","Authorized to Open","Active","Cannabis Retail Store Authorization","44.4054069647413","-79.7041458731893","Miss Jones","400 BAYFIELD ST, UNIT G58 G59 G61","BARRIE","ON","L4M4A1","66007336"
"CRSA1542974","Authorized to Open","Active","Cannabis Retail Store Authorization","42.984289016102","-79.242427041401","Miss Jones","300 LINCOLN ST UNIT 13-14","WELLAND","ON","L3B4N4","146613035"
"CRSA1542979","Authorized to Open","Active","Cannabis Retail Store Authorization","44.6090799547197","-79.4175801522891","Miss Jones","81 MISSISSAGA ST E","ORILLIA","ON","L3V1V6","64526192"
"CRSA1543284","Authorized to Open","Active","Cannabis Retail Store Authorization","44.145069492117","-77.413043481024","BUDGET CANNABIS","481 DUNDAS ST W SUITE 3","BELLEVILLE","ON","K8P1B6","206572503"
"CRSA1543310","Authorized to Open","Active","Cannabis Retail Store Authorization","43.240367892776","-79.81073533176","Discounted Cannabis","1384 MAIN ST E UNIT 2","HAMILTON","ON","L8K1C1","206585334"
"CRSA1543404","Authorized to Open","Active","Cannabis Retail Store Authorization","43.13012499508","-80.28670497252","Sessions Cannabis - West Brant","320 COLBORNE ST W UNIT 12","BRANTFORD","ON","N3T1M2","207458075"
"CRSA1543870","Authorized to Open","Active","Cannabis Retail Store Authorization","45.01840999118","-74.713901008812","Pay Less Cannabis","155 MONTREAL RD","CORNWALL","ON","K6H1B2","24137516"
"CRSA1544171","Authorized to Open","Active","Cannabis Retail Store Authorization","43.367211317349","-79.752960381914","FIKA Cannabis","5000 NEW ST SUITE 9","BURLINGTON","ON","L7L1V1","206899788"
"CRSA1544975","Authorized to Open","Active","Cannabis Retail Store Authorization","44.265768604477","-76.626281000965","CANNAKING CANNABIS","3527 PRINCESS ST","WESTBROOK","ON","K7P 3A7","147850076"
"CRSA1545081","Authorized to Open","Active","Cannabis Retail Store Authorization","45.028370793456","-74.89682012","Moon Bud","7 MOULINETTE RD, UNIT 1","LONG SAULT","ON","K0C 1P0","207234738"
"CRSA1545187","Authorized to Open","Active","Cannabis Retail Store Authorization","42.886512984003","-79.25424192066","Paradise Cannabis","111 CLARENCE ST UNIT A1","PORT COLBORNE","ON","L3K3G2","122269743"
"CRSA1545673","Authorized to Open","Active","Cannabis Retail Store Authorization","43.9285599877725","-80.1005900092891"," SPOT420 THE CANNABIS STORE","88 FIRST ST UNIT 4B","ORANGEVILLE","ON","L9W3J6","80222948"
"CRSA1545740","Authorized to Open","Active","Cannabis Retail Store Authorization","42.036564700322","-82.600710979943","The Cannabis Retail Store","288 ERIE ST S UNIT 4","LEAMINGTON","ON","N8H3C5","211391965"
"CRSA1545856","Authorized to Open","Active","Cannabis Retail Store Authorization","43.7307161363031","-79.4665363086444","Take Me Home Cannabis","820 WILSON AVE","NORTH YORK","ON","M3K1E5","44530253"
"CRSA1546458","Authorized to Open","Active","Cannabis Retail Store Authorization","48.721315711141","-94.568811680455","High Pines","317 FOURTH ST","RAINY RIVER","ON","P0W1L0","208625434"
"CRSA1546910","Authorized to Open","Active","Cannabis Retail Store Authorization","46.3656658208982","-79.910995508444","POP’S CANNABIS CO.","12006 17 HWY E SUITE 2","STURGEON FALLS","ON","P2B3K8","77094372"
"CRSA1546915","Authorized to Open","Active","Cannabis Retail Store Authorization","48.1479600063283","-80.0453700311693","POP’S CANNABIS CO.","150 GOVERNMENT RD W UNIT 260","KIRKLAND LAKE","ON","P2N2E9","77029083"
"CRSA1546919","Authorized to Open","Active","Cannabis Retail Store Authorization","43.8296534985265","-79.1203696061022","Pop's Cannabis Co. ","1822 WHITES RD UNIT 13","PICKERING","ON","L1V4M1","270132"
"CRSA1546922","Authorized to Open","Active","Cannabis Retail Store Authorization","46.6528690924912","-80.9879772010545","Pop's Cannabis Co.","5118 OLD HIGHWAY 69 N., UNIT 2 ","HANMER","ON","P3P 1B9","79689600"
"CRSA1546927","Authorized to Open","Active","Cannabis Retail Store Authorization","44.7646399935543","-79.9295100010603","POP'S CANNABIS CO.","175 MAIN ST UNIT 4","PENETANGUISHENE","ON","L9M1L8","78570473"
"CRSA1546928","Authorized to Open","Active","Cannabis Retail Store Authorization","47.5228573284571","-79.6743926490185","POP'S CANNABIS CO.","883303 HIGHWAY 65 UNIT 11","NEW LISKEARD","ON","P0J 1P0","78036471"
"CRSA1546929","Authorized to Open","Active","Cannabis Retail Store Authorization","45.2343799943264","-76.1822200083091","Pop's Cannabis Co.","401 OTTAWA ST UNIT 6","ALMONTE","ON","K0A1A0","81314346"
"CRSA1546931","Authorized to Open","Active","Cannabis Retail Store Authorization","44.8913977641437","-76.0311115080991","Pop's Cannabis Co.","123 LOMBARD ST UNIT 9","SMITHS FALLS","ON","K7A5B8","80632507"
"CRSA1546933","Authorized to Open","Active","Cannabis Retail Store Authorization","49.4199419910784","-82.4198494649064","Pop's Cannabis Co.","25 BRUNETVILLE RD UNIT B1","KAPUSKASING","ON","P5N2E9","78806619"
"CRSA1546934","Authorized to Open","Active","Cannabis Retail Store Authorization","43.0272749877906","-82.258438020368","POP'S CANNABIS CO.","2600 LAKESHORE RD UNIT 9","BRIGHT'S GROVE","ON","N0N1C0","80632484"
"CRSA1546959","Authorized to Open","Active","Cannabis Retail Store Authorization","43.9799299901258","-80.7320499889236","Pop's Cannabis Co.","286 MAIN ST S UNIT C","MOUNT FOREST","ON","N0G 2L0","80070716"
"CRSA1546961","Authorized to Open","Active","Cannabis Retail Store Authorization","43.9108677386887","-78.7883240120795","Pop's Cannabis Co. Courtice ","1635 HWY 2 UNIT 102","COURTICE","ON","L1E 2R6","87306953"
"CRSA1546964","Authorized to Open","Active","Cannabis Retail Store Authorization","45.5985885062235","-74.6116611541716","Pop's Cannabis Co.","400 SPENCE AVE UNIT 101","HAWKESBURY","ON","K6A2Y3","86498989"
"CRSA1546965","Authorized to Open","Active","Cannabis Retail Store Authorization","43.380885602881","-81.0035613086012","Pop's Cannabis Co. Stratford","581 HURON ST UNIT 3B","STRATFORD","ON","N5A5T8","90560645"
"CRSA1546966","Authorized to Open","Active","Cannabis Retail Store Authorization","44.3639685133588","-79.6165931103899","Pop's Cannabis Co.","829 BIG BAY POINT RD UNIT D6","BARRIE","ON","L4N0G5","90560622"
"CRSA1546968","Authorized to Open","Active","Cannabis Retail Store Authorization","46.5026406942488","-80.9868519067192","Pop's Cannabis Co.","450 NOTRE DAME AVE UNIT 105B","SUDBURY","ON","P3C5K8","88062145"
"CRSA1546968","Authorized to Open","Active","Cannabis Retail Store Authorization","46.5026406942488","-80.9868519067192","Pop's Cannabis Co.","450 NOTRE DAME AVE UNIT 105B","SUDBURY","ON","P3C5K8","88062145"
"CRSA1546970","Authorized to Open","Active","Cannabis Retail Store Authorization","42.294101743269","-83.050549245583","Pop's Cannabis Co.","1940 TECUMSEH RD W","WINDSOR","ON","N9B3S5","80975260"
"CRSA1546972","Authorized to Open","Active","Cannabis Retail Store Authorization","42.3131954168497","-82.9004452391064","Pop's Cannabis Co.","11500 TECUMSEH RD E UNIT 4","WINDSOR","ON","N8N1L7","108170471"
"CRSA1546974","Authorized to Open","Active","Cannabis Retail Store Authorization","43.7642285012473","-79.6615691388313","Pop's Cannabis Co.","10 BEAUMARIS DR UNIT 11","BRAMPTON","ON","L6T0H1","110421027"
"CRSA1546978","Authorized to Open","Active","Cannabis Retail Store Authorization","43.8420910173292","-79.1052789888835","Pop's Cannabis Co.","1900 DIXIE RD UNIT 10","PICKERING","ON","L1V6M4","107987984"
"CRSA1546985","Authorized to Open","Active","Cannabis Retail Store Authorization","43.387652222713","-80.490031335731","Kroniclez","124 SEABROOK DR UNIT 107","KITCHENER","ON","N2R0R7","208581375"
"CRSA1546993","Authorized to Open","Active","Cannabis Retail Store Authorization","43.6394117868601","-79.4198551078833","Pop's Cannabis Co. ","61 HANNA AVE UNIT 3","TORONTO","ON","M6K3N7","64628487"
"CRSA1546994","Authorized to Open","Active","Cannabis Retail Store Authorization","43.5093567024494","-79.6312671339285","Pop's Cannabis Co.","960 SOUTHDOWN RD SUITE C7","MISSISSAUGA","ON","L5J2Y4","124832557"
"CRSA1546995","Authorized to Open","Active","Cannabis Retail Store Authorization","43.6113704990649","-79.6012653687975","Pop's Cannabis Co.","1125 BLOOR ST E SUITE 13","MISSISSAUGA","ON","L4Y2N6","125369166"
"CRSA1546996","Authorized to Open","Active","Cannabis Retail Store Authorization","43.909867212134","-78.715778821481","Pop's Cannabis Co.","2316 HWY 2 UNIT K2","BOWMANVILLE","ON","L1C0K5","132717723"
"CRSA1546997","Authorized to Open","Active","Cannabis Retail Store Authorization","43.5971099714637","-79.5972934098903","GANJIKA HOUSE ","801 DUNDAS STREET EAST UNIT D1-D2","MISSISSAUGA","ON","L4Y4G9","24218440"
"CRSA1546998","Authorized to Open","Active","Cannabis Retail Store Authorization","42.313863915537","-82.868426117519","Pop's Cannabis Co.","13420 TECUMSEH RD E UNIT 3","TECUMSEH","ON","N8N3N7","165773903"
"CRSA1546999","Authorized to Open","Active","Cannabis Retail Store Authorization","44.502934806283","-80.221460992574","Pop's Cannabis Co.","151 FIRST ST UNIT 2","COLLINGWOOD","ON","L9Y1A5","152163545"
"CRSA1547003","Authorized to Open","Active","Cannabis Retail Store Authorization","43.661184401094","-79.35901596181","Pop's Cannabis Co.","680 DUNDAS ST E","TORONTO","ON","M5A0W6","149494330"
"CRSA1547003","Authorized to Open","Active","Cannabis Retail Store Authorization","43.661184401094","-79.35901596181","Pop's Cannabis Co.","680 DUNDAS ST E","TORONTO","ON","M5A0W6","149494330"
"CRSA1547006","Authorized to Open","Active","Cannabis Retail Store Authorization","43.545169096228","-79.682198511289","Pop's Cannabis Co.","2136 BURNHAMTHORPE RD W UNIT E1","MISSISSAUGA","ON","L5L5Z5","147442025"
"CRSA1547007","Authorized to Open","Active","Cannabis Retail Store Authorization","43.60270549711","-79.626918518742","Pop's Cannabis Co.","377 BURNHAMTHORPE RD E UNIT 2A ","MISSISSAUGA  ","ON","L5A3Y1","160926513"
"CRSA1547019","Authorized to Open","Active","Cannabis Retail Store Authorization","44.414286792471","-79.7134346793","Pop's Cannabis Co.","534 BAYFIELD ST UNIT B","BARRIE","ON","L4M5A2","147199270"
"CRSA1547020","Authorized to Open","Active","Cannabis Retail Store Authorization","43.582958613328","-79.76194653649","Pop's Cannabis Co.","6720 MEADOWVALE TOWN CENTRE CIR UNIT D01A","MISSISSAUGA","ON","L5N4B7","160479878"
"CRSA1547023","Authorized to Open","Active","Cannabis Retail Store Authorization","45.276044297626","-75.873827159346","Pop's Cannabis Co.","1150 TERRY FOX DR UNIT 2","STITTSVILLE","ON","K2V0G7","165997400"
"CRSA1547024","Authorized to Open","Active","Cannabis Retail Store Authorization","43.014162468984","-79.228780622372","Pop's Cannabis Co.","80 PRIMEWAY DRIVE UNIT C2","WELLAND ","ON","L3B0A1","189282961"
"CRSA1547025","Authorized to Open","Active","Cannabis Retail Store Authorization","45.379837320829","-75.667601495826","Pop's Cannabis Co.","1571 BANK ST UNIT A","OTTAWA","ON","K1H7Z3","170944809"
"CRSA1547026","Authorized to Open","Active","Cannabis Retail Store Authorization","43.178620800925","-79.241741988455","Pop's Cannabis Co.","311 GENEVA ST UNIT 1","ST CATHARINES","ON","L2N2G3","171933301"
"CRSA1547031","Authorized to Open","Active","Cannabis Retail Store Authorization","43.02792391538","-80.86534124371","Pop's Cannabis Co.","223 CLARKE RD E UNIT D ","INGERSOLL","ON","N5C0E8","189878848"
"CRSA1547032","Authorized to Open","Active","Cannabis Retail Store Authorization","44.108250683224","-79.598290296084","Pop's Cannabis Co.","547 HOLLAND ST W UNIT P009","BRADFORD","ON","L3Z0C1","174427216"
"CRSA1547033","Authorized to Open","Active","Cannabis Retail Store Authorization","43.754085308758","-79.487725784764","Pop's Cannabis Co.","3685 KEELE ST UNIT 2","NORTH YORK","ON","M3J3H6","181173627"
"CRSA1547034","Authorized to Open","Active","Cannabis Retail Store Authorization","43.443989414779","-80.579000899178","Pop's Cannabis Co.","922 ERB ST W UNIT 6","WATERLOO","ON","N2T0C9","180155585"
"CRSA1547035","Authorized to Open","Active","Cannabis Retail Store Authorization","43.85937249002","-79.040651917011","Pop's Cannabis Co.","15 WESTNEY RD N SUITE 12","AJAX","ON","L1T1P5","200799358"
"CRSA1547036","Authorized to Open","Active","Cannabis Retail Store Authorization","45.044789013939","-79.329960010634","Pop's Cannabis Co.","505 MUSKOKA RD 118 W UNIT 113B","BRACEBRIDGE","ON","P1L 1T4","203272792"
"CRSA1547092","Authorized to Open","Active","Cannabis Retail Store Authorization","43.638945116493","-79.716504802795","Pop's Cannabis Co.","7070 SAINT BARBARA BLVD UNIT 28","MISSISSAUGA","ON","L5W0E6","147685261"
"CRSA1547471","Authorized to Open","Active","Cannabis Retail Store Authorization","43.7804399820885","-79.2984999619883","PAY LESS CANNABIS","3599 SHEPPARD AVE E","SCARBOROUGH","ON","M1T3K8","76984641"
"CRSA1547472","Authorized to Open","Active","Cannabis Retail Store Authorization","42.095180816061","-82.461394193797","Pay Less Cannabis","38 TALBOT RD E","WHEATLEY","ON","N0P 2P0","208039517"
"CRSA1547900","Authorized to Open","Active","Cannabis Retail Store Authorization","44.323470296489","-78.721097893417","EIGHTH CANNABIS ","2933 HIGHWAY 35 "," LINDSAY","ON","  K9V4R4","209704471"
"CRSA1548089","Authorized to Open","Active","Cannabis Retail Store Authorization","44.499775876524","-80.196563219743","JAY'S CANNABIS","503 HUME ST UNIT 1","COLLINGWOOD","ON","L9Y4H8","24256159"
"CRSA1548265","Authorized to Open","Active","Cannabis Retail Store Authorization","43.7205563746898","-79.4560957673844","Take Me Home Cannabis","3257 DUFFERIN ST","NORTH YORK","ON","M6A2T2","67123722"
"CRSA1548865","Authorized to Open","Active","Cannabis Retail Store Authorization","42.321123481878","-83.032204063159","High Roller's Cannabis","533 RIVERSIDE DR E","WINDSOR","ON","N9A2T1","24255728"
"CRSA1549511","Authorized to Open","Active","Cannabis Retail Store Authorization","43.578220197735","-79.587904782774","SOUTHSERVICE CANNABIS","466 SOUTH SERVICE RD","MISSISSAUGA","ON","L5G2S5","24217517"
"CRSA1549891","Authorized to Open","Active","Cannabis Retail Store Authorization","43.1333399997714","-80.2745600139138","INSPIRED CANNABIS CO. ","108 COLBORNE ST W UNIT D","BRANTFORD","ON","N3T1K7","69885509"
"CRSA1549896","Authorized to Open","Active","Cannabis Retail Store Authorization","43.1860494235386","-79.2517339584515","INSPIRED CANNABIS CO. ","314 LAKE ST UNIT 4","ST CATHARINES","ON","L2N4H4","64504439"
"CRSA1549902","Authorized to Open","Active","Cannabis Retail Store Authorization","43.2542241515379","-79.8671978866064"," INSPIRED CANNABIS CO. ","57 JOHN ST S","HAMILTON","ON","L8N2B9","106096"
"CRSA1550304","Authorized to Open","Active","Cannabis Retail Store Authorization","45.268683896991","-75.746646027894","Hunny Pot Cannabis","3170 GREENBANK RD UNIT 1","NEPEAN","ON","K2J4B1","209066880"
"CRSA1550842","Authorized to Open","Active","Cannabis Retail Store Authorization","43.1159900050219","-79.0974600143253","HUNNY POT CANNABIS","6161 THOROLD STONE RD UNIT 5","NIAGARA FALLS","ON","L2J1A4","75359899"
"CRSA1551646","Authorized to Open","Active","Cannabis Retail Store Authorization","43.588867016877","-79.722924837714","Kindling Cannabis Meadowvale","17 QUEEN ST N UNIT 2B","MISSISSAUGA","ON","L5N6A1","159668688"
"CRSA1551839","Authorized to Open","Active","Cannabis Retail Store Authorization","43.658259703619","-79.381336969967","Toronto Smoke","361 YONGE ST UNIT C","TORONTO","ON","M5B1S1","210255252"
"CRSA1552364","Authorized to Open","Active","Cannabis Retail Store Authorization","43.5761372109764","-79.5599450168945","WOW WORLD OF WEED","983 LAKESHORE RD E","MISSISSAUGA","ON","L5E1E5","126190749"
"CRSA1553080","Authorized to Open","Active","Cannabis Retail Store Authorization","44.017419015997","-79.803989492266","The Chroniseurs Butler","133 QUEEN ST S UNIT A","TOTTENHAM","ON","L0G1W0","211431132"
"CRSA1553499","Authorized to Open","Active","Cannabis Retail Store Authorization","43.158424605224","-79.246796024613","Greener Grass Cannabis","71 KING ST UNIT 100","ST CATHARINES","ON","L2R3H7","210227517"
"CRSA1553632","Authorized to Open","Active","Cannabis Retail Store Authorization","44.133457999739","-81.149398023798","PAY LESS CANNABIS","214 DURHAM STREET E","BROCKTON","ON","N0G 2V0","210279828"
"CRSA1553634","Authorized to Open","Active","Cannabis Retail Store Authorization","43.898507805494","-78.858589687784","The Happy Cannasseur","129 KING ST E UNIT 1","OSHAWA","ON","L1H1C2","210824871"
"CRSA1553708","Authorized to Open","Active","Cannabis Retail Store Authorization","43.5336597","-79.8605925","Grand Cannabis","1248 MAIN ST E","MILTON","ON","L9T8M7","31089331"
"CRSA1556385","Authorized to Open","Active","Cannabis Retail Store Authorization","42.589880992933","-82.179150032894","Blazing Duo","131 MAIN ST","DRESDEN","ON","N0P 1A0","211275272"
"CRSA1556404","Authorized to Open","Active","Cannabis Retail Store Authorization","43.0458999858452","-81.2600000022259","Sessions Cannabis - London North","1830 ADELAIDE ST N UNIT 5","LONDON","ON","N5X4B7","96724835"
"CRSA1556473","Authorized to Open","Active","Cannabis Retail Store Authorization","42.258006703229","-82.996053585315","KINDLING CANNABIS","3857 HOWARD AVE UNIT 4","WINDSOR","ON","N9G1N6","211292758"
"CRSA1557084","Authorized to Open","Active","Cannabis Retail Store Authorization","45.461038181307","-75.524503381701","Hunny Pot Cannabis","1615 ORLEANS BLVD UNIT 119","ORLEANS","ON","K1C7E2","211516505"
"CRSA1558122","Authorized to Open","Active","Cannabis Retail Store Authorization","43.198596594482","-79.842294705958","Tokyo Smoke Cannabis","1070 STONE CHURCH RD E UNIT 20","HAMILTON","ON","L8W3K8","58174"
"CRSA1558223","Authorized to Open","Active","Cannabis Retail Store Authorization","43.7031144585088","-79.3975553295633","Hunny Pot Cannabis","2103 YONGE ST","TORONTO","ON","M4S2A4","21006112"
"CRSA1558676","Authorized to Open","Active","Cannabis Retail Store Authorization","43.775697082177","-79.175795018289","My Guy Cannabis","4660 KINGSTON RD UNIT 2","SCARBOROUGH","ON","M1E2P9","178769012"
"CRSA1558751","Authorized to Open","Active","Cannabis Retail Store Authorization","43.0773000200639","-79.9492499697717","ONE PLANT CANNABIS SUPERSTORE","172 ARGYLE ST N UNIT 1","CALEDONIA","ON","N3W2J7","85805102"
"CRSA1560638","Authorized to Open","Active","Cannabis Retail Store Authorization","43.7677918404944","-79.4719379720519","The 420 Place Cannabis","1052A FINCH AVE W","NORTH YORK","ON","M3J2E2","97302256"
"CRSA1561231","Authorized to Open","Active","Cannabis Retail Store Authorization","42.992325501047","-81.212945925637","Sessions Cannabis - London Kellogg","100 KELLOGG LANE UNIT G-2","LONDON","ON","N5W0B4","216410592"
"CRSA1561366","Authorized to Open","Active","Cannabis Retail Store Authorization","43.7677999882809","-79.2707499951454","ONE STOP CANNABIS","1157 ELLESMERE RD UNIT 5","SCARBOROUGH","ON","M1P2X6","93474945"
"CRSA1561658","Authorized to Open","Active","Cannabis Retail Store Authorization","43.7413164604708","-79.3178926798717","Utopia Cannabis","1252 LAWRENCE AVE E UNIT 4","NORTH YORK","ON","M3A1C3","64503056"
"CRSA1561755","Authorized to Open","Active","Cannabis Retail Store Authorization","45.608482018862","-74.590078003048","CANNABIS DOS","1210 MAIN ST E","HAWKESBURY","ON","K6A1C3","213347676"
"CRSA1562372","Authorized to Open","Active","Cannabis Retail Store Authorization","43.559463803451","-79.576801778552","KINDLING CANNABIS","251 LAKESHORE RD E","MISSISSAUGA","ON","L5G1G8","148855263"
"CRSA1564601","Authorized to Open","Active","Cannabis Retail Store Authorization","43.2450868787005","-79.8301702975359","IN BLOOM CANNABIS","976 MAIN ST E","HAMILTON","ON","L8M1M8","224769"
"CRSA1565399","Authorized to Open","Active","Cannabis Retail Store Authorization","42.309951620321","-83.01183360769","Dealz Cannabis","1321 OTTAWA ST","WINDSOR","ON","N8X2E9","214874599"
"CRSA1565846","Authorized to Open","Active","Cannabis Retail Store Authorization","43.610100598824","-79.69704914824","Moonwlkr Cannabis","808 BRITANNIA RD W UNIT 111","MISSISSAUGA","ON","L5V0A7","215055141"
"CRSA1566620","Authorized to Open","Active","Cannabis Retail Store Authorization","43.7144965875699","-79.3999744393216","Hunny Pot Cannabis","2591 YONGE ST","TORONTO","ON","M4P2J1","43988223"
"CRSA1566741","Authorized to Open","Active","Cannabis Retail Store Authorization","43.4592653175161","-80.4815683795519","Sparkle Cannabis Company","376 VICTORIA ST N UNIT 5A","KITCHENER","ON","N2H5E6","105158025"
"CRSA1570305","Authorized to Open","Active","Cannabis Retail Store Authorization","45.3706600169515","-75.7329100164272","One Plant Cannabis Superstore","1234 MERIVALE RD SUITE 5","OTTAWA","ON","K2C4C3","78332229"
